Command line invocation:
    /Applications/Xcode.app/Contents/Developer/usr/bin/xcodebuild -project LocalMemory.xcodeproj -scheme LocalMemory-UI -configuration Release -derivedDataPath /Users/justinhou/Development/deepshelves/.build/S6UIDerivedData -destination platform=macOS,arch=arm64 -resultBundlePath /var/folders/8d/zjqsqgds1ybfsw5j0vd65lcm0000gn/T//deepshelves-s6.L7mUuB/S6.xcresult -disableAutomaticPackageResolution ONLY_ACTIVE_ARCH=YES "-only-testing:LocalMemoryUITests/S6PerformanceUITests" test

Build settings from command line:
    ONLY_ACTIVE_ARCH = YES

Resolve Package Graph


Resolved source packages:
  MemoryEnrichment: /Users/justinhou/Development/deepshelves/Packages/MemoryEnrichment
  MemorySearch: /Users/justinhou/Development/deepshelves/Packages/MemorySearch
  MemoryTestSupport: /Users/justinhou/Development/deepshelves/Packages/MemoryTestSupport
  MemoryDesignSystem: /Users/justinhou/Development/deepshelves/Packages/MemoryDesignSystem
  MemoryCapture: /Users/justinhou/Development/deepshelves/Packages/MemoryCapture
  GRDB: /Users/justinhou/Development/deepshelves/.build/Dependencies/GRDB.swift-a285e4ca87ec6b3584c97b0ec25fc61fec02de60 @ local
  SQLCipher: /Users/justinhou/Development/deepshelves/.build/Dependencies/SQLCipher.swift @ local
  MemoryContracts: /Users/justinhou/Development/deepshelves/Packages/MemoryContracts
  MemoryStore: /Users/justinhou/Development/deepshelves/Packages/MemoryStore
  MemoryAgentAccess: /Users/justinhou/Development/deepshelves/Packages/MemoryAgentAccess

Writing result bundle at path:
	/var/folders/8d/zjqsqgds1ybfsw5j0vd65lcm0000gn/T/deepshelves-s6.L7mUuB/S6.xcresult

ComputePackagePrebuildTargetDependencyGraph

Prepare packages

CreateBuildRequest

SendProjectDescription

CreateBuildOperation

ComputeTargetDependencyGraph
note: Building targets in dependency order
note: Target dependency graph (18 targets)
    Target 'LocalMemoryUITests' in project 'LocalMemory'
        ➜ Explicit dependency on target 'LocalMemoryApp' in project 'LocalMemory'
    Target 'LocalMemoryApp' in project 'LocalMemory'
        ➜ Explicit dependency on target 'MemoryCapture' in project 'MemoryCapture'
        ➜ Explicit dependency on target 'MemoryContracts' in project 'MemoryContracts'
        ➜ Explicit dependency on target 'MemoryDesignSystem' in project 'MemoryDesignSystem'
        ➜ Explicit dependency on target 'MemoryEnrichment' in project 'MemoryEnrichment'
        ➜ Explicit dependency on target 'MemoryStore' in project 'MemoryStore'
    Target 'MemoryStore' in project 'MemoryStore'
        ➜ Explicit dependency on target 'MemoryStore' in project 'MemoryStore'
        ➜ Explicit dependency on target 'GRDB' in project 'GRDB'
    Target 'MemoryStore' in project 'MemoryStore'
        ➜ Explicit dependency on target 'GRDB' in project 'GRDB'
    Target 'GRDB' in project 'GRDB'
        ➜ Explicit dependency on target 'GRDB' in project 'GRDB'
        ➜ Explicit dependency on target 'GRDB_GRDB' in project 'GRDB'
        ➜ Explicit dependency on target 'GRDBSQLCipher' in project 'GRDB'
        ➜ Explicit dependency on target 'SQLCipher' in project 'SQLCipher'
    Target 'GRDB' in project 'GRDB'
        ➜ Explicit dependency on target 'GRDB_GRDB' in project 'GRDB'
        ➜ Explicit dependency on target 'GRDBSQLCipher' in project 'GRDB'
        ➜ Explicit dependency on target 'SQLCipher' in project 'SQLCipher'
    Target 'GRDBSQLCipher' in project 'GRDB'
        ➜ Explicit dependency on target 'SQLCipher' in project 'SQLCipher'
    Target 'SQLCipher' in project 'SQLCipher' (no dependencies)
    Target 'GRDB_GRDB' in project 'GRDB' (no dependencies)
    Target 'MemoryEnrichment' in project 'MemoryEnrichment'
        ➜ Explicit dependency on target 'MemoryEnrichment' in project 'MemoryEnrichment'
        ➜ Explicit dependency on target 'MemoryEnrichment_MemoryEnrichment' in project 'MemoryEnrichment'
    Target 'MemoryEnrichment' in project 'MemoryEnrichment'
        ➜ Explicit dependency on target 'MemoryEnrichment_MemoryEnrichment' in project 'MemoryEnrichment'
    Target 'MemoryEnrichment_MemoryEnrichment' in project 'MemoryEnrichment' (no dependencies)
    Target 'MemoryDesignSystem' in project 'MemoryDesignSystem'
        ➜ Explicit dependency on target 'MemoryDesignSystem' in project 'MemoryDesignSystem'
    Target 'MemoryDesignSystem' in project 'MemoryDesignSystem' (no dependencies)
    Target 'MemoryContracts' in project 'MemoryContracts'
        ➜ Explicit dependency on target 'MemoryContracts' in project 'MemoryContracts'
    Target 'MemoryContracts' in project 'MemoryContracts' (no dependencies)
    Target 'MemoryCapture' in project 'MemoryCapture'
        ➜ Explicit dependency on target 'MemoryCapture' in project 'MemoryCapture'
    Target 'MemoryCapture' in project 'MemoryCapture' (no dependencies)

GatherProvisioningInputs

CreateBuildDescription

ExecuteExternalTool /Applications/Xcode.app/Contents/Developer/Toolchains/XcodeDefault.xctoolchain/usr/bin/swiftc --version

ExecuteExternalTool /Applications/Xcode.app/Contents/Developer/Toolchains/XcodeDefault.xctoolchain/usr/bin/clang -v -E -dM -arch arm64 -isysroot /Applications/Xcode.app/Contents/Developer/Platforms/MacOSX.platform/Developer/SDKs/MacOSX26.5.sdk -x c -c /dev/null

ExecuteExternalTool /Applications/Xcode.app/Contents/Developer/Toolchains/XcodeDefault.xctoolchain/usr/bin/clang -v -E -dM -isysroot /Applications/Xcode.app/Contents/Developer/Platforms/MacOSX.platform/Developer/SDKs/MacOSX26.5.sdk -x c -c /dev/null

ExecuteExternalTool /Applications/Xcode.app/Contents/Developer/Toolchains/XcodeDefault.xctoolchain/usr/bin/ld -version_details

ReadFileContents /Applications/Xcode.app/Contents/Developer/Toolchains/XcodeDefault.xctoolchain/usr/share/docc/features.json

Build description signature: 124ccefca59e96f88768f61b72dcf932
Build description path: /Users/justinhou/Development/deepshelves/.build/S6UIDerivedData/Build/Intermediates.noindex/XCBuildData/124ccefca59e96f88768f61b72dcf932.xcbuilddata
ClangStatCache /Applications/Xcode.app/Contents/Developer/Toolchains/XcodeDefault.xctoolchain/usr/bin/clang-stat-cache /Applications/Xcode.app/Contents/Developer/Platforms/MacOSX.platform/Developer/SDKs/MacOSX26.5.sdk /Users/justinhou/Development/deepshelves/.build/S6UIDerivedData/SDKStatCaches.noindex/macosx26.5-25F70-e082c4a02f00227109f4ed75e425c832.sdkstatcache
    cd /Users/justinhou/Development/deepshelves/LocalMemory.xcodeproj
    /Applications/Xcode.app/Contents/Developer/Toolchains/XcodeDefault.xctoolchain/usr/bin/clang-stat-cache /Applications/Xcode.app/Contents/Developer/Platforms/MacOSX.platform/Developer/SDKs/MacOSX26.5.sdk -o /Users/justinhou/Development/deepshelves/.build/S6UIDerivedData/SDKStatCaches.noindex/macosx26.5-25F70-e082c4a02f00227109f4ed75e425c832.sdkstatcache

CreateBuildDirectory /Users/justinhou/Development/deepshelves/.build/S6UIDerivedData/Build/Products
    cd /Users/justinhou/Development/deepshelves/LocalMemory.xcodeproj
    builtin-create-build-directory /Users/justinhou/Development/deepshelves/.build/S6UIDerivedData/Build/Products

CreateBuildDirectory /Users/justinhou/Development/deepshelves/.build/S6UIDerivedData/Build/Intermediates.noindex
    cd /Users/justinhou/Development/deepshelves/LocalMemory.xcodeproj
    builtin-create-build-directory /Users/justinhou/Development/deepshelves/.build/S6UIDerivedData/Build/Intermediates.noindex

CreateBuildDirectory /Users/justinhou/Development/deepshelves/.build/S6UIDerivedData/Build/Intermediates.noindex/SwiftExplicitPrecompiledModules
    cd /Users/justinhou/Development/deepshelves/LocalMemory.xcodeproj
    builtin-create-build-directory /Users/justinhou/Development/deepshelves/.build/S6UIDerivedData/Build/Intermediates.noindex/SwiftExplicitPrecompiledModules

CreateBuildDirectory /Users/justinhou/Development/deepshelves/.build/S6UIDerivedData/Build/Products/Release
    cd /Users/justinhou/Development/deepshelves/LocalMemory.xcodeproj
    builtin-create-build-directory /Users/justinhou/Development/deepshelves/.build/S6UIDerivedData/Build/Products/Release

CreateBuildDirectory /Users/justinhou/Development/deepshelves/.build/S6UIDerivedData/Build/Intermediates.noindex/ExplicitPrecompiledModules
    cd /Users/justinhou/Development/deepshelves/LocalMemory.xcodeproj
    builtin-create-build-directory /Users/justinhou/Development/deepshelves/.build/S6UIDerivedData/Build/Intermediates.noindex/ExplicitPrecompiledModules

CreateBuildDirectory /Users/justinhou/Development/deepshelves/.build/S6UIDerivedData/Build/Intermediates.noindex/EagerLinkingTBDs/Release
    cd /Users/justinhou/Development/deepshelves/LocalMemory.xcodeproj
    builtin-create-build-directory /Users/justinhou/Development/deepshelves/.build/S6UIDerivedData/Build/Intermediates.noindex/EagerLinkingTBDs/Release

WriteAuxiliaryFile /Users/justinhou/Development/deepshelves/.build/S6UIDerivedData/Build/Intermediates.noindex/LocalMemory.build/Release/LocalMemory-a2f6a35635c1f574034e85928886420d-VFS/all-product-headers.yaml
    cd /Users/justinhou/Development/deepshelves/LocalMemory.xcodeproj
    write-file /Users/justinhou/Development/deepshelves/.build/S6UIDerivedData/Build/Intermediates.noindex/LocalMemory.build/Release/LocalMemory-a2f6a35635c1f574034e85928886420d-VFS/all-product-headers.yaml

CreateBuildDirectory /Users/justinhou/Development/deepshelves/.build/S6UIDerivedData/Build/Products/Release/PackageFrameworks
    cd /Users/justinhou/Development/deepshelves/LocalMemory.xcodeproj
    builtin-create-build-directory /Users/justinhou/Development/deepshelves/.build/S6UIDerivedData/Build/Products/Release/PackageFrameworks

MkDir /Users/justinhou/Development/deepshelves/.build/S6UIDerivedData/Build/Products/Release/GRDB_GRDB.bundle (in target 'GRDB_GRDB' from project 'GRDB')
    cd /Users/justinhou/Development/deepshelves/.build/Dependencies/GRDB.swift-a285e4ca87ec6b3584c97b0ec25fc61fec02de60
    /bin/mkdir -p /Users/justinhou/Development/deepshelves/.build/S6UIDerivedData/Build/Products/Release/GRDB_GRDB.bundle

MkDir /Users/justinhou/Development/deepshelves/.build/S6UIDerivedData/Build/Products/Release/GRDB_GRDB.bundle/Contents (in target 'GRDB_GRDB' from project 'GRDB')
    cd /Users/justinhou/Development/deepshelves/.build/Dependencies/GRDB.swift-a285e4ca87ec6b3584c97b0ec25fc61fec02de60
    /bin/mkdir -p /Users/justinhou/Development/deepshelves/.build/S6UIDerivedData/Build/Products/Release/GRDB_GRDB.bundle/Contents

WriteAuxiliaryFile /Users/justinhou/Development/deepshelves/.build/S6UIDerivedData/Build/Intermediates.noindex/LocalMemory.build/Release/LocalMemoryUITests.build/ProductTypeInfoPlistAdditions.plist (in target 'LocalMemoryUITests' from project 'LocalMemory')
    cd /Users/justinhou/Development/deepshelves
    write-file /Users/justinhou/Development/deepshelves/.build/S6UIDerivedData/Build/Intermediates.noindex/LocalMemory.build/Release/LocalMemoryUITests.build/ProductTypeInfoPlistAdditions.plist

WriteAuxiliaryFile /Users/justinhou/Development/deepshelves/.build/S6UIDerivedData/Build/Intermediates.noindex/LocalMemory.build/Release/LocalMemoryUITests.build/empty-LocalMemoryUITests.plist (in target 'LocalMemoryUITests' from project 'LocalMemory')
    cd /Users/justinhou/Development/deepshelves
    write-file /Users/justinhou/Development/deepshelves/.build/S6UIDerivedData/Build/Intermediates.noindex/LocalMemory.build/Release/LocalMemoryUITests.build/empty-LocalMemoryUITests.plist

MkDir /Users/justinhou/Development/deepshelves/.build/S6UIDerivedData/Build/Products/Release/GRDB_GRDB.bundle/Contents/Resources (in target 'GRDB_GRDB' from project 'GRDB')
    cd /Users/justinhou/Development/deepshelves/.build/Dependencies/GRDB.swift-a285e4ca87ec6b3584c97b0ec25fc61fec02de60
    /bin/mkdir -p /Users/justinhou/Development/deepshelves/.build/S6UIDerivedData/Build/Products/Release/GRDB_GRDB.bundle/Contents/Resources

WriteAuxiliaryFile /Users/justinhou/Development/deepshelves/.build/S6UIDerivedData/Build/Intermediates.noindex/GRDB.build/Release/GRDB_GRDB.build/empty-GRDB_GRDB.plist (in target 'GRDB_GRDB' from project 'GRDB')
    cd /Users/justinhou/Development/deepshelves/.build/Dependencies/GRDB.swift-a285e4ca87ec6b3584c97b0ec25fc61fec02de60
    write-file /Users/justinhou/Development/deepshelves/.build/S6UIDerivedData/Build/Intermediates.noindex/GRDB.build/Release/GRDB_GRDB.build/empty-GRDB_GRDB.plist

WriteAuxiliaryFile /Users/justinhou/Development/deepshelves/.build/S6UIDerivedData/Build/Intermediates.noindex/GRDB.build/Release/GRDB_GRDB.build/GRDB_GRDB.DependencyMetadataFileList (in target 'GRDB_GRDB' from project 'GRDB')
    cd /Users/justinhou/Development/deepshelves/.build/Dependencies/GRDB.swift-a285e4ca87ec6b3584c97b0ec25fc61fec02de60
    write-file /Users/justinhou/Development/deepshelves/.build/S6UIDerivedData/Build/Intermediates.noindex/GRDB.build/Release/GRDB_GRDB.build/GRDB_GRDB.DependencyMetadataFileList

WriteAuxiliaryFile /Users/justinhou/Development/deepshelves/.build/S6UIDerivedData/Build/Intermediates.noindex/GRDB.build/Release/GRDB_GRDB.build/GRDB_GRDB.DependencyStaticMetadataFileList (in target 'GRDB_GRDB' from project 'GRDB')
    cd /Users/justinhou/Development/deepshelves/.build/Dependencies/GRDB.swift-a285e4ca87ec6b3584c97b0ec25fc61fec02de60
    write-file /Users/justinhou/Development/deepshelves/.build/S6UIDerivedData/Build/Intermediates.noindex/GRDB.build/Release/GRDB_GRDB.build/GRDB_GRDB.DependencyStaticMetadataFileList

WriteAuxiliaryFile /Users/justinhou/Development/deepshelves/.build/S6UIDerivedData/Build/Intermediates.noindex/LocalMemory.build/Release/LocalMemoryUITests.build/Objects-normal/arm64/LocalMemoryUITests_const_extract_protocols.json (in target 'LocalMemoryUITests' from project 'LocalMemory')
    cd /Users/justinhou/Development/deepshelves
    write-file /Users/justinhou/Development/deepshelves/.build/S6UIDerivedData/Build/Intermediates.noindex/LocalMemory.build/Release/LocalMemoryUITests.build/Objects-normal/arm64/LocalMemoryUITests_const_extract_protocols.json

WriteAuxiliaryFile /Users/justinhou/Development/deepshelves/.build/S6UIDerivedData/Build/Intermediates.noindex/MemoryStore.build/Release/MemoryStore.build/Objects-normal/arm64/MemoryStore_const_extract_protocols.json (in target 'MemoryStore' from project 'MemoryStore')
    cd /Users/justinhou/Development/deepshelves/Packages/MemoryStore
    write-file /Users/justinhou/Development/deepshelves/.build/S6UIDerivedData/Build/Intermediates.noindex/MemoryStore.build/Release/MemoryStore.build/Objects-normal/arm64/MemoryStore_const_extract_protocols.json

WriteAuxiliaryFile /Users/justinhou/Development/deepshelves/.build/S6UIDerivedData/Build/Intermediates.noindex/MemoryStore.build/Release/MemoryStore.build/Objects-normal/arm64/MemoryStore.SwiftFileList (in target 'MemoryStore' from project 'MemoryStore')
    cd /Users/justinhou/Development/deepshelves/Packages/MemoryStore
    write-file /Users/justinhou/Development/deepshelves/.build/S6UIDerivedData/Build/Intermediates.noindex/MemoryStore.build/Release/MemoryStore.build/Objects-normal/arm64/MemoryStore.SwiftFileList

WriteAuxiliaryFile /Users/justinhou/Development/deepshelves/.build/S6UIDerivedData/Build/Intermediates.noindex/MemoryStore.build/Release/MemoryStore.build/Objects-normal/arm64/MemoryStore.SwiftConstValuesFileList (in target 'MemoryStore' from project 'MemoryStore')
    cd /Users/justinhou/Development/deepshelves/Packages/MemoryStore
    write-file /Users/justinhou/Development/deepshelves/.build/S6UIDerivedData/Build/Intermediates.noindex/MemoryStore.build/Release/MemoryStore.build/Objects-normal/arm64/MemoryStore.SwiftConstValuesFileList

WriteAuxiliaryFile /Users/justinhou/Development/deepshelves/.build/S6UIDerivedData/Build/Intermediates.noindex/MemoryStore.build/Release/MemoryStore.build/Objects-normal/arm64/MemoryStore.LinkFileList (in target 'MemoryStore' from project 'MemoryStore')
    cd /Users/justinhou/Development/deepshelves/Packages/MemoryStore
    write-file /Users/justinhou/Development/deepshelves/.build/S6UIDerivedData/Build/Intermediates.noindex/MemoryStore.build/Release/MemoryStore.build/Objects-normal/arm64/MemoryStore.LinkFileList

WriteAuxiliaryFile /Users/justinhou/Development/deepshelves/.build/S6UIDerivedData/Build/Intermediates.noindex/MemoryStore.build/Release/MemoryStore.build/Objects-normal/arm64/MemoryStore-OutputFileMap.json (in target 'MemoryStore' from project 'MemoryStore')
    cd /Users/justinhou/Development/deepshelves/Packages/MemoryStore
    write-file /Users/justinhou/Development/deepshelves/.build/S6UIDerivedData/Build/Intermediates.noindex/MemoryStore.build/Release/MemoryStore.build/Objects-normal/arm64/MemoryStore-OutputFileMap.json

WriteAuxiliaryFile /Users/justinhou/Development/deepshelves/.build/S6UIDerivedData/Build/Intermediates.noindex/MemoryStore.build/Release/MemoryStore.build/MemoryStore.modulemap (in target 'MemoryStore' from project 'MemoryStore')
    cd /Users/justinhou/Development/deepshelves/Packages/MemoryStore
    write-file /Users/justinhou/Development/deepshelves/.build/S6UIDerivedData/Build/Intermediates.noindex/MemoryStore.build/Release/MemoryStore.build/MemoryStore.modulemap

WriteAuxiliaryFile /Users/justinhou/Development/deepshelves/.build/S6UIDerivedData/Build/Intermediates.noindex/MemoryStore.build/Release/MemoryStore.build/MemoryStore.DependencyStaticMetadataFileList (in target 'MemoryStore' from project 'MemoryStore')
    cd /Users/justinhou/Development/deepshelves/Packages/MemoryStore
    write-file /Users/justinhou/Development/deepshelves/.build/S6UIDerivedData/Build/Intermediates.noindex/MemoryStore.build/Release/MemoryStore.build/MemoryStore.DependencyStaticMetadataFileList

WriteAuxiliaryFile /Users/justinhou/Development/deepshelves/.build/S6UIDerivedData/Build/Intermediates.noindex/MemoryStore.build/Release/MemoryStore.build/MemoryStore.DependencyMetadataFileList (in target 'MemoryStore' from project 'MemoryStore')
    cd /Users/justinhou/Development/deepshelves/Packages/MemoryStore
    write-file /Users/justinhou/Development/deepshelves/.build/S6UIDerivedData/Build/Intermediates.noindex/MemoryStore.build/Release/MemoryStore.build/MemoryStore.DependencyMetadataFileList

WriteAuxiliaryFile /Users/justinhou/Development/deepshelves/.build/S6UIDerivedData/Build/Intermediates.noindex/MemoryEnrichment.build/Release/MemoryEnrichment_MemoryEnrichment.build/MemoryEnrichment_MemoryEnrichment.DependencyMetadataFileList (in target 'MemoryEnrichment_MemoryEnrichment' from project 'MemoryEnrichment')
    cd /Users/justinhou/Development/deepshelves/Packages/MemoryEnrichment
    write-file /Users/justinhou/Development/deepshelves/.build/S6UIDerivedData/Build/Intermediates.noindex/MemoryEnrichment.build/Release/MemoryEnrichment_MemoryEnrichment.build/MemoryEnrichment_MemoryEnrichment.DependencyMetadataFileList

WriteAuxiliaryFile /Users/justinhou/Development/deepshelves/.build/S6UIDerivedData/Build/Intermediates.noindex/MemoryEnrichment.build/Release/MemoryEnrichment_MemoryEnrichment.build/empty-MemoryEnrichment_MemoryEnrichment.plist (in target 'MemoryEnrichment_MemoryEnrichment' from project 'MemoryEnrichment')
    cd /Users/justinhou/Development/deepshelves/Packages/MemoryEnrichment
    write-file /Users/justinhou/Development/deepshelves/.build/S6UIDerivedData/Build/Intermediates.noindex/MemoryEnrichment.build/Release/MemoryEnrichment_MemoryEnrichment.build/empty-MemoryEnrichment_MemoryEnrichment.plist

WriteAuxiliaryFile /Users/justinhou/Development/deepshelves/.build/S6UIDerivedData/Build/Intermediates.noindex/MemoryEnrichment.build/Release/MemoryEnrichment_MemoryEnrichment.build/MemoryEnrichment_MemoryEnrichment.DependencyStaticMetadataFileList (in target 'MemoryEnrichment_MemoryEnrichment' from project 'MemoryEnrichment')
    cd /Users/justinhou/Development/deepshelves/Packages/MemoryEnrichment
    write-file /Users/justinhou/Development/deepshelves/.build/S6UIDerivedData/Build/Intermediates.noindex/MemoryEnrichment.build/Release/MemoryEnrichment_MemoryEnrichment.build/MemoryEnrichment_MemoryEnrichment.DependencyStaticMetadataFileList

WriteAuxiliaryFile /Users/justinhou/Development/deepshelves/.build/S6UIDerivedData/Build/Intermediates.noindex/MemoryEnrichment.build/Release/MemoryEnrichment.build/Objects-normal/arm64/MemoryEnrichment_const_extract_protocols.json (in target 'MemoryEnrichment' from project 'MemoryEnrichment')
    cd /Users/justinhou/Development/deepshelves/Packages/MemoryEnrichment
    write-file /Users/justinhou/Development/deepshelves/.build/S6UIDerivedData/Build/Intermediates.noindex/MemoryEnrichment.build/Release/MemoryEnrichment.build/Objects-normal/arm64/MemoryEnrichment_const_extract_protocols.json

WriteAuxiliaryFile /Users/justinhou/Development/deepshelves/.build/S6UIDerivedData/Build/Intermediates.noindex/MemoryEnrichment.build/Release/MemoryEnrichment.build/Objects-normal/arm64/MemoryEnrichment.SwiftConstValuesFileList (in target 'MemoryEnrichment' from project 'MemoryEnrichment')
    cd /Users/justinhou/Development/deepshelves/Packages/MemoryEnrichment
    write-file /Users/justinhou/Development/deepshelves/.build/S6UIDerivedData/Build/Intermediates.noindex/MemoryEnrichment.build/Release/MemoryEnrichment.build/Objects-normal/arm64/MemoryEnrichment.SwiftConstValuesFileList

WriteAuxiliaryFile /Users/justinhou/Development/deepshelves/.build/S6UIDerivedData/Build/Intermediates.noindex/MemoryEnrichment.build/Release/MemoryEnrichment.build/Objects-normal/arm64/MemoryEnrichment.SwiftFileList (in target 'MemoryEnrichment' from project 'MemoryEnrichment')
    cd /Users/justinhou/Development/deepshelves/Packages/MemoryEnrichment
    write-file /Users/justinhou/Development/deepshelves/.build/S6UIDerivedData/Build/Intermediates.noindex/MemoryEnrichment.build/Release/MemoryEnrichment.build/Objects-normal/arm64/MemoryEnrichment.SwiftFileList

WriteAuxiliaryFile /Users/justinhou/Development/deepshelves/.build/S6UIDerivedData/Build/Intermediates.noindex/MemoryEnrichment.build/Release/MemoryEnrichment.build/Objects-normal/arm64/MemoryEnrichment.LinkFileList (in target 'MemoryEnrichment' from project 'MemoryEnrichment')
    cd /Users/justinhou/Development/deepshelves/Packages/MemoryEnrichment
    write-file /Users/justinhou/Development/deepshelves/.build/S6UIDerivedData/Build/Intermediates.noindex/MemoryEnrichment.build/Release/MemoryEnrichment.build/Objects-normal/arm64/MemoryEnrichment.LinkFileList

WriteAuxiliaryFile /Users/justinhou/Development/deepshelves/.build/S6UIDerivedData/Build/Intermediates.noindex/MemoryEnrichment.build/Release/MemoryEnrichment.build/Objects-normal/arm64/MemoryEnrichment-OutputFileMap.json (in target 'MemoryEnrichment' from project 'MemoryEnrichment')
    cd /Users/justinhou/Development/deepshelves/Packages/MemoryEnrichment
    write-file /Users/justinhou/Development/deepshelves/.build/S6UIDerivedData/Build/Intermediates.noindex/MemoryEnrichment.build/Release/MemoryEnrichment.build/Objects-normal/arm64/MemoryEnrichment-OutputFileMap.json

WriteAuxiliaryFile /Users/justinhou/Development/deepshelves/.build/S6UIDerivedData/Build/Intermediates.noindex/MemoryEnrichment.build/Release/MemoryEnrichment.build/MemoryEnrichment.modulemap (in target 'MemoryEnrichment' from project 'MemoryEnrichment')
    cd /Users/justinhou/Development/deepshelves/Packages/MemoryEnrichment
    write-file /Users/justinhou/Development/deepshelves/.build/S6UIDerivedData/Build/Intermediates.noindex/MemoryEnrichment.build/Release/MemoryEnrichment.build/MemoryEnrichment.modulemap

WriteAuxiliaryFile /Users/justinhou/Development/deepshelves/.build/S6UIDerivedData/Build/Intermediates.noindex/MemoryEnrichment.build/Release/MemoryEnrichment.build/MemoryEnrichment.DependencyStaticMetadataFileList (in target 'MemoryEnrichment' from project 'MemoryEnrichment')
    cd /Users/justinhou/Development/deepshelves/Packages/MemoryEnrichment
    write-file /Users/justinhou/Development/deepshelves/.build/S6UIDerivedData/Build/Intermediates.noindex/MemoryEnrichment.build/Release/MemoryEnrichment.build/MemoryEnrichment.DependencyStaticMetadataFileList

WriteAuxiliaryFile /Users/justinhou/Development/deepshelves/.build/S6UIDerivedData/Build/Intermediates.noindex/MemoryEnrichment.build/Release/MemoryEnrichment.build/MemoryEnrichment.DependencyMetadataFileList (in target 'MemoryEnrichment' from project 'MemoryEnrichment')
    cd /Users/justinhou/Development/deepshelves/Packages/MemoryEnrichment
    write-file /Users/justinhou/Development/deepshelves/.build/S6UIDerivedData/Build/Intermediates.noindex/MemoryEnrichment.build/Release/MemoryEnrichment.build/MemoryEnrichment.DependencyMetadataFileList

WriteAuxiliaryFile /Users/justinhou/Development/deepshelves/.build/S6UIDerivedData/Build/Intermediates.noindex/MemoryEnrichment.build/Release/MemoryEnrichment.build/DerivedSources/resource_bundle_accessor.swift (in target 'MemoryEnrichment' from project 'MemoryEnrichment')
    cd /Users/justinhou/Development/deepshelves/Packages/MemoryEnrichment
    write-file /Users/justinhou/Development/deepshelves/.build/S6UIDerivedData/Build/Intermediates.noindex/MemoryEnrichment.build/Release/MemoryEnrichment.build/DerivedSources/resource_bundle_accessor.swift

WriteAuxiliaryFile /Users/justinhou/Development/deepshelves/.build/S6UIDerivedData/Build/Intermediates.noindex/MemoryDesignSystem.build/Release/MemoryDesignSystem.build/Objects-normal/arm64/MemoryDesignSystem.SwiftFileList (in target 'MemoryDesignSystem' from project 'MemoryDesignSystem')
    cd /Users/justinhou/Development/deepshelves/Packages/MemoryDesignSystem
    write-file /Users/justinhou/Development/deepshelves/.build/S6UIDerivedData/Build/Intermediates.noindex/MemoryDesignSystem.build/Release/MemoryDesignSystem.build/Objects-normal/arm64/MemoryDesignSystem.SwiftFileList

WriteAuxiliaryFile /Users/justinhou/Development/deepshelves/.build/S6UIDerivedData/Build/Intermediates.noindex/MemoryDesignSystem.build/Release/MemoryDesignSystem.build/Objects-normal/arm64/MemoryDesignSystem_const_extract_protocols.json (in target 'MemoryDesignSystem' from project 'MemoryDesignSystem')
    cd /Users/justinhou/Development/deepshelves/Packages/MemoryDesignSystem
    write-file /Users/justinhou/Development/deepshelves/.build/S6UIDerivedData/Build/Intermediates.noindex/MemoryDesignSystem.build/Release/MemoryDesignSystem.build/Objects-normal/arm64/MemoryDesignSystem_const_extract_protocols.json

WriteAuxiliaryFile /Users/justinhou/Development/deepshelves/.build/S6UIDerivedData/Build/Intermediates.noindex/MemoryDesignSystem.build/Release/MemoryDesignSystem.build/Objects-normal/arm64/MemoryDesignSystem.SwiftConstValuesFileList (in target 'MemoryDesignSystem' from project 'MemoryDesignSystem')
    cd /Users/justinhou/Development/deepshelves/Packages/MemoryDesignSystem
    write-file /Users/justinhou/Development/deepshelves/.build/S6UIDerivedData/Build/Intermediates.noindex/MemoryDesignSystem.build/Release/MemoryDesignSystem.build/Objects-normal/arm64/MemoryDesignSystem.SwiftConstValuesFileList

WriteAuxiliaryFile /Users/justinhou/Development/deepshelves/.build/S6UIDerivedData/Build/Intermediates.noindex/MemoryDesignSystem.build/Release/MemoryDesignSystem.build/Objects-normal/arm64/MemoryDesignSystem.LinkFileList (in target 'MemoryDesignSystem' from project 'MemoryDesignSystem')
    cd /Users/justinhou/Development/deepshelves/Packages/MemoryDesignSystem
    write-file /Users/justinhou/Development/deepshelves/.build/S6UIDerivedData/Build/Intermediates.noindex/MemoryDesignSystem.build/Release/MemoryDesignSystem.build/Objects-normal/arm64/MemoryDesignSystem.LinkFileList

WriteAuxiliaryFile /Users/justinhou/Development/deepshelves/.build/S6UIDerivedData/Build/Intermediates.noindex/MemoryDesignSystem.build/Release/MemoryDesignSystem.build/Objects-normal/arm64/MemoryDesignSystem-OutputFileMap.json (in target 'MemoryDesignSystem' from project 'MemoryDesignSystem')
    cd /Users/justinhou/Development/deepshelves/Packages/MemoryDesignSystem
    write-file /Users/justinhou/Development/deepshelves/.build/S6UIDerivedData/Build/Intermediates.noindex/MemoryDesignSystem.build/Release/MemoryDesignSystem.build/Objects-normal/arm64/MemoryDesignSystem-OutputFileMap.json

WriteAuxiliaryFile /Users/justinhou/Development/deepshelves/.build/S6UIDerivedData/Build/Intermediates.noindex/MemoryDesignSystem.build/Release/MemoryDesignSystem.build/MemoryDesignSystem.modulemap (in target 'MemoryDesignSystem' from project 'MemoryDesignSystem')
    cd /Users/justinhou/Development/deepshelves/Packages/MemoryDesignSystem
    write-file /Users/justinhou/Development/deepshelves/.build/S6UIDerivedData/Build/Intermediates.noindex/MemoryDesignSystem.build/Release/MemoryDesignSystem.build/MemoryDesignSystem.modulemap

WriteAuxiliaryFile /Users/justinhou/Development/deepshelves/.build/S6UIDerivedData/Build/Intermediates.noindex/MemoryDesignSystem.build/Release/MemoryDesignSystem.build/MemoryDesignSystem.DependencyStaticMetadataFileList (in target 'MemoryDesignSystem' from project 'MemoryDesignSystem')
    cd /Users/justinhou/Development/deepshelves/Packages/MemoryDesignSystem
    write-file /Users/justinhou/Development/deepshelves/.build/S6UIDerivedData/Build/Intermediates.noindex/MemoryDesignSystem.build/Release/MemoryDesignSystem.build/MemoryDesignSystem.DependencyStaticMetadataFileList

WriteAuxiliaryFile /Users/justinhou/Development/deepshelves/.build/S6UIDerivedData/Build/Intermediates.noindex/MemoryDesignSystem.build/Release/MemoryDesignSystem.build/MemoryDesignSystem.DependencyMetadataFileList (in target 'MemoryDesignSystem' from project 'MemoryDesignSystem')
    cd /Users/justinhou/Development/deepshelves/Packages/MemoryDesignSystem
    write-file /Users/justinhou/Development/deepshelves/.build/S6UIDerivedData/Build/Intermediates.noindex/MemoryDesignSystem.build/Release/MemoryDesignSystem.build/MemoryDesignSystem.DependencyMetadataFileList

WriteAuxiliaryFile /Users/justinhou/Development/deepshelves/.build/S6UIDerivedData/Build/Intermediates.noindex/MemoryContracts.build/Release/MemoryContracts.build/Objects-normal/arm64/MemoryContracts.SwiftFileList (in target 'MemoryContracts' from project 'MemoryContracts')
    cd /Users/justinhou/Development/deepshelves/Packages/MemoryContracts
    write-file /Users/justinhou/Development/deepshelves/.build/S6UIDerivedData/Build/Intermediates.noindex/MemoryContracts.build/Release/MemoryContracts.build/Objects-normal/arm64/MemoryContracts.SwiftFileList

WriteAuxiliaryFile /Users/justinhou/Development/deepshelves/.build/S6UIDerivedData/Build/Intermediates.noindex/MemoryContracts.build/Release/MemoryContracts.build/Objects-normal/arm64/MemoryContracts_const_extract_protocols.json (in target 'MemoryContracts' from project 'MemoryContracts')
    cd /Users/justinhou/Development/deepshelves/Packages/MemoryContracts
    write-file /Users/justinhou/Development/deepshelves/.build/S6UIDerivedData/Build/Intermediates.noindex/MemoryContracts.build/Release/MemoryContracts.build/Objects-normal/arm64/MemoryContracts_const_extract_protocols.json

WriteAuxiliaryFile /Users/justinhou/Development/deepshelves/.build/S6UIDerivedData/Build/Intermediates.noindex/MemoryContracts.build/Release/MemoryContracts.build/Objects-normal/arm64/MemoryContracts.SwiftConstValuesFileList (in target 'MemoryContracts' from project 'MemoryContracts')
    cd /Users/justinhou/Development/deepshelves/Packages/MemoryContracts
    write-file /Users/justinhou/Development/deepshelves/.build/S6UIDerivedData/Build/Intermediates.noindex/MemoryContracts.build/Release/MemoryContracts.build/Objects-normal/arm64/MemoryContracts.SwiftConstValuesFileList

WriteAuxiliaryFile /Users/justinhou/Development/deepshelves/.build/S6UIDerivedData/Build/Intermediates.noindex/MemoryContracts.build/Release/MemoryContracts.build/Objects-normal/arm64/MemoryContracts.LinkFileList (in target 'MemoryContracts' from project 'MemoryContracts')
    cd /Users/justinhou/Development/deepshelves/Packages/MemoryContracts
    write-file /Users/justinhou/Development/deepshelves/.build/S6UIDerivedData/Build/Intermediates.noindex/MemoryContracts.build/Release/MemoryContracts.build/Objects-normal/arm64/MemoryContracts.LinkFileList

WriteAuxiliaryFile /Users/justinhou/Development/deepshelves/.build/S6UIDerivedData/Build/Intermediates.noindex/MemoryContracts.build/Release/MemoryContracts.build/Objects-normal/arm64/MemoryContracts-OutputFileMap.json (in target 'MemoryContracts' from project 'MemoryContracts')
    cd /Users/justinhou/Development/deepshelves/Packages/MemoryContracts
    write-file /Users/justinhou/Development/deepshelves/.build/S6UIDerivedData/Build/Intermediates.noindex/MemoryContracts.build/Release/MemoryContracts.build/Objects-normal/arm64/MemoryContracts-OutputFileMap.json

WriteAuxiliaryFile /Users/justinhou/Development/deepshelves/.build/S6UIDerivedData/Build/Intermediates.noindex/MemoryContracts.build/Release/MemoryContracts.build/MemoryContracts.modulemap (in target 'MemoryContracts' from project 'MemoryContracts')
    cd /Users/justinhou/Development/deepshelves/Packages/MemoryContracts
    write-file /Users/justinhou/Development/deepshelves/.build/S6UIDerivedData/Build/Intermediates.noindex/MemoryContracts.build/Release/MemoryContracts.build/MemoryContracts.modulemap

WriteAuxiliaryFile /Users/justinhou/Development/deepshelves/.build/S6UIDerivedData/Build/Intermediates.noindex/MemoryContracts.build/Release/MemoryContracts.build/MemoryContracts.DependencyStaticMetadataFileList (in target 'MemoryContracts' from project 'MemoryContracts')
    cd /Users/justinhou/Development/deepshelves/Packages/MemoryContracts
    write-file /Users/justinhou/Development/deepshelves/.build/S6UIDerivedData/Build/Intermediates.noindex/MemoryContracts.build/Release/MemoryContracts.build/MemoryContracts.DependencyStaticMetadataFileList

WriteAuxiliaryFile /Users/justinhou/Development/deepshelves/.build/S6UIDerivedData/Build/Intermediates.noindex/MemoryContracts.build/Release/MemoryContracts.build/MemoryContracts.DependencyMetadataFileList (in target 'MemoryContracts' from project 'MemoryContracts')
    cd /Users/justinhou/Development/deepshelves/Packages/MemoryContracts
    write-file /Users/justinhou/Development/deepshelves/.build/S6UIDerivedData/Build/Intermediates.noindex/MemoryContracts.build/Release/MemoryContracts.build/MemoryContracts.DependencyMetadataFileList

WriteAuxiliaryFile /Users/justinhou/Development/deepshelves/.build/S6UIDerivedData/Build/Intermediates.noindex/MemoryCapture.build/Release/MemoryCapture.build/Objects-normal/arm64/MemoryCapture_const_extract_protocols.json (in target 'MemoryCapture' from project 'MemoryCapture')
    cd /Users/justinhou/Development/deepshelves/Packages/MemoryCapture
    write-file /Users/justinhou/Development/deepshelves/.build/S6UIDerivedData/Build/Intermediates.noindex/MemoryCapture.build/Release/MemoryCapture.build/Objects-normal/arm64/MemoryCapture_const_extract_protocols.json

WriteAuxiliaryFile /Users/justinhou/Development/deepshelves/.build/S6UIDerivedData/Build/Intermediates.noindex/MemoryCapture.build/Release/MemoryCapture.build/Objects-normal/arm64/MemoryCapture.SwiftFileList (in target 'MemoryCapture' from project 'MemoryCapture')
    cd /Users/justinhou/Development/deepshelves/Packages/MemoryCapture
    write-file /Users/justinhou/Development/deepshelves/.build/S6UIDerivedData/Build/Intermediates.noindex/MemoryCapture.build/Release/MemoryCapture.build/Objects-normal/arm64/MemoryCapture.SwiftFileList

WriteAuxiliaryFile /Users/justinhou/Development/deepshelves/.build/S6UIDerivedData/Build/Intermediates.noindex/MemoryCapture.build/Release/MemoryCapture.build/Objects-normal/arm64/MemoryCapture.SwiftConstValuesFileList (in target 'MemoryCapture' from project 'MemoryCapture')
    cd /Users/justinhou/Development/deepshelves/Packages/MemoryCapture
    write-file /Users/justinhou/Development/deepshelves/.build/S6UIDerivedData/Build/Intermediates.noindex/MemoryCapture.build/Release/MemoryCapture.build/Objects-normal/arm64/MemoryCapture.SwiftConstValuesFileList

WriteAuxiliaryFile /Users/justinhou/Development/deepshelves/.build/S6UIDerivedData/Build/Intermediates.noindex/MemoryCapture.build/Release/MemoryCapture.build/Objects-normal/arm64/MemoryCapture.LinkFileList (in target 'MemoryCapture' from project 'MemoryCapture')
    cd /Users/justinhou/Development/deepshelves/Packages/MemoryCapture
    write-file /Users/justinhou/Development/deepshelves/.build/S6UIDerivedData/Build/Intermediates.noindex/MemoryCapture.build/Release/MemoryCapture.build/Objects-normal/arm64/MemoryCapture.LinkFileList

WriteAuxiliaryFile /Users/justinhou/Development/deepshelves/.build/S6UIDerivedData/Build/Intermediates.noindex/MemoryCapture.build/Release/MemoryCapture.build/Objects-normal/arm64/MemoryCapture-OutputFileMap.json (in target 'MemoryCapture' from project 'MemoryCapture')
    cd /Users/justinhou/Development/deepshelves/Packages/MemoryCapture
    write-file /Users/justinhou/Development/deepshelves/.build/S6UIDerivedData/Build/Intermediates.noindex/MemoryCapture.build/Release/MemoryCapture.build/Objects-normal/arm64/MemoryCapture-OutputFileMap.json

WriteAuxiliaryFile /Users/justinhou/Development/deepshelves/.build/S6UIDerivedData/Build/Intermediates.noindex/MemoryCapture.build/Release/MemoryCapture.build/MemoryCapture.modulemap (in target 'MemoryCapture' from project 'MemoryCapture')
    cd /Users/justinhou/Development/deepshelves/Packages/MemoryCapture
    write-file /Users/justinhou/Development/deepshelves/.build/S6UIDerivedData/Build/Intermediates.noindex/MemoryCapture.build/Release/MemoryCapture.build/MemoryCapture.modulemap

WriteAuxiliaryFile /Users/justinhou/Development/deepshelves/.build/S6UIDerivedData/Build/Intermediates.noindex/MemoryCapture.build/Release/MemoryCapture.build/MemoryCapture.DependencyStaticMetadataFileList (in target 'MemoryCapture' from project 'MemoryCapture')
    cd /Users/justinhou/Development/deepshelves/Packages/MemoryCapture
    write-file /Users/justinhou/Development/deepshelves/.build/S6UIDerivedData/Build/Intermediates.noindex/MemoryCapture.build/Release/MemoryCapture.build/MemoryCapture.DependencyStaticMetadataFileList

WriteAuxiliaryFile /Users/justinhou/Development/deepshelves/.build/S6UIDerivedData/Build/Intermediates.noindex/MemoryCapture.build/Release/MemoryCapture.build/MemoryCapture.DependencyMetadataFileList (in target 'MemoryCapture' from project 'MemoryCapture')
    cd /Users/justinhou/Development/deepshelves/Packages/MemoryCapture
    write-file /Users/justinhou/Development/deepshelves/.build/S6UIDerivedData/Build/Intermediates.noindex/MemoryCapture.build/Release/MemoryCapture.build/MemoryCapture.DependencyMetadataFileList

WriteAuxiliaryFile /Users/justinhou/Development/deepshelves/.build/S6UIDerivedData/Build/Intermediates.noindex/LocalMemory.build/Release/LocalMemoryUITests.build/Objects-normal/arm64/LocalMemoryUITests.SwiftFileList (in target 'LocalMemoryUITests' from project 'LocalMemory')
    cd /Users/justinhou/Development/deepshelves
    write-file /Users/justinhou/Development/deepshelves/.build/S6UIDerivedData/Build/Intermediates.noindex/LocalMemory.build/Release/LocalMemoryUITests.build/Objects-normal/arm64/LocalMemoryUITests.SwiftFileList

WriteAuxiliaryFile /Users/justinhou/Development/deepshelves/.build/S6UIDerivedData/Build/Intermediates.noindex/LocalMemory.build/Release/LocalMemoryUITests.build/Objects-normal/arm64/LocalMemoryUITests.LinkFileList (in target 'LocalMemoryUITests' from project 'LocalMemory')
    cd /Users/justinhou/Development/deepshelves
    write-file /Users/justinhou/Development/deepshelves/.build/S6UIDerivedData/Build/Intermediates.noindex/LocalMemory.build/Release/LocalMemoryUITests.build/Objects-normal/arm64/LocalMemoryUITests.LinkFileList

WriteAuxiliaryFile /Users/justinhou/Development/deepshelves/.build/S6UIDerivedData/Build/Intermediates.noindex/LocalMemory.build/Release/LocalMemoryUITests.build/Objects-normal/arm64/LocalMemoryUITests.SwiftConstValuesFileList (in target 'LocalMemoryUITests' from project 'LocalMemory')
    cd /Users/justinhou/Development/deepshelves
    write-file /Users/justinhou/Development/deepshelves/.build/S6UIDerivedData/Build/Intermediates.noindex/LocalMemory.build/Release/LocalMemoryUITests.build/Objects-normal/arm64/LocalMemoryUITests.SwiftConstValuesFileList

WriteAuxiliaryFile /Users/justinhou/Development/deepshelves/.build/S6UIDerivedData/Build/Intermediates.noindex/LocalMemory.build/Release/LocalMemoryUITests.build/Objects-normal/arm64/LocalMemoryUITests-OutputFileMap.json (in target 'LocalMemoryUITests' from project 'LocalMemory')
    cd /Users/justinhou/Development/deepshelves
    write-file /Users/justinhou/Development/deepshelves/.build/S6UIDerivedData/Build/Intermediates.noindex/LocalMemory.build/Release/LocalMemoryUITests.build/Objects-normal/arm64/LocalMemoryUITests-OutputFileMap.json

WriteAuxiliaryFile /Users/justinhou/Development/deepshelves/.build/S6UIDerivedData/Build/Intermediates.noindex/LocalMemory.build/Release/LocalMemoryUITests.build/LocalMemoryUITests.hmap (in target 'LocalMemoryUITests' from project 'LocalMemory')
    cd /Users/justinhou/Development/deepshelves
    write-file /Users/justinhou/Development/deepshelves/.build/S6UIDerivedData/Build/Intermediates.noindex/LocalMemory.build/Release/LocalMemoryUITests.build/LocalMemoryUITests.hmap

WriteAuxiliaryFile /Users/justinhou/Development/deepshelves/.build/S6UIDerivedData/Build/Intermediates.noindex/LocalMemory.build/Release/LocalMemoryUITests.build/LocalMemoryUITests.DependencyStaticMetadataFileList (in target 'LocalMemoryUITests' from project 'LocalMemory')
    cd /Users/justinhou/Development/deepshelves
    write-file /Users/justinhou/Development/deepshelves/.build/S6UIDerivedData/Build/Intermediates.noindex/LocalMemory.build/Release/LocalMemoryUITests.build/LocalMemoryUITests.DependencyStaticMetadataFileList

WriteAuxiliaryFile /Users/justinhou/Development/deepshelves/.build/S6UIDerivedData/Build/Intermediates.noindex/LocalMemory.build/Release/LocalMemoryUITests.build/LocalMemoryUITests.DependencyMetadataFileList (in target 'LocalMemoryUITests' from project 'LocalMemory')
    cd /Users/justinhou/Development/deepshelves
    write-file /Users/justinhou/Development/deepshelves/.build/S6UIDerivedData/Build/Intermediates.noindex/LocalMemory.build/Release/LocalMemoryUITests.build/LocalMemoryUITests.DependencyMetadataFileList

WriteAuxiliaryFile /Users/justinhou/Development/deepshelves/.build/S6UIDerivedData/Build/Intermediates.noindex/LocalMemory.build/Release/LocalMemoryUITests.build/LocalMemoryUITests-project-headers.hmap (in target 'LocalMemoryUITests' from project 'LocalMemory')
    cd /Users/justinhou/Development/deepshelves
    write-file /Users/justinhou/Development/deepshelves/.build/S6UIDerivedData/Build/Intermediates.noindex/LocalMemory.build/Release/LocalMemoryUITests.build/LocalMemoryUITests-project-headers.hmap

WriteAuxiliaryFile /Users/justinhou/Development/deepshelves/.build/S6UIDerivedData/Build/Intermediates.noindex/LocalMemory.build/Release/LocalMemoryUITests.build/LocalMemoryUITests-own-target-headers.hmap (in target 'LocalMemoryUITests' from project 'LocalMemory')
    cd /Users/justinhou/Development/deepshelves
    write-file /Users/justinhou/Development/deepshelves/.build/S6UIDerivedData/Build/Intermediates.noindex/LocalMemory.build/Release/LocalMemoryUITests.build/LocalMemoryUITests-own-target-headers.hmap

Copy /Users/justinhou/Development/deepshelves/.build/S6UIDerivedData/Build/Intermediates.noindex/GeneratedModuleMaps/MemoryStore.modulemap /Users/justinhou/Development/deepshelves/.build/S6UIDerivedData/Build/Intermediates.noindex/MemoryStore.build/Release/MemoryStore.build/MemoryStore.modulemap (in target 'MemoryStore' from project 'MemoryStore')
    cd /Users/justinhou/Development/deepshelves/Packages/MemoryStore
    builtin-copy -exclude .DS_Store -exclude CVS -exclude .svn -exclude .git -exclude .hg -strip-unsigned-binaries -strip-deterministic -strip-tool /Applications/Xcode.app/Contents/Developer/Toolchains/XcodeDefault.xctoolchain/usr/bin/strip -resolve-src-symlinks /Users/justinhou/Development/deepshelves/.build/S6UIDerivedData/Build/Intermediates.noindex/MemoryStore.build/Release/MemoryStore.build/MemoryStore.modulemap /Users/justinhou/Development/deepshelves/.build/S6UIDerivedData/Build/Intermediates.noindex/GeneratedModuleMaps

Copy /Users/justinhou/Development/deepshelves/.build/S6UIDerivedData/Build/Intermediates.noindex/GeneratedModuleMaps/MemoryEnrichment.modulemap /Users/justinhou/Development/deepshelves/.build/S6UIDerivedData/Build/Intermediates.noindex/MemoryEnrichment.build/Release/MemoryEnrichment.build/MemoryEnrichment.modulemap (in target 'MemoryEnrichment' from project 'MemoryEnrichment')
    cd /Users/justinhou/Development/deepshelves/Packages/MemoryEnrichment
    builtin-copy -exclude .DS_Store -exclude CVS -exclude .svn -exclude .git -exclude .hg -strip-unsigned-binaries -strip-deterministic -strip-tool /Applications/Xcode.app/Contents/Developer/Toolchains/XcodeDefault.xctoolchain/usr/bin/strip -resolve-src-symlinks /Users/justinhou/Development/deepshelves/.build/S6UIDerivedData/Build/Intermediates.noindex/MemoryEnrichment.build/Release/MemoryEnrichment.build/MemoryEnrichment.modulemap /Users/justinhou/Development/deepshelves/.build/S6UIDerivedData/Build/Intermediates.noindex/GeneratedModuleMaps

WriteAuxiliaryFile /Users/justinhou/Development/deepshelves/.build/S6UIDerivedData/Build/Intermediates.noindex/LocalMemory.build/Release/LocalMemoryUITests.build/LocalMemoryUITests-generated-files.hmap (in target 'LocalMemoryUITests' from project 'LocalMemory')
    cd /Users/justinhou/Development/deepshelves
    write-file /Users/justinhou/Development/deepshelves/.build/S6UIDerivedData/Build/Intermediates.noindex/LocalMemory.build/Release/LocalMemoryUITests.build/LocalMemoryUITests-generated-files.hmap

WriteAuxiliaryFile /Users/justinhou/Development/deepshelves/.build/S6UIDerivedData/Build/Intermediates.noindex/LocalMemory.build/Release/LocalMemoryUITests.build/LocalMemoryUITests-all-target-headers.hmap (in target 'LocalMemoryUITests' from project 'LocalMemory')
    cd /Users/justinhou/Development/deepshelves
    write-file /Users/justinhou/Development/deepshelves/.build/S6UIDerivedData/Build/Intermediates.noindex/LocalMemory.build/Release/LocalMemoryUITests.build/LocalMemoryUITests-all-target-headers.hmap

WriteAuxiliaryFile /Users/justinhou/Development/deepshelves/.build/S6UIDerivedData/Build/Intermediates.noindex/LocalMemory.build/Release/LocalMemoryUITests.build/LocalMemoryUITests-all-non-framework-target-headers.hmap (in target 'LocalMemoryUITests' from project 'LocalMemory')
    cd /Users/justinhou/Development/deepshelves
    write-file /Users/justinhou/Development/deepshelves/.build/S6UIDerivedData/Build/Intermediates.noindex/LocalMemory.build/Release/LocalMemoryUITests.build/LocalMemoryUITests-all-non-framework-target-headers.hmap

Copy /Users/justinhou/Development/deepshelves/.build/S6UIDerivedData/Build/Intermediates.noindex/GeneratedModuleMaps/MemoryDesignSystem.modulemap /Users/justinhou/Development/deepshelves/.build/S6UIDerivedData/Build/Intermediates.noindex/MemoryDesignSystem.build/Release/MemoryDesignSystem.build/MemoryDesignSystem.modulemap (in target 'MemoryDesignSystem' from project 'MemoryDesignSystem')
    cd /Users/justinhou/Development/deepshelves/Packages/MemoryDesignSystem
    builtin-copy -exclude .DS_Store -exclude CVS -exclude .svn -exclude .git -exclude .hg -strip-unsigned-binaries -strip-deterministic -strip-tool /Applications/Xcode.app/Contents/Developer/Toolchains/XcodeDefault.xctoolchain/usr/bin/strip -resolve-src-symlinks /Users/justinhou/Development/deepshelves/.build/S6UIDerivedData/Build/Intermediates.noindex/MemoryDesignSystem.build/Release/MemoryDesignSystem.build/MemoryDesignSystem.modulemap /Users/justinhou/Development/deepshelves/.build/S6UIDerivedData/Build/Intermediates.noindex/GeneratedModuleMaps

WriteAuxiliaryFile /Users/justinhou/Development/deepshelves/.build/S6UIDerivedData/Build/Intermediates.noindex/LocalMemory.build/Release/LocalMemoryUITests.build/DerivedSources/Entitlements.plist (in target 'LocalMemoryUITests' from project 'LocalMemory')
    cd /Users/justinhou/Development/deepshelves
    write-file /Users/justinhou/Development/deepshelves/.build/S6UIDerivedData/Build/Intermediates.noindex/LocalMemory.build/Release/LocalMemoryUITests.build/DerivedSources/Entitlements.plist

MkDir /Users/justinhou/Development/deepshelves/.build/S6UIDerivedData/Build/Products/Release/MemoryEnrichment_MemoryEnrichment.bundle/Contents/Resources (in target 'MemoryEnrichment_MemoryEnrichment' from project 'MemoryEnrichment')
    cd /Users/justinhou/Development/deepshelves/Packages/MemoryEnrichment
    /bin/mkdir -p /Users/justinhou/Development/deepshelves/.build/S6UIDerivedData/Build/Products/Release/MemoryEnrichment_MemoryEnrichment.bundle/Contents/Resources

Copy /Users/justinhou/Development/deepshelves/.build/S6UIDerivedData/Build/Intermediates.noindex/GeneratedModuleMaps/MemoryContracts.modulemap /Users/justinhou/Development/deepshelves/.build/S6UIDerivedData/Build/Intermediates.noindex/MemoryContracts.build/Release/MemoryContracts.build/MemoryContracts.modulemap (in target 'MemoryContracts' from project 'MemoryContracts')
    cd /Users/justinhou/Development/deepshelves/Packages/MemoryContracts
    builtin-copy -exclude .DS_Store -exclude CVS -exclude .svn -exclude .git -exclude .hg -strip-unsigned-binaries -strip-deterministic -strip-tool /Applications/Xcode.app/Contents/Developer/Toolchains/XcodeDefault.xctoolchain/usr/bin/strip -resolve-src-symlinks /Users/justinhou/Development/deepshelves/.build/S6UIDerivedData/Build/Intermediates.noindex/MemoryContracts.build/Release/MemoryContracts.build/MemoryContracts.modulemap /Users/justinhou/Development/deepshelves/.build/S6UIDerivedData/Build/Intermediates.noindex/GeneratedModuleMaps

Copy /Users/justinhou/Development/deepshelves/.build/S6UIDerivedData/Build/Intermediates.noindex/GeneratedModuleMaps/MemoryCapture.modulemap /Users/justinhou/Development/deepshelves/.build/S6UIDerivedData/Build/Intermediates.noindex/MemoryCapture.build/Release/MemoryCapture.build/MemoryCapture.modulemap (in target 'MemoryCapture' from project 'MemoryCapture')
    cd /Users/justinhou/Development/deepshelves/Packages/MemoryCapture
    builtin-copy -exclude .DS_Store -exclude CVS -exclude .svn -exclude .git -exclude .hg -strip-unsigned-binaries -strip-deterministic -strip-tool /Applications/Xcode.app/Contents/Developer/Toolchains/XcodeDefault.xctoolchain/usr/bin/strip -resolve-src-symlinks /Users/justinhou/Development/deepshelves/.build/S6UIDerivedData/Build/Intermediates.noindex/MemoryCapture.build/Release/MemoryCapture.build/MemoryCapture.modulemap /Users/justinhou/Development/deepshelves/.build/S6UIDerivedData/Build/Intermediates.noindex/GeneratedModuleMaps

MkDir /Users/justinhou/Development/deepshelves/.build/S6UIDerivedData/Build/Products/Release/MemoryEnrichment_MemoryEnrichment.bundle/Contents (in target 'MemoryEnrichment_MemoryEnrichment' from project 'MemoryEnrichment')
    cd /Users/justinhou/Development/deepshelves/Packages/MemoryEnrichment
    /bin/mkdir -p /Users/justinhou/Development/deepshelves/.build/S6UIDerivedData/Build/Products/Release/MemoryEnrichment_MemoryEnrichment.bundle/Contents

MkDir /Users/justinhou/Development/deepshelves/.build/S6UIDerivedData/Build/Products/Release/MemoryEnrichment_MemoryEnrichment.bundle (in target 'MemoryEnrichment_MemoryEnrichment' from project 'MemoryEnrichment')
    cd /Users/justinhou/Development/deepshelves/Packages/MemoryEnrichment
    /bin/mkdir -p /Users/justinhou/Development/deepshelves/.build/S6UIDerivedData/Build/Products/Release/MemoryEnrichment_MemoryEnrichment.bundle

MkDir /Users/justinhou/Development/deepshelves/.build/S6UIDerivedData/Build/Products/Release/LocalMemoryUITests-Runner.app/Contents/PlugIns/LocalMemoryUITests.xctest/Contents (in target 'LocalMemoryUITests' from project 'LocalMemory')
    cd /Users/justinhou/Development/deepshelves
    /bin/mkdir -p /Users/justinhou/Development/deepshelves/.build/S6UIDerivedData/Build/Products/Release/LocalMemoryUITests-Runner.app/Contents/PlugIns/LocalMemoryUITests.xctest/Contents

MkDir /Users/justinhou/Development/deepshelves/.build/S6UIDerivedData/Build/Products/Release/LocalMemoryUITests-Runner.app/Contents/PlugIns/LocalMemoryUITests.xctest/Contents/MacOS (in target 'LocalMemoryUITests' from project 'LocalMemory')
    cd /Users/justinhou/Development/deepshelves
    /bin/mkdir -p /Users/justinhou/Development/deepshelves/.build/S6UIDerivedData/Build/Products/Release/LocalMemoryUITests-Runner.app/Contents/PlugIns/LocalMemoryUITests.xctest/Contents/MacOS

MkDir /Users/justinhou/Development/deepshelves/.build/S6UIDerivedData/Build/Products/Release/LocalMemoryUITests-Runner.app/Contents/PlugIns/LocalMemoryUITests.xctest (in target 'LocalMemoryUITests' from project 'LocalMemory')
    cd /Users/justinhou/Development/deepshelves
    /bin/mkdir -p /Users/justinhou/Development/deepshelves/.build/S6UIDerivedData/Build/Products/Release/LocalMemoryUITests-Runner.app/Contents/PlugIns/LocalMemoryUITests.xctest

ProcessXCFramework /Users/justinhou/Development/deepshelves/.build/Dependencies/SQLCipher.swift/SQLCipher.xcframework /Users/justinhou/Development/deepshelves/.build/S6UIDerivedData/Build/Products/Release/SQLCipher.framework macos
    cd /Users/justinhou/Development/deepshelves/LocalMemory.xcodeproj
    builtin-process-xcframework --xcframework /Users/justinhou/Development/deepshelves/.build/Dependencies/SQLCipher.swift/SQLCipher.xcframework --platform macos --target-path /Users/justinhou/Development/deepshelves/.build/S6UIDerivedData/Build/Products/Release
/Users/justinhou/Development/deepshelves/.build/Dependencies/SQLCipher.swift/SQLCipher.xcframework:1:1: note: The identity of “SQLCipher.xcframework” is not recorded in your project.

CpResource /Users/justinhou/Development/deepshelves/.build/S6UIDerivedData/Build/Products/Release/MemoryEnrichment_MemoryEnrichment.bundle/Contents/Resources/MobileCLIP-S0 /Users/justinhou/Development/deepshelves/Packages/MemoryEnrichment/Sources/MemoryEnrichment/Resources/MobileCLIP-S0 (in target 'MemoryEnrichment_MemoryEnrichment' from project 'MemoryEnrichment')
    cd /Users/justinhou/Development/deepshelves/Packages/MemoryEnrichment
    builtin-copy -exclude .DS_Store -exclude CVS -exclude .svn -exclude .git -exclude .hg -strip-unsigned-binaries -strip-deterministic -strip-tool /Applications/Xcode.app/Contents/Developer/Toolchains/XcodeDefault.xctoolchain/usr/bin/strip -resolve-src-symlinks /Users/justinhou/Development/deepshelves/Packages/MemoryEnrichment/Sources/MemoryEnrichment/Resources/MobileCLIP-S0 /Users/justinhou/Development/deepshelves/.build/S6UIDerivedData/Build/Products/Release/MemoryEnrichment_MemoryEnrichment.bundle/Contents/Resources

ProcessInfoPlistFile /Users/justinhou/Development/deepshelves/.build/S6UIDerivedData/Build/Products/Release/MemoryEnrichment_MemoryEnrichment.bundle/Contents/Info.plist /Users/justinhou/Development/deepshelves/.build/S6UIDerivedData/Build/Intermediates.noindex/MemoryEnrichment.build/Release/MemoryEnrichment_MemoryEnrichment.build/empty-MemoryEnrichment_MemoryEnrichment.plist (in target 'MemoryEnrichment_MemoryEnrichment' from project 'MemoryEnrichment')
    cd /Users/justinhou/Development/deepshelves/Packages/MemoryEnrichment
    builtin-infoPlistUtility /Users/justinhou/Development/deepshelves/.build/S6UIDerivedData/Build/Intermediates.noindex/MemoryEnrichment.build/Release/MemoryEnrichment_MemoryEnrichment.build/empty-MemoryEnrichment_MemoryEnrichment.plist -producttype com.apple.product-type.bundle -expandbuildsettings -platform macosx -o /Users/justinhou/Development/deepshelves/.build/S6UIDerivedData/Build/Products/Release/MemoryEnrichment_MemoryEnrichment.bundle/Contents/Info.plist

ProcessInfoPlistFile /Users/justinhou/Development/deepshelves/.build/S6UIDerivedData/Build/Products/Release/GRDB_GRDB.bundle/Contents/Info.plist /Users/justinhou/Development/deepshelves/.build/S6UIDerivedData/Build/Intermediates.noindex/GRDB.build/Release/GRDB_GRDB.build/empty-GRDB_GRDB.plist (in target 'GRDB_GRDB' from project 'GRDB')
    cd /Users/justinhou/Development/deepshelves/.build/Dependencies/GRDB.swift-a285e4ca87ec6b3584c97b0ec25fc61fec02de60
    builtin-infoPlistUtility /Users/justinhou/Development/deepshelves/.build/S6UIDerivedData/Build/Intermediates.noindex/GRDB.build/Release/GRDB_GRDB.build/empty-GRDB_GRDB.plist -producttype com.apple.product-type.bundle -expandbuildsettings -platform macosx -o /Users/justinhou/Development/deepshelves/.build/S6UIDerivedData/Build/Products/Release/GRDB_GRDB.bundle/Contents/Info.plist

CpResource /Users/justinhou/Development/deepshelves/.build/S6UIDerivedData/Build/Products/Release/GRDB_GRDB.bundle/Contents/Resources/PrivacyInfo.xcprivacy /Users/justinhou/Development/deepshelves/.build/Dependencies/GRDB.swift-a285e4ca87ec6b3584c97b0ec25fc61fec02de60/GRDB/PrivacyInfo.xcprivacy (in target 'GRDB_GRDB' from project 'GRDB')
    cd /Users/justinhou/Development/deepshelves/.build/Dependencies/GRDB.swift-a285e4ca87ec6b3584c97b0ec25fc61fec02de60
    builtin-copy -exclude .DS_Store -exclude CVS -exclude .svn -exclude .git -exclude .hg -strip-unsigned-binaries -strip-deterministic -strip-tool /Applications/Xcode.app/Contents/Developer/Toolchains/XcodeDefault.xctoolchain/usr/bin/strip -resolve-src-symlinks /Users/justinhou/Development/deepshelves/.build/Dependencies/GRDB.swift-a285e4ca87ec6b3584c97b0ec25fc61fec02de60/GRDB/PrivacyInfo.xcprivacy /Users/justinhou/Development/deepshelves/.build/S6UIDerivedData/Build/Products/Release/GRDB_GRDB.bundle/Contents/Resources

RegisterExecutionPolicyException /Users/justinhou/Development/deepshelves/.build/S6UIDerivedData/Build/Products/Release/GRDB_GRDB.bundle (in target 'GRDB_GRDB' from project 'GRDB')
    cd /Users/justinhou/Development/deepshelves/.build/Dependencies/GRDB.swift-a285e4ca87ec6b3584c97b0ec25fc61fec02de60
    builtin-RegisterExecutionPolicyException /Users/justinhou/Development/deepshelves/.build/S6UIDerivedData/Build/Products/Release/GRDB_GRDB.bundle

Touch /Users/justinhou/Development/deepshelves/.build/S6UIDerivedData/Build/Products/Release/GRDB_GRDB.bundle (in target 'GRDB_GRDB' from project 'GRDB')
    cd /Users/justinhou/Development/deepshelves/.build/Dependencies/GRDB.swift-a285e4ca87ec6b3584c97b0ec25fc61fec02de60
    /usr/bin/touch -c /Users/justinhou/Development/deepshelves/.build/S6UIDerivedData/Build/Products/Release/GRDB_GRDB.bundle

RegisterExecutionPolicyException /Users/justinhou/Development/deepshelves/.build/S6UIDerivedData/Build/Products/Release/MemoryEnrichment_MemoryEnrichment.bundle (in target 'MemoryEnrichment_MemoryEnrichment' from project 'MemoryEnrichment')
    cd /Users/justinhou/Development/deepshelves/Packages/MemoryEnrichment
    builtin-RegisterExecutionPolicyException /Users/justinhou/Development/deepshelves/.build/S6UIDerivedData/Build/Products/Release/MemoryEnrichment_MemoryEnrichment.bundle

Touch /Users/justinhou/Development/deepshelves/.build/S6UIDerivedData/Build/Products/Release/MemoryEnrichment_MemoryEnrichment.bundle (in target 'MemoryEnrichment_MemoryEnrichment' from project 'MemoryEnrichment')
    cd /Users/justinhou/Development/deepshelves/Packages/MemoryEnrichment
    /usr/bin/touch -c /Users/justinhou/Development/deepshelves/.build/S6UIDerivedData/Build/Products/Release/MemoryEnrichment_MemoryEnrichment.bundle

WriteAuxiliaryFile /Users/justinhou/Development/deepshelves/.build/S6UIDerivedData/Build/Intermediates.noindex/LocalMemory.build/Release/LocalMemoryApp.build/Local\ Memory-all-non-framework-target-headers.hmap (in target 'LocalMemoryApp' from project 'LocalMemory')
    cd /Users/justinhou/Development/deepshelves
    write-file /Users/justinhou/Development/deepshelves/.build/S6UIDerivedData/Build/Intermediates.noindex/LocalMemory.build/Release/LocalMemoryApp.build/Local\ Memory-all-non-framework-target-headers.hmap

WriteAuxiliaryFile /Users/justinhou/Development/deepshelves/.build/S6UIDerivedData/Build/Intermediates.noindex/LocalMemory.build/Release/LocalMemoryApp.build/Local\ Memory.hmap (in target 'LocalMemoryApp' from project 'LocalMemory')
    cd /Users/justinhou/Development/deepshelves
    write-file /Users/justinhou/Development/deepshelves/.build/S6UIDerivedData/Build/Intermediates.noindex/LocalMemory.build/Release/LocalMemoryApp.build/Local\ Memory.hmap

WriteAuxiliaryFile /Users/justinhou/Development/deepshelves/.build/S6UIDerivedData/Build/Intermediates.noindex/LocalMemory.build/Release/LocalMemoryApp.build/Local\ Memory-project-headers.hmap (in target 'LocalMemoryApp' from project 'LocalMemory')
    cd /Users/justinhou/Development/deepshelves
    write-file /Users/justinhou/Development/deepshelves/.build/S6UIDerivedData/Build/Intermediates.noindex/LocalMemory.build/Release/LocalMemoryApp.build/Local\ Memory-project-headers.hmap

WriteAuxiliaryFile /Users/justinhou/Development/deepshelves/.build/S6UIDerivedData/Build/Intermediates.noindex/LocalMemory.build/Release/LocalMemoryApp.build/Local\ Memory-all-target-headers.hmap (in target 'LocalMemoryApp' from project 'LocalMemory')
    cd /Users/justinhou/Development/deepshelves
    write-file /Users/justinhou/Development/deepshelves/.build/S6UIDerivedData/Build/Intermediates.noindex/LocalMemory.build/Release/LocalMemoryApp.build/Local\ Memory-all-target-headers.hmap

WriteAuxiliaryFile /Users/justinhou/Development/deepshelves/.build/S6UIDerivedData/Build/Intermediates.noindex/GRDB.build/Release/GRDB.build/Objects-normal/arm64/GRDB.SwiftConstValuesFileList (in target 'GRDB' from project 'GRDB')
    cd /Users/justinhou/Development/deepshelves/.build/Dependencies/GRDB.swift-a285e4ca87ec6b3584c97b0ec25fc61fec02de60
    write-file /Users/justinhou/Development/deepshelves/.build/S6UIDerivedData/Build/Intermediates.noindex/GRDB.build/Release/GRDB.build/Objects-normal/arm64/GRDB.SwiftConstValuesFileList

WriteAuxiliaryFile /Users/justinhou/Development/deepshelves/.build/S6UIDerivedData/Build/Intermediates.noindex/LocalMemory.build/Release/LocalMemoryApp.build/Local\ Memory-own-target-headers.hmap (in target 'LocalMemoryApp' from project 'LocalMemory')
    cd /Users/justinhou/Development/deepshelves
    write-file /Users/justinhou/Development/deepshelves/.build/S6UIDerivedData/Build/Intermediates.noindex/LocalMemory.build/Release/LocalMemoryApp.build/Local\ Memory-own-target-headers.hmap

WriteAuxiliaryFile /Users/justinhou/Development/deepshelves/.build/S6UIDerivedData/Build/Intermediates.noindex/GRDB.build/Release/GRDB.build/Objects-normal/arm64/GRDB.SwiftFileList (in target 'GRDB' from project 'GRDB')
    cd /Users/justinhou/Development/deepshelves/.build/Dependencies/GRDB.swift-a285e4ca87ec6b3584c97b0ec25fc61fec02de60
    write-file /Users/justinhou/Development/deepshelves/.build/S6UIDerivedData/Build/Intermediates.noindex/GRDB.build/Release/GRDB.build/Objects-normal/arm64/GRDB.SwiftFileList

WriteAuxiliaryFile /Users/justinhou/Development/deepshelves/.build/S6UIDerivedData/Build/Intermediates.noindex/GRDB.build/Release/GRDB.build/Objects-normal/arm64/GRDB-OutputFileMap.json (in target 'GRDB' from project 'GRDB')
    cd /Users/justinhou/Development/deepshelves/.build/Dependencies/GRDB.swift-a285e4ca87ec6b3584c97b0ec25fc61fec02de60
    write-file /Users/justinhou/Development/deepshelves/.build/S6UIDerivedData/Build/Intermediates.noindex/GRDB.build/Release/GRDB.build/Objects-normal/arm64/GRDB-OutputFileMap.json

WriteAuxiliaryFile /Users/justinhou/Development/deepshelves/.build/S6UIDerivedData/Build/Intermediates.noindex/GRDB.build/Release/GRDB.build/Objects-normal/arm64/GRDB_const_extract_protocols.json (in target 'GRDB' from project 'GRDB')
    cd /Users/justinhou/Development/deepshelves/.build/Dependencies/GRDB.swift-a285e4ca87ec6b3584c97b0ec25fc61fec02de60
    write-file /Users/justinhou/Development/deepshelves/.build/S6UIDerivedData/Build/Intermediates.noindex/GRDB.build/Release/GRDB.build/Objects-normal/arm64/GRDB_const_extract_protocols.json

WriteAuxiliaryFile /Users/justinhou/Development/deepshelves/.build/S6UIDerivedData/Build/Intermediates.noindex/GRDB.build/Release/GRDB.build/Objects-normal/arm64/GRDB.LinkFileList (in target 'GRDB' from project 'GRDB')
    cd /Users/justinhou/Development/deepshelves/.build/Dependencies/GRDB.swift-a285e4ca87ec6b3584c97b0ec25fc61fec02de60
    write-file /Users/justinhou/Development/deepshelves/.build/S6UIDerivedData/Build/Intermediates.noindex/GRDB.build/Release/GRDB.build/Objects-normal/arm64/GRDB.LinkFileList

WriteAuxiliaryFile /Users/justinhou/Development/deepshelves/.build/S6UIDerivedData/Build/Intermediates.noindex/LocalMemory.build/Release/LocalMemoryApp.build/DerivedSources/Entitlements.plist (in target 'LocalMemoryApp' from project 'LocalMemory')
    cd /Users/justinhou/Development/deepshelves
    write-file /Users/justinhou/Development/deepshelves/.build/S6UIDerivedData/Build/Intermediates.noindex/LocalMemory.build/Release/LocalMemoryApp.build/DerivedSources/Entitlements.plist

WriteAuxiliaryFile /Users/justinhou/Development/deepshelves/.build/S6UIDerivedData/Build/Intermediates.noindex/LocalMemory.build/Release/LocalMemoryApp.build/Objects-normal/arm64/LocalMemoryApp_const_extract_protocols.json (in target 'LocalMemoryApp' from project 'LocalMemory')
    cd /Users/justinhou/Development/deepshelves
    write-file /Users/justinhou/Development/deepshelves/.build/S6UIDerivedData/Build/Intermediates.noindex/LocalMemory.build/Release/LocalMemoryApp.build/Objects-normal/arm64/LocalMemoryApp_const_extract_protocols.json

WriteAuxiliaryFile /Users/justinhou/Development/deepshelves/.build/S6UIDerivedData/Build/Intermediates.noindex/LocalMemory.build/Release/LocalMemoryApp.build/Objects-normal/arm64/Local\ Memory.SwiftFileList (in target 'LocalMemoryApp' from project 'LocalMemory')
    cd /Users/justinhou/Development/deepshelves
    write-file /Users/justinhou/Development/deepshelves/.build/S6UIDerivedData/Build/Intermediates.noindex/LocalMemory.build/Release/LocalMemoryApp.build/Objects-normal/arm64/Local\ Memory.SwiftFileList

WriteAuxiliaryFile /Users/justinhou/Development/deepshelves/.build/S6UIDerivedData/Build/Intermediates.noindex/LocalMemory.build/Release/LocalMemoryApp.build/Objects-normal/arm64/LocalMemoryApp-OutputFileMap.json (in target 'LocalMemoryApp' from project 'LocalMemory')
    cd /Users/justinhou/Development/deepshelves
    write-file /Users/justinhou/Development/deepshelves/.build/S6UIDerivedData/Build/Intermediates.noindex/LocalMemory.build/Release/LocalMemoryApp.build/Objects-normal/arm64/LocalMemoryApp-OutputFileMap.json

WriteAuxiliaryFile /Users/justinhou/Development/deepshelves/.build/S6UIDerivedData/Build/Intermediates.noindex/LocalMemory.build/Release/LocalMemoryApp.build/Objects-normal/arm64/Local\ Memory.LinkFileList (in target 'LocalMemoryApp' from project 'LocalMemory')
    cd /Users/justinhou/Development/deepshelves
    write-file /Users/justinhou/Development/deepshelves/.build/S6UIDerivedData/Build/Intermediates.noindex/LocalMemory.build/Release/LocalMemoryApp.build/Objects-normal/arm64/Local\ Memory.LinkFileList

WriteAuxiliaryFile /Users/justinhou/Development/deepshelves/.build/S6UIDerivedData/Build/Intermediates.noindex/LocalMemory.build/Release/LocalMemoryApp.build/Objects-normal/arm64/Local\ Memory.SwiftConstValuesFileList (in target 'LocalMemoryApp' from project 'LocalMemory')
    cd /Users/justinhou/Development/deepshelves
    write-file /Users/justinhou/Development/deepshelves/.build/S6UIDerivedData/Build/Intermediates.noindex/LocalMemory.build/Release/LocalMemoryApp.build/Objects-normal/arm64/Local\ Memory.SwiftConstValuesFileList

WriteAuxiliaryFile /Users/justinhou/Development/deepshelves/.build/S6UIDerivedData/Build/Intermediates.noindex/LocalMemory.build/Release/LocalMemoryApp.build/Local\ Memory.DependencyStaticMetadataFileList (in target 'LocalMemoryApp' from project 'LocalMemory')
    cd /Users/justinhou/Development/deepshelves
    write-file /Users/justinhou/Development/deepshelves/.build/S6UIDerivedData/Build/Intermediates.noindex/LocalMemory.build/Release/LocalMemoryApp.build/Local\ Memory.DependencyStaticMetadataFileList

WriteAuxiliaryFile /Users/justinhou/Development/deepshelves/.build/S6UIDerivedData/Build/Intermediates.noindex/LocalMemory.build/Release/LocalMemoryApp.build/Local\ Memory.DependencyMetadataFileList (in target 'LocalMemoryApp' from project 'LocalMemory')
    cd /Users/justinhou/Development/deepshelves
    write-file /Users/justinhou/Development/deepshelves/.build/S6UIDerivedData/Build/Intermediates.noindex/LocalMemory.build/Release/LocalMemoryApp.build/Local\ Memory.DependencyMetadataFileList

WriteAuxiliaryFile /Users/justinhou/Development/deepshelves/.build/S6UIDerivedData/Build/Intermediates.noindex/LocalMemory.build/Release/LocalMemoryApp.build/Local\ Memory-generated-files.hmap (in target 'LocalMemoryApp' from project 'LocalMemory')
    cd /Users/justinhou/Development/deepshelves
    write-file /Users/justinhou/Development/deepshelves/.build/S6UIDerivedData/Build/Intermediates.noindex/LocalMemory.build/Release/LocalMemoryApp.build/Local\ Memory-generated-files.hmap

WriteAuxiliaryFile /Users/justinhou/Development/deepshelves/.build/S6UIDerivedData/Build/Intermediates.noindex/GRDB.build/Release/GRDBSQLCipher.build/GRDBSQLCipher.DependencyStaticMetadataFileList (in target 'GRDBSQLCipher' from project 'GRDB')
    cd /Users/justinhou/Development/deepshelves/.build/Dependencies/GRDB.swift-a285e4ca87ec6b3584c97b0ec25fc61fec02de60
    write-file /Users/justinhou/Development/deepshelves/.build/S6UIDerivedData/Build/Intermediates.noindex/GRDB.build/Release/GRDBSQLCipher.build/GRDBSQLCipher.DependencyStaticMetadataFileList

WriteAuxiliaryFile /Users/justinhou/Development/deepshelves/.build/S6UIDerivedData/Build/Intermediates.noindex/GRDB.build/Release/GRDBSQLCipher.build/Objects-normal/arm64/7187679823f38a2a940e0043cdf9d637-common-args.resp (in target 'GRDBSQLCipher' from project 'GRDB')
    cd /Users/justinhou/Development/deepshelves/.build/Dependencies/GRDB.swift-a285e4ca87ec6b3584c97b0ec25fc61fec02de60
    write-file /Users/justinhou/Development/deepshelves/.build/S6UIDerivedData/Build/Intermediates.noindex/GRDB.build/Release/GRDBSQLCipher.build/Objects-normal/arm64/7187679823f38a2a940e0043cdf9d637-common-args.resp
-fmodules -gmodules '-fmodules-cache-path=/Users/justinhou/Development/deepshelves/.build/S6UIDerivedData/ModuleCache.noindex' '-fmodule-name=GRDBSQLCipher' -fpascal-strings -Os -DSWIFT_PACKAGE -g -I/Users/justinhou/Development/deepshelves/.build/S6UIDerivedData/Build/Products/Release/include -I/Users/justinhou/Development/deepshelves/.build/Dependencies/GRDB.swift-a285e4ca87ec6b3584c97b0ec25fc61fec02de60/Sources/GRDBSQLCipher/include -I/Users/justinhou/Development/deepshelves/.build/S6UIDerivedData/Build/Intermediates.noindex/GRDB.build/Release/GRDBSQLCipher.build/DerivedSources-normal/arm64 -I/Users/justinhou/Development/deepshelves/.build/S6UIDerivedData/Build/Intermediates.noindex/GRDB.build/Release/GRDBSQLCipher.build/DerivedSources/arm64 -I/Users/justinhou/Development/deepshelves/.build/S6UIDerivedData/Build/Intermediates.noindex/GRDB.build/Release/GRDBSQLCipher.build/DerivedSources -F/Users/justinhou/Development/deepshelves/.build/S6UIDerivedData/Build/Products/Release -iframework /Applications/Xcode.app/Contents/Developer/Platforms/MacOSX.platform/Developer/Library/Frameworks -DXcode

WriteAuxiliaryFile /Users/justinhou/Development/deepshelves/.build/S6UIDerivedData/Build/Intermediates.noindex/GRDB.build/Release/GRDBSQLCipher.build/Objects-normal/arm64/GRDBSQLCipher.LinkFileList (in target 'GRDBSQLCipher' from project 'GRDB')
    cd /Users/justinhou/Development/deepshelves/.build/Dependencies/GRDB.swift-a285e4ca87ec6b3584c97b0ec25fc61fec02de60
    write-file /Users/justinhou/Development/deepshelves/.build/S6UIDerivedData/Build/Intermediates.noindex/GRDB.build/Release/GRDBSQLCipher.build/Objects-normal/arm64/GRDBSQLCipher.LinkFileList

WriteAuxiliaryFile /Users/justinhou/Development/deepshelves/.build/S6UIDerivedData/Build/Intermediates.noindex/GRDB.build/Release/GRDBSQLCipher.build/GRDBSQLCipher.DependencyMetadataFileList (in target 'GRDBSQLCipher' from project 'GRDB')
    cd /Users/justinhou/Development/deepshelves/.build/Dependencies/GRDB.swift-a285e4ca87ec6b3584c97b0ec25fc61fec02de60
    write-file /Users/justinhou/Development/deepshelves/.build/S6UIDerivedData/Build/Intermediates.noindex/GRDB.build/Release/GRDBSQLCipher.build/GRDBSQLCipher.DependencyMetadataFileList

WriteAuxiliaryFile /Users/justinhou/Development/deepshelves/.build/S6UIDerivedData/Build/Intermediates.noindex/GRDB.build/Release/GRDB.build/GRDB.modulemap (in target 'GRDB' from project 'GRDB')
    cd /Users/justinhou/Development/deepshelves/.build/Dependencies/GRDB.swift-a285e4ca87ec6b3584c97b0ec25fc61fec02de60
    write-file /Users/justinhou/Development/deepshelves/.build/S6UIDerivedData/Build/Intermediates.noindex/GRDB.build/Release/GRDB.build/GRDB.modulemap

WriteAuxiliaryFile /Users/justinhou/Development/deepshelves/.build/S6UIDerivedData/Build/Intermediates.noindex/GRDB.build/Release/GRDB.build/GRDB.DependencyStaticMetadataFileList (in target 'GRDB' from project 'GRDB')
    cd /Users/justinhou/Development/deepshelves/.build/Dependencies/GRDB.swift-a285e4ca87ec6b3584c97b0ec25fc61fec02de60
    write-file /Users/justinhou/Development/deepshelves/.build/S6UIDerivedData/Build/Intermediates.noindex/GRDB.build/Release/GRDB.build/GRDB.DependencyStaticMetadataFileList

WriteAuxiliaryFile /Users/justinhou/Development/deepshelves/.build/S6UIDerivedData/Build/Intermediates.noindex/GRDB.build/Release/GRDB.build/GRDB.DependencyMetadataFileList (in target 'GRDB' from project 'GRDB')
    cd /Users/justinhou/Development/deepshelves/.build/Dependencies/GRDB.swift-a285e4ca87ec6b3584c97b0ec25fc61fec02de60
    write-file /Users/justinhou/Development/deepshelves/.build/S6UIDerivedData/Build/Intermediates.noindex/GRDB.build/Release/GRDB.build/GRDB.DependencyMetadataFileList

WriteAuxiliaryFile /Users/justinhou/Development/deepshelves/.build/S6UIDerivedData/Build/Intermediates.noindex/GRDB.build/Release/GRDB.build/DerivedSources/resource_bundle_accessor.swift (in target 'GRDB' from project 'GRDB')
    cd /Users/justinhou/Development/deepshelves/.build/Dependencies/GRDB.swift-a285e4ca87ec6b3584c97b0ec25fc61fec02de60
    write-file /Users/justinhou/Development/deepshelves/.build/S6UIDerivedData/Build/Intermediates.noindex/GRDB.build/Release/GRDB.build/DerivedSources/resource_bundle_accessor.swift

MkDir /Users/justinhou/Development/deepshelves/.build/S6UIDerivedData/Build/Products/Release/Local\ Memory.app/Contents (in target 'LocalMemoryApp' from project 'LocalMemory')
    cd /Users/justinhou/Development/deepshelves
    /bin/mkdir -p /Users/justinhou/Development/deepshelves/.build/S6UIDerivedData/Build/Products/Release/Local\ Memory.app/Contents

MkDir /Users/justinhou/Development/deepshelves/.build/S6UIDerivedData/Build/Products/Release/Local\ Memory.app/Contents/MacOS (in target 'LocalMemoryApp' from project 'LocalMemory')
    cd /Users/justinhou/Development/deepshelves
    /bin/mkdir -p /Users/justinhou/Development/deepshelves/.build/S6UIDerivedData/Build/Products/Release/Local\ Memory.app/Contents/MacOS

MkDir /Users/justinhou/Development/deepshelves/.build/S6UIDerivedData/Build/Products/Release/Local\ Memory.app/Contents/Resources (in target 'LocalMemoryApp' from project 'LocalMemory')
    cd /Users/justinhou/Development/deepshelves
    /bin/mkdir -p /Users/justinhou/Development/deepshelves/.build/S6UIDerivedData/Build/Products/Release/Local\ Memory.app/Contents/Resources

MkDir /Users/justinhou/Development/deepshelves/.build/S6UIDerivedData/Build/Products/Release/Local\ Memory.app/Contents/Frameworks (in target 'LocalMemoryApp' from project 'LocalMemory')
    cd /Users/justinhou/Development/deepshelves
    /bin/mkdir -p /Users/justinhou/Development/deepshelves/.build/S6UIDerivedData/Build/Products/Release/Local\ Memory.app/Contents/Frameworks

MkDir /Users/justinhou/Development/deepshelves/.build/S6UIDerivedData/Build/Products/Release/Local\ Memory.app (in target 'LocalMemoryApp' from project 'LocalMemory')
    cd /Users/justinhou/Development/deepshelves
    /bin/mkdir -p /Users/justinhou/Development/deepshelves/.build/S6UIDerivedData/Build/Products/Release/Local\ Memory.app

Copy /Users/justinhou/Development/deepshelves/.build/S6UIDerivedData/Build/Intermediates.noindex/GeneratedModuleMaps/GRDB.modulemap /Users/justinhou/Development/deepshelves/.build/S6UIDerivedData/Build/Intermediates.noindex/GRDB.build/Release/GRDB.build/GRDB.modulemap (in target 'GRDB' from project 'GRDB')
    cd /Users/justinhou/Development/deepshelves/.build/Dependencies/GRDB.swift-a285e4ca87ec6b3584c97b0ec25fc61fec02de60
    builtin-copy -exclude .DS_Store -exclude CVS -exclude .svn -exclude .git -exclude .hg -strip-unsigned-binaries -strip-deterministic -strip-tool /Applications/Xcode.app/Contents/Developer/Toolchains/XcodeDefault.xctoolchain/usr/bin/strip -resolve-src-symlinks /Users/justinhou/Development/deepshelves/.build/S6UIDerivedData/Build/Intermediates.noindex/GRDB.build/Release/GRDB.build/GRDB.modulemap /Users/justinhou/Development/deepshelves/.build/S6UIDerivedData/Build/Intermediates.noindex/GeneratedModuleMaps

ScanDependencies /Users/justinhou/Development/deepshelves/.build/S6UIDerivedData/Build/Intermediates.noindex/GRDB.build/Release/GRDBSQLCipher.build/Objects-normal/arm64/SQLCipher_config.o /Users/justinhou/Development/deepshelves/.build/Dependencies/GRDB.swift-a285e4ca87ec6b3584c97b0ec25fc61fec02de60/Sources/GRDBSQLCipher/SQLCipher_config.c normal arm64 c com.apple.compilers.llvm.clang.1_0.compiler (in target 'GRDBSQLCipher' from project 'GRDB')
    cd /Users/justinhou/Development/deepshelves/LocalMemory.xcodeproj

    Using response file: /Users/justinhou/Development/deepshelves/.build/S6UIDerivedData/Build/Intermediates.noindex/GRDB.build/Release/GRDBSQLCipher.build/Objects-normal/arm64/7187679823f38a2a940e0043cdf9d637-common-args.resp

    builtin-ScanDependencies -o /Users/justinhou/Development/deepshelves/.build/S6UIDerivedData/Build/Intermediates.noindex/GRDB.build/Release/GRDBSQLCipher.build/Objects-normal/arm64/SQLCipher_config.o.scan -- /Applications/Xcode.app/Contents/Developer/Toolchains/XcodeDefault.xctoolchain/usr/bin/clang -x c -ivfsstatcache /Users/justinhou/Development/deepshelves/.build/S6UIDerivedData/SDKStatCaches.noindex/macosx26.5-25F70-e082c4a02f00227109f4ed75e425c832.sdkstatcache -target arm64-apple-macos15.0 -fmessage-length\=0 -fdiagnostics-show-note-include-stack -fmacro-backtrace-limit\=0 -fno-color-diagnostics -fmodules-prune-interval\=86400 -fmodules-prune-after\=345600 -fbuild-session-file\=/Users/justinhou/Development/deepshelves/.build/S6UIDerivedData/ModuleCache.noindex/Session.modulevalidation -fmodules-validate-once-per-build-session -Wnon-modular-include-in-framework-module -Werror\=non-modular-include-in-framework-module -Wno-trigraphs -Wno-missing-field-initializers -Wno-missing-prototypes -Wno-return-type -Wno-missing-braces -Wparentheses -Wswitch -Wno-unused-function -Wno-unused-label -Wno-unused-parameter -Wno-unused-variable -Wunused-value -Wno-empty-body -Wno-uninitialized -Wno-unknown-pragmas -w -Wno-shadow -Wno-four-char-constants -Wno-conversion -Wno-constant-conversion -Wno-int-conversion -Wno-bool-conversion -Wno-enum-conversion -Wno-float-conversion -Wno-non-literal-null-conversion -Wno-objc-literal-conversion -Wshorten-64-to-32 -Wpointer-sign -Wno-newline-eof -Wno-implicit-fallthrough -isysroot /Applications/Xcode.app/Contents/Developer/Platforms/MacOSX.platform/Developer/SDKs/MacOSX26.5.sdk -fstrict-aliasing -Wdeprecated-declarations -Wno-sign-conversion -Wno-infinite-recursion -Wno-comma -Wno-block-capture-autoreleasing -Wno-strict-prototypes -Wno-semicolon-before-method-body @/Users/justinhou/Development/deepshelves/.build/S6UIDerivedData/Build/Intermediates.noindex/GRDB.build/Release/GRDBSQLCipher.build/Objects-normal/arm64/7187679823f38a2a940e0043cdf9d637-common-args.resp -MMD -MT dependencies -MF /Users/justinhou/Development/deepshelves/.build/S6UIDerivedData/Build/Intermediates.noindex/GRDB.build/Release/GRDBSQLCipher.build/Objects-normal/arm64/SQLCipher_config.d --serialize-diagnostics /Users/justinhou/Development/deepshelves/.build/S6UIDerivedData/Build/Intermediates.noindex/GRDB.build/Release/GRDBSQLCipher.build/Objects-normal/arm64/SQLCipher_config.dia -c /Users/justinhou/Development/deepshelves/.build/Dependencies/GRDB.swift-a285e4ca87ec6b3584c97b0ec25fc61fec02de60/Sources/GRDBSQLCipher/SQLCipher_config.c -o /Users/justinhou/Development/deepshelves/.build/S6UIDerivedData/Build/Intermediates.noindex/GRDB.build/Release/GRDBSQLCipher.build/Objects-normal/arm64/SQLCipher_config.o

SwiftDriver MemoryEnrichment normal arm64 com.apple.xcode.tools.swift.compiler (in target 'MemoryEnrichment' from project 'MemoryEnrichment')
    cd /Users/justinhou/Development/deepshelves/LocalMemory.xcodeproj
    builtin-SwiftDriver -- /Applications/Xcode.app/Contents/Developer/Toolchains/XcodeDefault.xctoolchain/usr/bin/swiftc -module-name MemoryEnrichment -O -whole-module-optimization @/Users/justinhou/Development/deepshelves/.build/S6UIDerivedData/Build/Intermediates.noindex/MemoryEnrichment.build/Release/MemoryEnrichment.build/Objects-normal/arm64/MemoryEnrichment.SwiftFileList -DSWIFT_PACKAGE -DSWIFT_MODULE_RESOURCE_BUNDLE_AVAILABLE -DXcode -plugin-path /Applications/Xcode.app/Contents/Developer/Toolchains/XcodeDefault.xctoolchain/usr/lib/swift/host/plugins/testing -enable-experimental-feature DebugDescriptionMacro -sdk /Applications/Xcode.app/Contents/Developer/Platforms/MacOSX.platform/Developer/SDKs/MacOSX26.5.sdk -target arm64-apple-macos15.0 -g -module-cache-path /Users/justinhou/Development/deepshelves/.build/S6UIDerivedData/ModuleCache.noindex -Xfrontend -serialize-debugging-options -swift-version 6 -I /Users/justinhou/Development/deepshelves/.build/S6UIDerivedData/Build/Products/Release -Isystem /Applications/Xcode.app/Contents/Developer/Platforms/MacOSX.platform/Developer/usr/lib -F /Users/justinhou/Development/deepshelves/.build/S6UIDerivedData/Build/Products/Release -F /Applications/Xcode.app/Contents/Developer/Platforms/MacOSX.platform/Developer/Library/Frameworks -c -num-threads 12 -Xcc -ivfsstatcache -Xcc /Users/justinhou/Development/deepshelves/.build/S6UIDerivedData/SDKStatCaches.noindex/macosx26.5-25F70-e082c4a02f00227109f4ed75e425c832.sdkstatcache -output-file-map /Users/justinhou/Development/deepshelves/.build/S6UIDerivedData/Build/Intermediates.noindex/MemoryEnrichment.build/Release/MemoryEnrichment.build/Objects-normal/arm64/MemoryEnrichment-OutputFileMap.json -use-frontend-parseable-output -save-temps -no-color-diagnostics -explicit-module-build -module-cache-path /Users/justinhou/Development/deepshelves/.build/S6UIDerivedData/Build/Intermediates.noindex/SwiftExplicitPrecompiledModules -clang-scanner-module-cache-path /Users/justinhou/Development/deepshelves/.build/S6UIDerivedData/ModuleCache.noindex -sdk-module-cache-path /Users/justinhou/Development/deepshelves/.build/S6UIDerivedData/ModuleCache.noindex -serialize-diagnostics -emit-dependencies -emit-module -emit-module-path /Users/justinhou/Development/deepshelves/.build/S6UIDerivedData/Build/Intermediates.noindex/MemoryEnrichment.build/Release/MemoryEnrichment.build/Objects-normal/arm64/MemoryEnrichment.swiftmodule -validate-clang-modules-once -clang-build-session-file /Users/justinhou/Development/deepshelves/.build/S6UIDerivedData/ModuleCache.noindex/Session.modulevalidation -package-name memoryenrichment -Xcc -I/Users/justinhou/Development/deepshelves/.build/S6UIDerivedData/Build/Intermediates.noindex/MemoryEnrichment.build/Release/MemoryEnrichment.build/swift-overrides.hmap -emit-const-values -Xfrontend -const-gather-protocols-file -Xfrontend /Users/justinhou/Development/deepshelves/.build/S6UIDerivedData/Build/Intermediates.noindex/MemoryEnrichment.build/Release/MemoryEnrichment.build/Objects-normal/arm64/MemoryEnrichment_const_extract_protocols.json -Xcc -I/Users/justinhou/Development/deepshelves/.build/S6UIDerivedData/Build/Products/Release/include -Xcc -I/Users/justinhou/Development/deepshelves/.build/S6UIDerivedData/Build/Intermediates.noindex/MemoryEnrichment.build/Release/MemoryEnrichment.build/DerivedSources-normal/arm64 -Xcc -I/Users/justinhou/Development/deepshelves/.build/S6UIDerivedData/Build/Intermediates.noindex/MemoryEnrichment.build/Release/MemoryEnrichment.build/DerivedSources/arm64 -Xcc -I/Users/justinhou/Development/deepshelves/.build/S6UIDerivedData/Build/Intermediates.noindex/MemoryEnrichment.build/Release/MemoryEnrichment.build/DerivedSources -Xcc -DSWIFT_PACKAGE -emit-objc-header -emit-objc-header-path /Users/justinhou/Development/deepshelves/.build/S6UIDerivedData/Build/Intermediates.noindex/MemoryEnrichment.build/Release/MemoryEnrichment.build/Objects-normal/arm64/MemoryEnrichment-Swift.h -working-directory /Users/justinhou/Development/deepshelves/LocalMemory.xcodeproj -no-emit-module-separately-wmo

SwiftDriver MemoryContracts normal arm64 com.apple.xcode.tools.swift.compiler (in target 'MemoryContracts' from project 'MemoryContracts')
    cd /Users/justinhou/Development/deepshelves/LocalMemory.xcodeproj
    builtin-SwiftDriver -- /Applications/Xcode.app/Contents/Developer/Toolchains/XcodeDefault.xctoolchain/usr/bin/swiftc -module-name MemoryContracts -O -whole-module-optimization @/Users/justinhou/Development/deepshelves/.build/S6UIDerivedData/Build/Intermediates.noindex/MemoryContracts.build/Release/MemoryContracts.build/Objects-normal/arm64/MemoryContracts.SwiftFileList -DSWIFT_PACKAGE -DSWIFT_MODULE_RESOURCE_BUNDLE_UNAVAILABLE -DXcode -plugin-path /Applications/Xcode.app/Contents/Developer/Toolchains/XcodeDefault.xctoolchain/usr/lib/swift/host/plugins/testing -enable-experimental-feature DebugDescriptionMacro -sdk /Applications/Xcode.app/Contents/Developer/Platforms/MacOSX.platform/Developer/SDKs/MacOSX26.5.sdk -target arm64-apple-macos15.0 -g -module-cache-path /Users/justinhou/Development/deepshelves/.build/S6UIDerivedData/ModuleCache.noindex -Xfrontend -serialize-debugging-options -swift-version 6 -I /Users/justinhou/Development/deepshelves/.build/S6UIDerivedData/Build/Products/Release -Isystem /Applications/Xcode.app/Contents/Developer/Platforms/MacOSX.platform/Developer/usr/lib -F /Users/justinhou/Development/deepshelves/.build/S6UIDerivedData/Build/Products/Release -F /Applications/Xcode.app/Contents/Developer/Platforms/MacOSX.platform/Developer/Library/Frameworks -c -num-threads 12 -Xcc -ivfsstatcache -Xcc /Users/justinhou/Development/deepshelves/.build/S6UIDerivedData/SDKStatCaches.noindex/macosx26.5-25F70-e082c4a02f00227109f4ed75e425c832.sdkstatcache -output-file-map /Users/justinhou/Development/deepshelves/.build/S6UIDerivedData/Build/Intermediates.noindex/MemoryContracts.build/Release/MemoryContracts.build/Objects-normal/arm64/MemoryContracts-OutputFileMap.json -use-frontend-parseable-output -save-temps -no-color-diagnostics -explicit-module-build -module-cache-path /Users/justinhou/Development/deepshelves/.build/S6UIDerivedData/Build/Intermediates.noindex/SwiftExplicitPrecompiledModules -clang-scanner-module-cache-path /Users/justinhou/Development/deepshelves/.build/S6UIDerivedData/ModuleCache.noindex -sdk-module-cache-path /Users/justinhou/Development/deepshelves/.build/S6UIDerivedData/ModuleCache.noindex -serialize-diagnostics -emit-dependencies -emit-module -emit-module-path /Users/justinhou/Development/deepshelves/.build/S6UIDerivedData/Build/Intermediates.noindex/MemoryContracts.build/Release/MemoryContracts.build/Objects-normal/arm64/MemoryContracts.swiftmodule -validate-clang-modules-once -clang-build-session-file /Users/justinhou/Development/deepshelves/.build/S6UIDerivedData/ModuleCache.noindex/Session.modulevalidation -package-name memorycontracts -Xcc -I/Users/justinhou/Development/deepshelves/.build/S6UIDerivedData/Build/Intermediates.noindex/MemoryContracts.build/Release/MemoryContracts.build/swift-overrides.hmap -emit-const-values -Xfrontend -const-gather-protocols-file -Xfrontend /Users/justinhou/Development/deepshelves/.build/S6UIDerivedData/Build/Intermediates.noindex/MemoryContracts.build/Release/MemoryContracts.build/Objects-normal/arm64/MemoryContracts_const_extract_protocols.json -Xcc -I/Users/justinhou/Development/deepshelves/.build/S6UIDerivedData/Build/Products/Release/include -Xcc -I/Users/justinhou/Development/deepshelves/.build/S6UIDerivedData/Build/Intermediates.noindex/MemoryContracts.build/Release/MemoryContracts.build/DerivedSources-normal/arm64 -Xcc -I/Users/justinhou/Development/deepshelves/.build/S6UIDerivedData/Build/Intermediates.noindex/MemoryContracts.build/Release/MemoryContracts.build/DerivedSources/arm64 -Xcc -I/Users/justinhou/Development/deepshelves/.build/S6UIDerivedData/Build/Intermediates.noindex/MemoryContracts.build/Release/MemoryContracts.build/DerivedSources -Xcc -DSWIFT_PACKAGE -emit-objc-header -emit-objc-header-path /Users/justinhou/Development/deepshelves/.build/S6UIDerivedData/Build/Intermediates.noindex/MemoryContracts.build/Release/MemoryContracts.build/Objects-normal/arm64/MemoryContracts-Swift.h -working-directory /Users/justinhou/Development/deepshelves/LocalMemory.xcodeproj -no-emit-module-separately-wmo

SwiftDriver MemoryDesignSystem normal arm64 com.apple.xcode.tools.swift.compiler (in target 'MemoryDesignSystem' from project 'MemoryDesignSystem')
    cd /Users/justinhou/Development/deepshelves/LocalMemory.xcodeproj
    builtin-SwiftDriver -- /Applications/Xcode.app/Contents/Developer/Toolchains/XcodeDefault.xctoolchain/usr/bin/swiftc -module-name MemoryDesignSystem -O -whole-module-optimization @/Users/justinhou/Development/deepshelves/.build/S6UIDerivedData/Build/Intermediates.noindex/MemoryDesignSystem.build/Release/MemoryDesignSystem.build/Objects-normal/arm64/MemoryDesignSystem.SwiftFileList -DSWIFT_PACKAGE -DSWIFT_MODULE_RESOURCE_BUNDLE_UNAVAILABLE -DXcode -plugin-path /Applications/Xcode.app/Contents/Developer/Toolchains/XcodeDefault.xctoolchain/usr/lib/swift/host/plugins/testing -enable-experimental-feature DebugDescriptionMacro -sdk /Applications/Xcode.app/Contents/Developer/Platforms/MacOSX.platform/Developer/SDKs/MacOSX26.5.sdk -target arm64-apple-macos15.0 -g -module-cache-path /Users/justinhou/Development/deepshelves/.build/S6UIDerivedData/ModuleCache.noindex -Xfrontend -serialize-debugging-options -swift-version 6 -I /Users/justinhou/Development/deepshelves/.build/S6UIDerivedData/Build/Products/Release -Isystem /Applications/Xcode.app/Contents/Developer/Platforms/MacOSX.platform/Developer/usr/lib -F /Users/justinhou/Development/deepshelves/.build/S6UIDerivedData/Build/Products/Release -F /Applications/Xcode.app/Contents/Developer/Platforms/MacOSX.platform/Developer/Library/Frameworks -c -num-threads 12 -Xcc -ivfsstatcache -Xcc /Users/justinhou/Development/deepshelves/.build/S6UIDerivedData/SDKStatCaches.noindex/macosx26.5-25F70-e082c4a02f00227109f4ed75e425c832.sdkstatcache -output-file-map /Users/justinhou/Development/deepshelves/.build/S6UIDerivedData/Build/Intermediates.noindex/MemoryDesignSystem.build/Release/MemoryDesignSystem.build/Objects-normal/arm64/MemoryDesignSystem-OutputFileMap.json -use-frontend-parseable-output -save-temps -no-color-diagnostics -explicit-module-build -module-cache-path /Users/justinhou/Development/deepshelves/.build/S6UIDerivedData/Build/Intermediates.noindex/SwiftExplicitPrecompiledModules -clang-scanner-module-cache-path /Users/justinhou/Development/deepshelves/.build/S6UIDerivedData/ModuleCache.noindex -sdk-module-cache-path /Users/justinhou/Development/deepshelves/.build/S6UIDerivedData/ModuleCache.noindex -serialize-diagnostics -emit-dependencies -emit-module -emit-module-path /Users/justinhou/Development/deepshelves/.build/S6UIDerivedData/Build/Intermediates.noindex/MemoryDesignSystem.build/Release/MemoryDesignSystem.build/Objects-normal/arm64/MemoryDesignSystem.swiftmodule -validate-clang-modules-once -clang-build-session-file /Users/justinhou/Development/deepshelves/.build/S6UIDerivedData/ModuleCache.noindex/Session.modulevalidation -package-name memorydesignsystem -Xcc -I/Users/justinhou/Development/deepshelves/.build/S6UIDerivedData/Build/Intermediates.noindex/MemoryDesignSystem.build/Release/MemoryDesignSystem.build/swift-overrides.hmap -emit-const-values -Xfrontend -const-gather-protocols-file -Xfrontend /Users/justinhou/Development/deepshelves/.build/S6UIDerivedData/Build/Intermediates.noindex/MemoryDesignSystem.build/Release/MemoryDesignSystem.build/Objects-normal/arm64/MemoryDesignSystem_const_extract_protocols.json -Xcc -I/Users/justinhou/Development/deepshelves/.build/S6UIDerivedData/Build/Products/Release/include -Xcc -I/Users/justinhou/Development/deepshelves/.build/S6UIDerivedData/Build/Intermediates.noindex/MemoryDesignSystem.build/Release/MemoryDesignSystem.build/DerivedSources-normal/arm64 -Xcc -I/Users/justinhou/Development/deepshelves/.build/S6UIDerivedData/Build/Intermediates.noindex/MemoryDesignSystem.build/Release/MemoryDesignSystem.build/DerivedSources/arm64 -Xcc -I/Users/justinhou/Development/deepshelves/.build/S6UIDerivedData/Build/Intermediates.noindex/MemoryDesignSystem.build/Release/MemoryDesignSystem.build/DerivedSources -Xcc -DSWIFT_PACKAGE -emit-objc-header -emit-objc-header-path /Users/justinhou/Development/deepshelves/.build/S6UIDerivedData/Build/Intermediates.noindex/MemoryDesignSystem.build/Release/MemoryDesignSystem.build/Objects-normal/arm64/MemoryDesignSystem-Swift.h -working-directory /Users/justinhou/Development/deepshelves/LocalMemory.xcodeproj -no-emit-module-separately-wmo

SwiftDriver MemoryCapture normal arm64 com.apple.xcode.tools.swift.compiler (in target 'MemoryCapture' from project 'MemoryCapture')
    cd /Users/justinhou/Development/deepshelves/LocalMemory.xcodeproj
    builtin-SwiftDriver -- /Applications/Xcode.app/Contents/Developer/Toolchains/XcodeDefault.xctoolchain/usr/bin/swiftc -module-name MemoryCapture -O -whole-module-optimization @/Users/justinhou/Development/deepshelves/.build/S6UIDerivedData/Build/Intermediates.noindex/MemoryCapture.build/Release/MemoryCapture.build/Objects-normal/arm64/MemoryCapture.SwiftFileList -DSWIFT_PACKAGE -DSWIFT_MODULE_RESOURCE_BUNDLE_UNAVAILABLE -DXcode -plugin-path /Applications/Xcode.app/Contents/Developer/Toolchains/XcodeDefault.xctoolchain/usr/lib/swift/host/plugins/testing -enable-experimental-feature DebugDescriptionMacro -sdk /Applications/Xcode.app/Contents/Developer/Platforms/MacOSX.platform/Developer/SDKs/MacOSX26.5.sdk -target arm64-apple-macos15.0 -g -module-cache-path /Users/justinhou/Development/deepshelves/.build/S6UIDerivedData/ModuleCache.noindex -Xfrontend -serialize-debugging-options -swift-version 6 -I /Users/justinhou/Development/deepshelves/.build/S6UIDerivedData/Build/Products/Release -Isystem /Applications/Xcode.app/Contents/Developer/Platforms/MacOSX.platform/Developer/usr/lib -F /Users/justinhou/Development/deepshelves/.build/S6UIDerivedData/Build/Products/Release -F /Applications/Xcode.app/Contents/Developer/Platforms/MacOSX.platform/Developer/Library/Frameworks -c -num-threads 12 -Xcc -ivfsstatcache -Xcc /Users/justinhou/Development/deepshelves/.build/S6UIDerivedData/SDKStatCaches.noindex/macosx26.5-25F70-e082c4a02f00227109f4ed75e425c832.sdkstatcache -output-file-map /Users/justinhou/Development/deepshelves/.build/S6UIDerivedData/Build/Intermediates.noindex/MemoryCapture.build/Release/MemoryCapture.build/Objects-normal/arm64/MemoryCapture-OutputFileMap.json -use-frontend-parseable-output -save-temps -no-color-diagnostics -explicit-module-build -module-cache-path /Users/justinhou/Development/deepshelves/.build/S6UIDerivedData/Build/Intermediates.noindex/SwiftExplicitPrecompiledModules -clang-scanner-module-cache-path /Users/justinhou/Development/deepshelves/.build/S6UIDerivedData/ModuleCache.noindex -sdk-module-cache-path /Users/justinhou/Development/deepshelves/.build/S6UIDerivedData/ModuleCache.noindex -serialize-diagnostics -emit-dependencies -emit-module -emit-module-path /Users/justinhou/Development/deepshelves/.build/S6UIDerivedData/Build/Intermediates.noindex/MemoryCapture.build/Release/MemoryCapture.build/Objects-normal/arm64/MemoryCapture.swiftmodule -validate-clang-modules-once -clang-build-session-file /Users/justinhou/Development/deepshelves/.build/S6UIDerivedData/ModuleCache.noindex/Session.modulevalidation -package-name memorycapture -Xcc -I/Users/justinhou/Development/deepshelves/.build/S6UIDerivedData/Build/Intermediates.noindex/MemoryCapture.build/Release/MemoryCapture.build/swift-overrides.hmap -emit-const-values -Xfrontend -const-gather-protocols-file -Xfrontend /Users/justinhou/Development/deepshelves/.build/S6UIDerivedData/Build/Intermediates.noindex/MemoryCapture.build/Release/MemoryCapture.build/Objects-normal/arm64/MemoryCapture_const_extract_protocols.json -Xcc -I/Users/justinhou/Development/deepshelves/.build/S6UIDerivedData/Build/Products/Release/include -Xcc -I/Users/justinhou/Development/deepshelves/.build/S6UIDerivedData/Build/Intermediates.noindex/MemoryCapture.build/Release/MemoryCapture.build/DerivedSources-normal/arm64 -Xcc -I/Users/justinhou/Development/deepshelves/.build/S6UIDerivedData/Build/Intermediates.noindex/MemoryCapture.build/Release/MemoryCapture.build/DerivedSources/arm64 -Xcc -I/Users/justinhou/Development/deepshelves/.build/S6UIDerivedData/Build/Intermediates.noindex/MemoryCapture.build/Release/MemoryCapture.build/DerivedSources -Xcc -DSWIFT_PACKAGE -emit-objc-header -emit-objc-header-path /Users/justinhou/Development/deepshelves/.build/S6UIDerivedData/Build/Intermediates.noindex/MemoryCapture.build/Release/MemoryCapture.build/Objects-normal/arm64/MemoryCapture-Swift.h -working-directory /Users/justinhou/Development/deepshelves/LocalMemory.xcodeproj -no-emit-module-separately-wmo

SwiftDriver GRDB normal arm64 com.apple.xcode.tools.swift.compiler (in target 'GRDB' from project 'GRDB')
    cd /Users/justinhou/Development/deepshelves/LocalMemory.xcodeproj
    builtin-SwiftDriver -- /Applications/Xcode.app/Contents/Developer/Toolchains/XcodeDefault.xctoolchain/usr/bin/swiftc -module-name GRDB -O -whole-module-optimization @/Users/justinhou/Development/deepshelves/.build/S6UIDerivedData/Build/Intermediates.noindex/GRDB.build/Release/GRDB.build/Objects-normal/arm64/GRDB.SwiftFileList -DSWIFT_PACKAGE -DSWIFT_MODULE_RESOURCE_BUNDLE_AVAILABLE -DSQLITE_ENABLE_FTS5 -DSQLITE_ENABLE_SNAPSHOT -DSQLITE_HAS_CODEC -DSQLCipher -DXcode -enable-upcoming-feature MemberImportVisibility -plugin-path /Applications/Xcode.app/Contents/Developer/Toolchains/XcodeDefault.xctoolchain/usr/lib/swift/host/plugins/testing -enable-experimental-feature DebugDescriptionMacro -sdk /Applications/Xcode.app/Contents/Developer/Platforms/MacOSX.platform/Developer/SDKs/MacOSX26.5.sdk -target arm64-apple-macos15.0 -g -module-cache-path /Users/justinhou/Development/deepshelves/.build/S6UIDerivedData/ModuleCache.noindex -Xfrontend -serialize-debugging-options -suppress-warnings -swift-version 6 -I /Users/justinhou/Development/deepshelves/.build/S6UIDerivedData/Build/Products/Release -Isystem /Applications/Xcode.app/Contents/Developer/Platforms/MacOSX.platform/Developer/usr/lib -F /Users/justinhou/Development/deepshelves/.build/S6UIDerivedData/Build/Products/Release/PackageFrameworks -F /Users/justinhou/Development/deepshelves/.build/S6UIDerivedData/Build/Products/Release -F /Applications/Xcode.app/Contents/Developer/Platforms/MacOSX.platform/Developer/Library/Frameworks -c -num-threads 12 -Xcc -ivfsstatcache -Xcc /Users/justinhou/Development/deepshelves/.build/S6UIDerivedData/SDKStatCaches.noindex/macosx26.5-25F70-e082c4a02f00227109f4ed75e425c832.sdkstatcache -output-file-map /Users/justinhou/Development/deepshelves/.build/S6UIDerivedData/Build/Intermediates.noindex/GRDB.build/Release/GRDB.build/Objects-normal/arm64/GRDB-OutputFileMap.json -use-frontend-parseable-output -save-temps -no-color-diagnostics -explicit-module-build -module-cache-path /Users/justinhou/Development/deepshelves/.build/S6UIDerivedData/Build/Intermediates.noindex/SwiftExplicitPrecompiledModules -clang-scanner-module-cache-path /Users/justinhou/Development/deepshelves/.build/S6UIDerivedData/ModuleCache.noindex -sdk-module-cache-path /Users/justinhou/Development/deepshelves/.build/S6UIDerivedData/ModuleCache.noindex -serialize-diagnostics -emit-dependencies -emit-module -emit-module-path /Users/justinhou/Development/deepshelves/.build/S6UIDerivedData/Build/Intermediates.noindex/GRDB.build/Release/GRDB.build/Objects-normal/arm64/GRDB.swiftmodule -validate-clang-modules-once -clang-build-session-file /Users/justinhou/Development/deepshelves/.build/S6UIDerivedData/ModuleCache.noindex/Session.modulevalidation -package-name grdb_swift_a285e4ca87ec6b3584c97b0ec25fc61fec02de60 -Xcc -I/Users/justinhou/Development/deepshelves/.build/S6UIDerivedData/Build/Intermediates.noindex/GRDB.build/Release/GRDB.build/swift-overrides.hmap -emit-const-values -Xfrontend -const-gather-protocols-file -Xfrontend /Users/justinhou/Development/deepshelves/.build/S6UIDerivedData/Build/Intermediates.noindex/GRDB.build/Release/GRDB.build/Objects-normal/arm64/GRDB_const_extract_protocols.json -Xcc -I/Users/justinhou/Development/deepshelves/.build/Dependencies/GRDB.swift-a285e4ca87ec6b3584c97b0ec25fc61fec02de60/Sources/GRDBSQLCipher/include -Xcc -I/Users/justinhou/Development/deepshelves/.build/S6UIDerivedData/Build/Products/Release/include -Xcc -I/Users/justinhou/Development/deepshelves/.build/S6UIDerivedData/Build/Intermediates.noindex/GRDB.build/Release/GRDB.build/DerivedSources-normal/arm64 -Xcc -I/Users/justinhou/Development/deepshelves/.build/S6UIDerivedData/Build/Intermediates.noindex/GRDB.build/Release/GRDB.build/DerivedSources/arm64 -Xcc -I/Users/justinhou/Development/deepshelves/.build/S6UIDerivedData/Build/Intermediates.noindex/GRDB.build/Release/GRDB.build/DerivedSources -Xcc -DSWIFT_PACKAGE -Xcc -DSQLITE_HAS_CODEC -emit-objc-header -emit-objc-header-path /Users/justinhou/Development/deepshelves/.build/S6UIDerivedData/Build/Intermediates.noindex/GRDB.build/Release/GRDB.build/Objects-normal/arm64/GRDB-Swift.h -working-directory /Users/justinhou/Development/deepshelves/LocalMemory.xcodeproj -no-emit-module-separately-wmo

CompileC /Users/justinhou/Development/deepshelves/.build/S6UIDerivedData/Build/Intermediates.noindex/GRDB.build/Release/GRDBSQLCipher.build/Objects-normal/arm64/SQLCipher_config.o /Users/justinhou/Development/deepshelves/.build/Dependencies/GRDB.swift-a285e4ca87ec6b3584c97b0ec25fc61fec02de60/Sources/GRDBSQLCipher/SQLCipher_config.c normal arm64 c com.apple.compilers.llvm.clang.1_0.compiler (in target 'GRDBSQLCipher' from project 'GRDB')
    cd /Users/justinhou/Development/deepshelves/LocalMemory.xcodeproj

    Using response file: /Users/justinhou/Development/deepshelves/.build/S6UIDerivedData/Build/Intermediates.noindex/GRDB.build/Release/GRDBSQLCipher.build/Objects-normal/arm64/7187679823f38a2a940e0043cdf9d637-common-args.resp

    /Applications/Xcode.app/Contents/Developer/Toolchains/XcodeDefault.xctoolchain/usr/bin/clang -x c -ivfsstatcache /Users/justinhou/Development/deepshelves/.build/S6UIDerivedData/SDKStatCaches.noindex/macosx26.5-25F70-e082c4a02f00227109f4ed75e425c832.sdkstatcache -target arm64-apple-macos15.0 -fmessage-length\=0 -fdiagnostics-show-note-include-stack -fmacro-backtrace-limit\=0 -fno-color-diagnostics -fmodules-prune-interval\=86400 -fmodules-prune-after\=345600 -fbuild-session-file\=/Users/justinhou/Development/deepshelves/.build/S6UIDerivedData/ModuleCache.noindex/Session.modulevalidation -fmodules-validate-once-per-build-session -Wnon-modular-include-in-framework-module -Werror\=non-modular-include-in-framework-module -Wno-trigraphs -Wno-missing-field-initializers -Wno-missing-prototypes -Wno-return-type -Wno-missing-braces -Wparentheses -Wswitch -Wno-unused-function -Wno-unused-label -Wno-unused-parameter -Wno-unused-variable -Wunused-value -Wno-empty-body -Wno-uninitialized -Wno-unknown-pragmas -w -Wno-shadow -Wno-four-char-constants -Wno-conversion -Wno-constant-conversion -Wno-int-conversion -Wno-bool-conversion -Wno-enum-conversion -Wno-float-conversion -Wno-non-literal-null-conversion -Wno-objc-literal-conversion -Wshorten-64-to-32 -Wpointer-sign -Wno-newline-eof -Wno-implicit-fallthrough -isysroot /Applications/Xcode.app/Contents/Developer/Platforms/MacOSX.platform/Developer/SDKs/MacOSX26.5.sdk -fstrict-aliasing -Wdeprecated-declarations -Wno-sign-conversion -Wno-infinite-recursion -Wno-comma -Wno-block-capture-autoreleasing -Wno-strict-prototypes -Wno-semicolon-before-method-body @/Users/justinhou/Development/deepshelves/.build/S6UIDerivedData/Build/Intermediates.noindex/GRDB.build/Release/GRDBSQLCipher.build/Objects-normal/arm64/7187679823f38a2a940e0043cdf9d637-common-args.resp -MMD -MT dependencies -MF /Users/justinhou/Development/deepshelves/.build/S6UIDerivedData/Build/Intermediates.noindex/GRDB.build/Release/GRDBSQLCipher.build/Objects-normal/arm64/SQLCipher_config.d --serialize-diagnostics /Users/justinhou/Development/deepshelves/.build/S6UIDerivedData/Build/Intermediates.noindex/GRDB.build/Release/GRDBSQLCipher.build/Objects-normal/arm64/SQLCipher_config.dia -c /Users/justinhou/Development/deepshelves/.build/Dependencies/GRDB.swift-a285e4ca87ec6b3584c97b0ec25fc61fec02de60/Sources/GRDBSQLCipher/SQLCipher_config.c -o /Users/justinhou/Development/deepshelves/.build/S6UIDerivedData/Build/Intermediates.noindex/GRDB.build/Release/GRDBSQLCipher.build/Objects-normal/arm64/SQLCipher_config.o

Ld /Users/justinhou/Development/deepshelves/.build/S6UIDerivedData/Build/Products/Release/GRDBSQLCipher.o normal (in target 'GRDBSQLCipher' from project 'GRDB')
    cd /Users/justinhou/Development/deepshelves/.build/Dependencies/GRDB.swift-a285e4ca87ec6b3584c97b0ec25fc61fec02de60
    /Applications/Xcode.app/Contents/Developer/Toolchains/XcodeDefault.xctoolchain/usr/bin/clang -Xlinker -reproducible -target arm64-apple-macos15.0 -r -isysroot /Applications/Xcode.app/Contents/Developer/Platforms/MacOSX.platform/Developer/SDKs/MacOSX26.5.sdk -Os -w -F/Users/justinhou/Development/deepshelves/.build/S6UIDerivedData/Build/Intermediates.noindex/EagerLinkingTBDs/Release -F/Users/justinhou/Development/deepshelves/.build/S6UIDerivedData/Build/Products/Release -iframework /Applications/Xcode.app/Contents/Developer/Platforms/MacOSX.platform/Developer/Library/Frameworks -filelist /Users/justinhou/Development/deepshelves/.build/S6UIDerivedData/Build/Intermediates.noindex/GRDB.build/Release/GRDBSQLCipher.build/Objects-normal/arm64/GRDBSQLCipher.LinkFileList -nostdlib -Xlinker -object_path_lto -Xlinker /Users/justinhou/Development/deepshelves/.build/S6UIDerivedData/Build/Intermediates.noindex/GRDB.build/Release/GRDBSQLCipher.build/Objects-normal/arm64/GRDBSQLCipher_lto.o -Xlinker -dependency_info -Xlinker /Users/justinhou/Development/deepshelves/.build/S6UIDerivedData/Build/Intermediates.noindex/GRDB.build/Release/GRDBSQLCipher.build/Objects-normal/arm64/GRDBSQLCipher_dependency_info.dat -o /Users/justinhou/Development/deepshelves/.build/S6UIDerivedData/Build/Products/Release/GRDBSQLCipher.o

RegisterExecutionPolicyException /Users/justinhou/Development/deepshelves/.build/S6UIDerivedData/Build/Products/Release/GRDBSQLCipher.o (in target 'GRDBSQLCipher' from project 'GRDB')
    cd /Users/justinhou/Development/deepshelves/.build/Dependencies/GRDB.swift-a285e4ca87ec6b3584c97b0ec25fc61fec02de60
    builtin-RegisterExecutionPolicyException /Users/justinhou/Development/deepshelves/.build/S6UIDerivedData/Build/Products/Release/GRDBSQLCipher.o

SwiftDriver\ Compilation MemoryDesignSystem normal arm64 com.apple.xcode.tools.swift.compiler (in target 'MemoryDesignSystem' from project 'MemoryDesignSystem')
    cd /Users/justinhou/Development/deepshelves/LocalMemory.xcodeproj
    builtin-Swift-Compilation -- /Applications/Xcode.app/Contents/Developer/Toolchains/XcodeDefault.xctoolchain/usr/bin/swiftc -module-name MemoryDesignSystem -O -whole-module-optimization @/Users/justinhou/Development/deepshelves/.build/S6UIDerivedData/Build/Intermediates.noindex/MemoryDesignSystem.build/Release/MemoryDesignSystem.build/Objects-normal/arm64/MemoryDesignSystem.SwiftFileList -DSWIFT_PACKAGE -DSWIFT_MODULE_RESOURCE_BUNDLE_UNAVAILABLE -DXcode -plugin-path /Applications/Xcode.app/Contents/Developer/Toolchains/XcodeDefault.xctoolchain/usr/lib/swift/host/plugins/testing -enable-experimental-feature DebugDescriptionMacro -sdk /Applications/Xcode.app/Contents/Developer/Platforms/MacOSX.platform/Developer/SDKs/MacOSX26.5.sdk -target arm64-apple-macos15.0 -g -module-cache-path /Users/justinhou/Development/deepshelves/.build/S6UIDerivedData/ModuleCache.noindex -Xfrontend -serialize-debugging-options -swift-version 6 -I /Users/justinhou/Development/deepshelves/.build/S6UIDerivedData/Build/Products/Release -Isystem /Applications/Xcode.app/Contents/Developer/Platforms/MacOSX.platform/Developer/usr/lib -F /Users/justinhou/Development/deepshelves/.build/S6UIDerivedData/Build/Products/Release -F /Applications/Xcode.app/Contents/Developer/Platforms/MacOSX.platform/Developer/Library/Frameworks -c -num-threads 12 -Xcc -ivfsstatcache -Xcc /Users/justinhou/Development/deepshelves/.build/S6UIDerivedData/SDKStatCaches.noindex/macosx26.5-25F70-e082c4a02f00227109f4ed75e425c832.sdkstatcache -output-file-map /Users/justinhou/Development/deepshelves/.build/S6UIDerivedData/Build/Intermediates.noindex/MemoryDesignSystem.build/Release/MemoryDesignSystem.build/Objects-normal/arm64/MemoryDesignSystem-OutputFileMap.json -use-frontend-parseable-output -save-temps -no-color-diagnostics -explicit-module-build -module-cache-path /Users/justinhou/Development/deepshelves/.build/S6UIDerivedData/Build/Intermediates.noindex/SwiftExplicitPrecompiledModules -clang-scanner-module-cache-path /Users/justinhou/Development/deepshelves/.build/S6UIDerivedData/ModuleCache.noindex -sdk-module-cache-path /Users/justinhou/Development/deepshelves/.build/S6UIDerivedData/ModuleCache.noindex -serialize-diagnostics -emit-dependencies -emit-module -emit-module-path /Users/justinhou/Development/deepshelves/.build/S6UIDerivedData/Build/Intermediates.noindex/MemoryDesignSystem.build/Release/MemoryDesignSystem.build/Objects-normal/arm64/MemoryDesignSystem.swiftmodule -validate-clang-modules-once -clang-build-session-file /Users/justinhou/Development/deepshelves/.build/S6UIDerivedData/ModuleCache.noindex/Session.modulevalidation -package-name memorydesignsystem -Xcc -I/Users/justinhou/Development/deepshelves/.build/S6UIDerivedData/Build/Intermediates.noindex/MemoryDesignSystem.build/Release/MemoryDesignSystem.build/swift-overrides.hmap -emit-const-values -Xfrontend -const-gather-protocols-file -Xfrontend /Users/justinhou/Development/deepshelves/.build/S6UIDerivedData/Build/Intermediates.noindex/MemoryDesignSystem.build/Release/MemoryDesignSystem.build/Objects-normal/arm64/MemoryDesignSystem_const_extract_protocols.json -Xcc -I/Users/justinhou/Development/deepshelves/.build/S6UIDerivedData/Build/Products/Release/include -Xcc -I/Users/justinhou/Development/deepshelves/.build/S6UIDerivedData/Build/Intermediates.noindex/MemoryDesignSystem.build/Release/MemoryDesignSystem.build/DerivedSources-normal/arm64 -Xcc -I/Users/justinhou/Development/deepshelves/.build/S6UIDerivedData/Build/Intermediates.noindex/MemoryDesignSystem.build/Release/MemoryDesignSystem.build/DerivedSources/arm64 -Xcc -I/Users/justinhou/Development/deepshelves/.build/S6UIDerivedData/Build/Intermediates.noindex/MemoryDesignSystem.build/Release/MemoryDesignSystem.build/DerivedSources -Xcc -DSWIFT_PACKAGE -emit-objc-header -emit-objc-header-path /Users/justinhou/Development/deepshelves/.build/S6UIDerivedData/Build/Intermediates.noindex/MemoryDesignSystem.build/Release/MemoryDesignSystem.build/Objects-normal/arm64/MemoryDesignSystem-Swift.h -working-directory /Users/justinhou/Development/deepshelves/LocalMemory.xcodeproj -no-emit-module-separately-wmo

SwiftExplicitDependencyGeneratePcm arm64 /Users/justinhou/Development/deepshelves/.build/S6UIDerivedData/ModuleCache.noindex/SwiftShims-4J4KS9JCAE12Q8BGJOF9DUGAY.pcm

SwiftExplicitDependencyGeneratePcm arm64 /Users/justinhou/Development/deepshelves/.build/S6UIDerivedData/ModuleCache.noindex/ptrcheck-4KNEPMI1AIWZN7PNET0ZCAY3E.pcm

SwiftExplicitDependencyGeneratePcm arm64 /Users/justinhou/Development/deepshelves/.build/S6UIDerivedData/ModuleCache.noindex/_Builtin_stdarg-D1Z9JQGZ94QRNGPKVE9HC1PTM.pcm

SwiftExplicitDependencyGeneratePcm arm64 /Users/justinhou/Development/deepshelves/.build/S6UIDerivedData/ModuleCache.noindex/_AvailabilityInternal-SLS2H2FWK2Q18I8764YEN9Y4.pcm

SwiftExplicitDependencyGeneratePcm arm64 /Users/justinhou/Development/deepshelves/.build/S6UIDerivedData/ModuleCache.noindex/_SwiftConcurrencyShims-CH1KBS6290COIJMCS4989SGFS.pcm

SwiftExplicitDependencyGeneratePcm arm64 /Users/justinhou/Development/deepshelves/.build/S6UIDerivedData/ModuleCache.noindex/_Builtin_stdbool-EVJQ2MNUYHHKBKJ073TSMY0FX.pcm

SwiftExplicitDependencyGeneratePcm arm64 /Users/justinhou/Development/deepshelves/.build/S6UIDerivedData/ModuleCache.noindex/_Builtin_stddef-40KSMIDXTJSEVK3IYCOROCCCD.pcm

SwiftExplicitDependencyGeneratePcm arm64 /Users/justinhou/Development/deepshelves/.build/S6UIDerivedData/ModuleCache.noindex/ptrauth-9S6KEEQ5U81N2UX1SD0INVJL2.pcm

SwiftExplicitDependencyGeneratePcm arm64 /Users/justinhou/Development/deepshelves/.build/S6UIDerivedData/ModuleCache.noindex/_Builtin_float-40VYNGR6QHESEDVMGLQZI7AKN.pcm

SwiftDriver\ Compilation MemoryContracts normal arm64 com.apple.xcode.tools.swift.compiler (in target 'MemoryContracts' from project 'MemoryContracts')
    cd /Users/justinhou/Development/deepshelves/LocalMemory.xcodeproj
    builtin-Swift-Compilation -- /Applications/Xcode.app/Contents/Developer/Toolchains/XcodeDefault.xctoolchain/usr/bin/swiftc -module-name MemoryContracts -O -whole-module-optimization @/Users/justinhou/Development/deepshelves/.build/S6UIDerivedData/Build/Intermediates.noindex/MemoryContracts.build/Release/MemoryContracts.build/Objects-normal/arm64/MemoryContracts.SwiftFileList -DSWIFT_PACKAGE -DSWIFT_MODULE_RESOURCE_BUNDLE_UNAVAILABLE -DXcode -plugin-path /Applications/Xcode.app/Contents/Developer/Toolchains/XcodeDefault.xctoolchain/usr/lib/swift/host/plugins/testing -enable-experimental-feature DebugDescriptionMacro -sdk /Applications/Xcode.app/Contents/Developer/Platforms/MacOSX.platform/Developer/SDKs/MacOSX26.5.sdk -target arm64-apple-macos15.0 -g -module-cache-path /Users/justinhou/Development/deepshelves/.build/S6UIDerivedData/ModuleCache.noindex -Xfrontend -serialize-debugging-options -swift-version 6 -I /Users/justinhou/Development/deepshelves/.build/S6UIDerivedData/Build/Products/Release -Isystem /Applications/Xcode.app/Contents/Developer/Platforms/MacOSX.platform/Developer/usr/lib -F /Users/justinhou/Development/deepshelves/.build/S6UIDerivedData/Build/Products/Release -F /Applications/Xcode.app/Contents/Developer/Platforms/MacOSX.platform/Developer/Library/Frameworks -c -num-threads 12 -Xcc -ivfsstatcache -Xcc /Users/justinhou/Development/deepshelves/.build/S6UIDerivedData/SDKStatCaches.noindex/macosx26.5-25F70-e082c4a02f00227109f4ed75e425c832.sdkstatcache -output-file-map /Users/justinhou/Development/deepshelves/.build/S6UIDerivedData/Build/Intermediates.noindex/MemoryContracts.build/Release/MemoryContracts.build/Objects-normal/arm64/MemoryContracts-OutputFileMap.json -use-frontend-parseable-output -save-temps -no-color-diagnostics -explicit-module-build -module-cache-path /Users/justinhou/Development/deepshelves/.build/S6UIDerivedData/Build/Intermediates.noindex/SwiftExplicitPrecompiledModules -clang-scanner-module-cache-path /Users/justinhou/Development/deepshelves/.build/S6UIDerivedData/ModuleCache.noindex -sdk-module-cache-path /Users/justinhou/Development/deepshelves/.build/S6UIDerivedData/ModuleCache.noindex -serialize-diagnostics -emit-dependencies -emit-module -emit-module-path /Users/justinhou/Development/deepshelves/.build/S6UIDerivedData/Build/Intermediates.noindex/MemoryContracts.build/Release/MemoryContracts.build/Objects-normal/arm64/MemoryContracts.swiftmodule -validate-clang-modules-once -clang-build-session-file /Users/justinhou/Development/deepshelves/.build/S6UIDerivedData/ModuleCache.noindex/Session.modulevalidation -package-name memorycontracts -Xcc -I/Users/justinhou/Development/deepshelves/.build/S6UIDerivedData/Build/Intermediates.noindex/MemoryContracts.build/Release/MemoryContracts.build/swift-overrides.hmap -emit-const-values -Xfrontend -const-gather-protocols-file -Xfrontend /Users/justinhou/Development/deepshelves/.build/S6UIDerivedData/Build/Intermediates.noindex/MemoryContracts.build/Release/MemoryContracts.build/Objects-normal/arm64/MemoryContracts_const_extract_protocols.json -Xcc -I/Users/justinhou/Development/deepshelves/.build/S6UIDerivedData/Build/Products/Release/include -Xcc -I/Users/justinhou/Development/deepshelves/.build/S6UIDerivedData/Build/Intermediates.noindex/MemoryContracts.build/Release/MemoryContracts.build/DerivedSources-normal/arm64 -Xcc -I/Users/justinhou/Development/deepshelves/.build/S6UIDerivedData/Build/Intermediates.noindex/MemoryContracts.build/Release/MemoryContracts.build/DerivedSources/arm64 -Xcc -I/Users/justinhou/Development/deepshelves/.build/S6UIDerivedData/Build/Intermediates.noindex/MemoryContracts.build/Release/MemoryContracts.build/DerivedSources -Xcc -DSWIFT_PACKAGE -emit-objc-header -emit-objc-header-path /Users/justinhou/Development/deepshelves/.build/S6UIDerivedData/Build/Intermediates.noindex/MemoryContracts.build/Release/MemoryContracts.build/Objects-normal/arm64/MemoryContracts-Swift.h -working-directory /Users/justinhou/Development/deepshelves/LocalMemory.xcodeproj -no-emit-module-separately-wmo

SwiftDriver\ Compilation GRDB normal arm64 com.apple.xcode.tools.swift.compiler (in target 'GRDB' from project 'GRDB')
    cd /Users/justinhou/Development/deepshelves/LocalMemory.xcodeproj
    builtin-Swift-Compilation -- /Applications/Xcode.app/Contents/Developer/Toolchains/XcodeDefault.xctoolchain/usr/bin/swiftc -module-name GRDB -O -whole-module-optimization @/Users/justinhou/Development/deepshelves/.build/S6UIDerivedData/Build/Intermediates.noindex/GRDB.build/Release/GRDB.build/Objects-normal/arm64/GRDB.SwiftFileList -DSWIFT_PACKAGE -DSWIFT_MODULE_RESOURCE_BUNDLE_AVAILABLE -DSQLITE_ENABLE_FTS5 -DSQLITE_ENABLE_SNAPSHOT -DSQLITE_HAS_CODEC -DSQLCipher -DXcode -enable-upcoming-feature MemberImportVisibility -plugin-path /Applications/Xcode.app/Contents/Developer/Toolchains/XcodeDefault.xctoolchain/usr/lib/swift/host/plugins/testing -enable-experimental-feature DebugDescriptionMacro -sdk /Applications/Xcode.app/Contents/Developer/Platforms/MacOSX.platform/Developer/SDKs/MacOSX26.5.sdk -target arm64-apple-macos15.0 -g -module-cache-path /Users/justinhou/Development/deepshelves/.build/S6UIDerivedData/ModuleCache.noindex -Xfrontend -serialize-debugging-options -suppress-warnings -swift-version 6 -I /Users/justinhou/Development/deepshelves/.build/S6UIDerivedData/Build/Products/Release -Isystem /Applications/Xcode.app/Contents/Developer/Platforms/MacOSX.platform/Developer/usr/lib -F /Users/justinhou/Development/deepshelves/.build/S6UIDerivedData/Build/Products/Release/PackageFrameworks -F /Users/justinhou/Development/deepshelves/.build/S6UIDerivedData/Build/Products/Release -F /Applications/Xcode.app/Contents/Developer/Platforms/MacOSX.platform/Developer/Library/Frameworks -c -num-threads 12 -Xcc -ivfsstatcache -Xcc /Users/justinhou/Development/deepshelves/.build/S6UIDerivedData/SDKStatCaches.noindex/macosx26.5-25F70-e082c4a02f00227109f4ed75e425c832.sdkstatcache -output-file-map /Users/justinhou/Development/deepshelves/.build/S6UIDerivedData/Build/Intermediates.noindex/GRDB.build/Release/GRDB.build/Objects-normal/arm64/GRDB-OutputFileMap.json -use-frontend-parseable-output -save-temps -no-color-diagnostics -explicit-module-build -module-cache-path /Users/justinhou/Development/deepshelves/.build/S6UIDerivedData/Build/Intermediates.noindex/SwiftExplicitPrecompiledModules -clang-scanner-module-cache-path /Users/justinhou/Development/deepshelves/.build/S6UIDerivedData/ModuleCache.noindex -sdk-module-cache-path /Users/justinhou/Development/deepshelves/.build/S6UIDerivedData/ModuleCache.noindex -serialize-diagnostics -emit-dependencies -emit-module -emit-module-path /Users/justinhou/Development/deepshelves/.build/S6UIDerivedData/Build/Intermediates.noindex/GRDB.build/Release/GRDB.build/Objects-normal/arm64/GRDB.swiftmodule -validate-clang-modules-once -clang-build-session-file /Users/justinhou/Development/deepshelves/.build/S6UIDerivedData/ModuleCache.noindex/Session.modulevalidation -package-name grdb_swift_a285e4ca87ec6b3584c97b0ec25fc61fec02de60 -Xcc -I/Users/justinhou/Development/deepshelves/.build/S6UIDerivedData/Build/Intermediates.noindex/GRDB.build/Release/GRDB.build/swift-overrides.hmap -emit-const-values -Xfrontend -const-gather-protocols-file -Xfrontend /Users/justinhou/Development/deepshelves/.build/S6UIDerivedData/Build/Intermediates.noindex/GRDB.build/Release/GRDB.build/Objects-normal/arm64/GRDB_const_extract_protocols.json -Xcc -I/Users/justinhou/Development/deepshelves/.build/Dependencies/GRDB.swift-a285e4ca87ec6b3584c97b0ec25fc61fec02de60/Sources/GRDBSQLCipher/include -Xcc -I/Users/justinhou/Development/deepshelves/.build/S6UIDerivedData/Build/Products/Release/include -Xcc -I/Users/justinhou/Development/deepshelves/.build/S6UIDerivedData/Build/Intermediates.noindex/GRDB.build/Release/GRDB.build/DerivedSources-normal/arm64 -Xcc -I/Users/justinhou/Development/deepshelves/.build/S6UIDerivedData/Build/Intermediates.noindex/GRDB.build/Release/GRDB.build/DerivedSources/arm64 -Xcc -I/Users/justinhou/Development/deepshelves/.build/S6UIDerivedData/Build/Intermediates.noindex/GRDB.build/Release/GRDB.build/DerivedSources -Xcc -DSWIFT_PACKAGE -Xcc -DSQLITE_HAS_CODEC -emit-objc-header -emit-objc-header-path /Users/justinhou/Development/deepshelves/.build/S6UIDerivedData/Build/Intermediates.noindex/GRDB.build/Release/GRDB.build/Objects-normal/arm64/GRDB-Swift.h -working-directory /Users/justinhou/Development/deepshelves/LocalMemory.xcodeproj -no-emit-module-separately-wmo

SwiftExplicitDependencyGeneratePcm arm64 /Users/justinhou/Development/deepshelves/.build/S6UIDerivedData/ModuleCache.noindex/_Builtin_stdarg-D603UUE2134ZZASR27PXSBU2Q.pcm

SwiftExplicitDependencyGeneratePcm arm64 /Users/justinhou/Development/deepshelves/.build/S6UIDerivedData/ModuleCache.noindex/ptrcheck-602MXDH6QGLIFW4PNZDTQGRU0.pcm

SwiftExplicitDependencyGeneratePcm arm64 /Users/justinhou/Development/deepshelves/.build/S6UIDerivedData/ModuleCache.noindex/ptrauth-25N8HR3H7OGVEJY6QLWM2FPP1.pcm

SwiftExplicitDependencyGeneratePcm arm64 /Users/justinhou/Development/deepshelves/.build/S6UIDerivedData/ModuleCache.noindex/_Builtin_stddef-F21E4164PWLJUG5PD5SKQI3PX.pcm

SwiftExplicitDependencyGeneratePcm arm64 /Users/justinhou/Development/deepshelves/.build/S6UIDerivedData/ModuleCache.noindex/_Builtin_stdbool-C82VACWOHU2Q5YW95977MLGHS.pcm

SwiftExplicitDependencyGeneratePcm arm64 /Users/justinhou/Development/deepshelves/.build/S6UIDerivedData/ModuleCache.noindex/_Builtin_float-POJ3YBXTFBBZUPDQZR1DDV99.pcm

SwiftExplicitDependencyGeneratePcm arm64 /Users/justinhou/Development/deepshelves/.build/S6UIDerivedData/ModuleCache.noindex/SwiftShims-C0FGTSJTOXFPLU54GC0OE7147.pcm

SwiftExplicitDependencyGeneratePcm arm64 /Users/justinhou/Development/deepshelves/.build/S6UIDerivedData/ModuleCache.noindex/_AvailabilityInternal-6YU57SWXS69PYDSLQATNLT8SX.pcm

SwiftExplicitDependencyGeneratePcm arm64 /Users/justinhou/Development/deepshelves/.build/S6UIDerivedData/ModuleCache.noindex/_SwiftConcurrencyShims-28KWYONOUMCTS53OC5SK0G59K.pcm

SwiftExplicitDependencyGeneratePcm arm64 /Users/justinhou/Development/deepshelves/.build/S6UIDerivedData/ModuleCache.noindex/_DarwinFoundation1-BAV25RC78I4PPONK89LLEV943.pcm

SwiftExplicitDependencyGeneratePcm arm64 /Users/justinhou/Development/deepshelves/.build/S6UIDerivedData/ModuleCache.noindex/_DarwinFoundation1-6I5UH1P2BWB4CXXQ6P136LXK7.pcm

SwiftExplicitDependencyGeneratePcm arm64 /Users/justinhou/Development/deepshelves/.build/S6UIDerivedData/ModuleCache.noindex/_Builtin_limits-BLBK0JRXN7VTIFMJ363I17H1D.pcm

SwiftExplicitDependencyGeneratePcm arm64 /Users/justinhou/Development/deepshelves/.build/S6UIDerivedData/ModuleCache.noindex/_DarwinFoundation2-A0DWH9UJ3FXC1ABTLP2R9KHRE.pcm

SwiftExplicitDependencyGeneratePcm arm64 /Users/justinhou/Development/deepshelves/.build/S6UIDerivedData/ModuleCache.noindex/_Builtin_limits-DHKEEQ8NMT0RYQ9MD6XO5SCGG.pcm

SwiftExplicitDependencyGeneratePcm arm64 /Users/justinhou/Development/deepshelves/.build/S6UIDerivedData/ModuleCache.noindex/_DarwinFoundation2-2RQYYCLKXUT24CHUU5OUN2S4K.pcm

SwiftExplicitDependencyGeneratePcm arm64 /Users/justinhou/Development/deepshelves/.build/S6UIDerivedData/ModuleCache.noindex/_Builtin_stdint-3CSVBGL2D0ZM7JC3HNJDMZTER.pcm

SwiftExplicitDependencyGeneratePcm arm64 /Users/justinhou/Development/deepshelves/.build/S6UIDerivedData/ModuleCache.noindex/sys_types-7KGQUP4B156QJPWFWM83LFTOK.pcm

SwiftExplicitDependencyGeneratePcm arm64 /Users/justinhou/Development/deepshelves/.build/S6UIDerivedData/ModuleCache.noindex/sys_types-9JHK5KVSE754M3A7LOF1AQSY5.pcm

SwiftExplicitDependencyGeneratePcm arm64 /Users/justinhou/Development/deepshelves/.build/S6UIDerivedData/ModuleCache.noindex/string_h-6524HDCNX2EXU3WDHOG7AT4CF.pcm

SwiftExplicitDependencyGeneratePcm arm64 /Users/justinhou/Development/deepshelves/.build/S6UIDerivedData/ModuleCache.noindex/_Builtin_stdint-5D1M813TVRECTKAS84DW7DNT1.pcm

SwiftDriver\ Compilation MemoryEnrichment normal arm64 com.apple.xcode.tools.swift.compiler (in target 'MemoryEnrichment' from project 'MemoryEnrichment')
    cd /Users/justinhou/Development/deepshelves/LocalMemory.xcodeproj
    builtin-Swift-Compilation -- /Applications/Xcode.app/Contents/Developer/Toolchains/XcodeDefault.xctoolchain/usr/bin/swiftc -module-name MemoryEnrichment -O -whole-module-optimization @/Users/justinhou/Development/deepshelves/.build/S6UIDerivedData/Build/Intermediates.noindex/MemoryEnrichment.build/Release/MemoryEnrichment.build/Objects-normal/arm64/MemoryEnrichment.SwiftFileList -DSWIFT_PACKAGE -DSWIFT_MODULE_RESOURCE_BUNDLE_AVAILABLE -DXcode -plugin-path /Applications/Xcode.app/Contents/Developer/Toolchains/XcodeDefault.xctoolchain/usr/lib/swift/host/plugins/testing -enable-experimental-feature DebugDescriptionMacro -sdk /Applications/Xcode.app/Contents/Developer/Platforms/MacOSX.platform/Developer/SDKs/MacOSX26.5.sdk -target arm64-apple-macos15.0 -g -module-cache-path /Users/justinhou/Development/deepshelves/.build/S6UIDerivedData/ModuleCache.noindex -Xfrontend -serialize-debugging-options -swift-version 6 -I /Users/justinhou/Development/deepshelves/.build/S6UIDerivedData/Build/Products/Release -Isystem /Applications/Xcode.app/Contents/Developer/Platforms/MacOSX.platform/Developer/usr/lib -F /Users/justinhou/Development/deepshelves/.build/S6UIDerivedData/Build/Products/Release -F /Applications/Xcode.app/Contents/Developer/Platforms/MacOSX.platform/Developer/Library/Frameworks -c -num-threads 12 -Xcc -ivfsstatcache -Xcc /Users/justinhou/Development/deepshelves/.build/S6UIDerivedData/SDKStatCaches.noindex/macosx26.5-25F70-e082c4a02f00227109f4ed75e425c832.sdkstatcache -output-file-map /Users/justinhou/Development/deepshelves/.build/S6UIDerivedData/Build/Intermediates.noindex/MemoryEnrichment.build/Release/MemoryEnrichment.build/Objects-normal/arm64/MemoryEnrichment-OutputFileMap.json -use-frontend-parseable-output -save-temps -no-color-diagnostics -explicit-module-build -module-cache-path /Users/justinhou/Development/deepshelves/.build/S6UIDerivedData/Build/Intermediates.noindex/SwiftExplicitPrecompiledModules -clang-scanner-module-cache-path /Users/justinhou/Development/deepshelves/.build/S6UIDerivedData/ModuleCache.noindex -sdk-module-cache-path /Users/justinhou/Development/deepshelves/.build/S6UIDerivedData/ModuleCache.noindex -serialize-diagnostics -emit-dependencies -emit-module -emit-module-path /Users/justinhou/Development/deepshelves/.build/S6UIDerivedData/Build/Intermediates.noindex/MemoryEnrichment.build/Release/MemoryEnrichment.build/Objects-normal/arm64/MemoryEnrichment.swiftmodule -validate-clang-modules-once -clang-build-session-file /Users/justinhou/Development/deepshelves/.build/S6UIDerivedData/ModuleCache.noindex/Session.modulevalidation -package-name memoryenrichment -Xcc -I/Users/justinhou/Development/deepshelves/.build/S6UIDerivedData/Build/Intermediates.noindex/MemoryEnrichment.build/Release/MemoryEnrichment.build/swift-overrides.hmap -emit-const-values -Xfrontend -const-gather-protocols-file -Xfrontend /Users/justinhou/Development/deepshelves/.build/S6UIDerivedData/Build/Intermediates.noindex/MemoryEnrichment.build/Release/MemoryEnrichment.build/Objects-normal/arm64/MemoryEnrichment_const_extract_protocols.json -Xcc -I/Users/justinhou/Development/deepshelves/.build/S6UIDerivedData/Build/Products/Release/include -Xcc -I/Users/justinhou/Development/deepshelves/.build/S6UIDerivedData/Build/Intermediates.noindex/MemoryEnrichment.build/Release/MemoryEnrichment.build/DerivedSources-normal/arm64 -Xcc -I/Users/justinhou/Development/deepshelves/.build/S6UIDerivedData/Build/Intermediates.noindex/MemoryEnrichment.build/Release/MemoryEnrichment.build/DerivedSources/arm64 -Xcc -I/Users/justinhou/Development/deepshelves/.build/S6UIDerivedData/Build/Intermediates.noindex/MemoryEnrichment.build/Release/MemoryEnrichment.build/DerivedSources -Xcc -DSWIFT_PACKAGE -emit-objc-header -emit-objc-header-path /Users/justinhou/Development/deepshelves/.build/S6UIDerivedData/Build/Intermediates.noindex/MemoryEnrichment.build/Release/MemoryEnrichment.build/Objects-normal/arm64/MemoryEnrichment-Swift.h -working-directory /Users/justinhou/Development/deepshelves/LocalMemory.xcodeproj -no-emit-module-separately-wmo

SwiftExplicitDependencyGeneratePcm arm64 /Users/justinhou/Development/deepshelves/.build/S6UIDerivedData/ModuleCache.noindex/_Builtin_tgmath-2PJ0W3X8D7CYL2XK1A0DLBELU.pcm

SwiftExplicitDependencyGeneratePcm arm64 /Users/justinhou/Development/deepshelves/.build/S6UIDerivedData/ModuleCache.noindex/_Builtin_stdatomic-5DE0ZG91GECZPHAK4MDWL6HWI.pcm

SwiftExplicitDependencyGeneratePcm arm64 /Users/justinhou/Development/deepshelves/.build/S6UIDerivedData/ModuleCache.noindex/OpenGL-EDBNDLT9W2ZLYSQACN691YQBZ.pcm

SwiftDriver\ Compilation MemoryCapture normal arm64 com.apple.xcode.tools.swift.compiler (in target 'MemoryCapture' from project 'MemoryCapture')
    cd /Users/justinhou/Development/deepshelves/LocalMemory.xcodeproj
    builtin-Swift-Compilation -- /Applications/Xcode.app/Contents/Developer/Toolchains/XcodeDefault.xctoolchain/usr/bin/swiftc -module-name MemoryCapture -O -whole-module-optimization @/Users/justinhou/Development/deepshelves/.build/S6UIDerivedData/Build/Intermediates.noindex/MemoryCapture.build/Release/MemoryCapture.build/Objects-normal/arm64/MemoryCapture.SwiftFileList -DSWIFT_PACKAGE -DSWIFT_MODULE_RESOURCE_BUNDLE_UNAVAILABLE -DXcode -plugin-path /Applications/Xcode.app/Contents/Developer/Toolchains/XcodeDefault.xctoolchain/usr/lib/swift/host/plugins/testing -enable-experimental-feature DebugDescriptionMacro -sdk /Applications/Xcode.app/Contents/Developer/Platforms/MacOSX.platform/Developer/SDKs/MacOSX26.5.sdk -target arm64-apple-macos15.0 -g -module-cache-path /Users/justinhou/Development/deepshelves/.build/S6UIDerivedData/ModuleCache.noindex -Xfrontend -serialize-debugging-options -swift-version 6 -I /Users/justinhou/Development/deepshelves/.build/S6UIDerivedData/Build/Products/Release -Isystem /Applications/Xcode.app/Contents/Developer/Platforms/MacOSX.platform/Developer/usr/lib -F /Users/justinhou/Development/deepshelves/.build/S6UIDerivedData/Build/Products/Release -F /Applications/Xcode.app/Contents/Developer/Platforms/MacOSX.platform/Developer/Library/Frameworks -c -num-threads 12 -Xcc -ivfsstatcache -Xcc /Users/justinhou/Development/deepshelves/.build/S6UIDerivedData/SDKStatCaches.noindex/macosx26.5-25F70-e082c4a02f00227109f4ed75e425c832.sdkstatcache -output-file-map /Users/justinhou/Development/deepshelves/.build/S6UIDerivedData/Build/Intermediates.noindex/MemoryCapture.build/Release/MemoryCapture.build/Objects-normal/arm64/MemoryCapture-OutputFileMap.json -use-frontend-parseable-output -save-temps -no-color-diagnostics -explicit-module-build -module-cache-path /Users/justinhou/Development/deepshelves/.build/S6UIDerivedData/Build/Intermediates.noindex/SwiftExplicitPrecompiledModules -clang-scanner-module-cache-path /Users/justinhou/Development/deepshelves/.build/S6UIDerivedData/ModuleCache.noindex -sdk-module-cache-path /Users/justinhou/Development/deepshelves/.build/S6UIDerivedData/ModuleCache.noindex -serialize-diagnostics -emit-dependencies -emit-module -emit-module-path /Users/justinhou/Development/deepshelves/.build/S6UIDerivedData/Build/Intermediates.noindex/MemoryCapture.build/Release/MemoryCapture.build/Objects-normal/arm64/MemoryCapture.swiftmodule -validate-clang-modules-once -clang-build-session-file /Users/justinhou/Development/deepshelves/.build/S6UIDerivedData/ModuleCache.noindex/Session.modulevalidation -package-name memorycapture -Xcc -I/Users/justinhou/Development/deepshelves/.build/S6UIDerivedData/Build/Intermediates.noindex/MemoryCapture.build/Release/MemoryCapture.build/swift-overrides.hmap -emit-const-values -Xfrontend -const-gather-protocols-file -Xfrontend /Users/justinhou/Development/deepshelves/.build/S6UIDerivedData/Build/Intermediates.noindex/MemoryCapture.build/Release/MemoryCapture.build/Objects-normal/arm64/MemoryCapture_const_extract_protocols.json -Xcc -I/Users/justinhou/Development/deepshelves/.build/S6UIDerivedData/Build/Products/Release/include -Xcc -I/Users/justinhou/Development/deepshelves/.build/S6UIDerivedData/Build/Intermediates.noindex/MemoryCapture.build/Release/MemoryCapture.build/DerivedSources-normal/arm64 -Xcc -I/Users/justinhou/Development/deepshelves/.build/S6UIDerivedData/Build/Intermediates.noindex/MemoryCapture.build/Release/MemoryCapture.build/DerivedSources/arm64 -Xcc -I/Users/justinhou/Development/deepshelves/.build/S6UIDerivedData/Build/Intermediates.noindex/MemoryCapture.build/Release/MemoryCapture.build/DerivedSources -Xcc -DSWIFT_PACKAGE -emit-objc-header -emit-objc-header-path /Users/justinhou/Development/deepshelves/.build/S6UIDerivedData/Build/Intermediates.noindex/MemoryCapture.build/Release/MemoryCapture.build/Objects-normal/arm64/MemoryCapture-Swift.h -working-directory /Users/justinhou/Development/deepshelves/LocalMemory.xcodeproj -no-emit-module-separately-wmo

SwiftExplicitDependencyGeneratePcm arm64 /Users/justinhou/Development/deepshelves/.build/S6UIDerivedData/ModuleCache.noindex/libDER-1JXZ1NDNQEE1ADW9DY3LMDN9B.pcm

SwiftExplicitDependencyGeneratePcm arm64 /Users/justinhou/Development/deepshelves/.build/S6UIDerivedData/ModuleCache.noindex/_DarwinFoundation3-8F2OQ5KKDKBGGKU1VI04MIVTH.pcm

SwiftExplicitDependencyGeneratePcm arm64 /Users/justinhou/Development/deepshelves/.build/S6UIDerivedData/ModuleCache.noindex/_Builtin_intrinsics-5SCOAPKI4DUQ0SCBQUUAVVWEG.pcm

SwiftExplicitDependencyGeneratePcm arm64 /Users/justinhou/Development/deepshelves/.build/S6UIDerivedData/ModuleCache.noindex/DeveloperToolsSupport-4DG6GJ1SIG89YFR4J6GSA7L3P.pcm

SwiftExplicitDependencyGeneratePcm arm64 /Users/justinhou/Development/deepshelves/.build/S6UIDerivedData/ModuleCache.noindex/_DarwinFoundation3-9Y4FJC3QQWI1TS7LGJ3UA1KSX.pcm

SwiftExplicitDependencyGeneratePcm arm64 /Users/justinhou/Development/deepshelves/.build/S6UIDerivedData/ModuleCache.noindex/libDER-3F0Y8KWIYS589J400007ES5Q6.pcm

SwiftExplicitDependencyGeneratePcm arm64 /Users/justinhou/Development/deepshelves/.build/S6UIDerivedData/ModuleCache.noindex/_Builtin_inttypes-3Q0EMPEG0374STTYMSL8FG6SI.pcm

SwiftExplicitDependencyGeneratePcm arm64 /Users/justinhou/Development/deepshelves/.build/S6UIDerivedData/ModuleCache.noindex/_Builtin_inttypes-4YFS15TKA2CB9VWNE56RIUL2V.pcm

SwiftExplicitDependencyGeneratePcm arm64 /Users/justinhou/Development/deepshelves/.build/S6UIDerivedData/ModuleCache.noindex/Darwin-EQQLXKFXD73ES6G5RFBGYGZON.pcm

SwiftExplicitDependencyGeneratePcm arm64 /Users/justinhou/Development/deepshelves/.build/S6UIDerivedData/ModuleCache.noindex/Darwin-3UNJ23XOUA8CRARKN6NAFU346.pcm

SwiftExplicitDependencyGeneratePcm arm64 /Users/justinhou/Development/deepshelves/.build/S6UIDerivedData/ModuleCache.noindex/simd-4BKL0A7SZA3IXK9HNCHX8D6H0.pcm

SwiftExplicitDependencyGeneratePcm arm64 /Users/justinhou/Development/deepshelves/.build/S6UIDerivedData/ModuleCache.noindex/launch-DKVPBP6NJS3395QUQPM9E40X5.pcm

SwiftExplicitDependencyGeneratePcm arm64 /Users/justinhou/Development/deepshelves/.build/S6UIDerivedData/ModuleCache.noindex/libkern-BIE1GKOREEGC4MFTLRR8ZTXC1.pcm

SwiftExplicitDependencyGeneratePcm arm64 /Users/justinhou/Development/deepshelves/.build/S6UIDerivedData/ModuleCache.noindex/CUPS-BVMJI3QOTX0E2MQ39MUIQ7HCP.pcm

SwiftExplicitDependencyGeneratePcm arm64 /Users/justinhou/Development/deepshelves/.build/S6UIDerivedData/ModuleCache.noindex/MachO-D0MJZQ3KJ3198R4G09X6DFUSY.pcm

SwiftExplicitDependencyGeneratePcm arm64 /Users/justinhou/Development/deepshelves/.build/S6UIDerivedData/ModuleCache.noindex/libkern-53USIB4X0QYP9PRTNYFPQLTO0.pcm

SwiftExplicitDependencyGeneratePcm arm64 /Users/justinhou/Development/deepshelves/.build/S6UIDerivedData/ModuleCache.noindex/launch-7K2G35UMPYS47KHDFXR543XFA.pcm

SwiftExplicitDependencyGeneratePcm arm64 /Users/justinhou/Development/deepshelves/.build/S6UIDerivedData/ModuleCache.noindex/MachO-2I31HIJNH191BDD06QDKYYTJU.pcm

SwiftExplicitDependencyGeneratePcm arm64 /Users/justinhou/Development/deepshelves/.build/S6UIDerivedData/ModuleCache.noindex/Spatial-324OR71PS2IWLVE6FYX2XYELK.pcm

SwiftExplicitDependencyGeneratePcm arm64 /Users/justinhou/Development/deepshelves/.build/S6UIDerivedData/ModuleCache.noindex/ObjectiveC-5HXK3F6U8OZOMN41CJYCML6K3.pcm

SwiftExplicitDependencyGeneratePcm arm64 /Users/justinhou/Development/deepshelves/.build/S6UIDerivedData/ModuleCache.noindex/ObjectiveC-DOBNC5NZH64A8OLJWMDVELK4J.pcm

SwiftExplicitDependencyGeneratePcm arm64 /Users/justinhou/Development/deepshelves/.build/S6UIDerivedData/ModuleCache.noindex/os_object-YW92G87SLUH220HIK1RI9Z0O.pcm

SwiftExplicitDependencyGeneratePcm arm64 /Users/justinhou/Development/deepshelves/.build/S6UIDerivedData/ModuleCache.noindex/os_object-8X16E11TAEVJBO3K38EXQ1EDL.pcm

SwiftExplicitDependencyGeneratePcm arm64 /Users/justinhou/Development/deepshelves/.build/S6UIDerivedData/ModuleCache.noindex/os_workgroup-BD705NBEJ36WD4BWFJ3FK2860.pcm

SwiftExplicitDependencyGeneratePcm arm64 /Users/justinhou/Development/deepshelves/.build/S6UIDerivedData/ModuleCache.noindex/os_workgroup-E2WTUF7TBOOZG03EOHGIDNSOM.pcm

SwiftExplicitDependencyGeneratePcm arm64 /Users/justinhou/Development/deepshelves/.build/S6UIDerivedData/ModuleCache.noindex/Dispatch-B6JOXELDT1JPK9YQRI5AD2L4H.pcm

SwiftExplicitDependencyGeneratePcm arm64 /Users/justinhou/Development/deepshelves/.build/S6UIDerivedData/ModuleCache.noindex/Dispatch-8RDVHANT2PWMNMVFI6H5N6DBB.pcm

SwiftExplicitDependencyGeneratePcm arm64 /Users/justinhou/Development/deepshelves/.build/S6UIDerivedData/ModuleCache.noindex/XPC-BE77FD41IQ177V8DWQED9OENQ.pcm

SwiftExplicitDependencyGeneratePcm arm64 /Users/justinhou/Development/deepshelves/.build/S6UIDerivedData/ModuleCache.noindex/CoreFoundation-AE3EDF0G3IJMR0JV7RWCYTSST.pcm

SwiftExplicitDependencyGeneratePcm arm64 /Users/justinhou/Development/deepshelves/.build/S6UIDerivedData/ModuleCache.noindex/CoreFoundation-1W6ECEPRQYS75DL36IKHSMFOY.pcm

SwiftExplicitDependencyGeneratePcm arm64 /Users/justinhou/Development/deepshelves/.build/S6UIDerivedData/ModuleCache.noindex/XPC-8NKAKGV8468Q6QS3U0EIY664M.pcm

SwiftExplicitDependencyGeneratePcm arm64 /Users/justinhou/Development/deepshelves/.build/S6UIDerivedData/ModuleCache.noindex/os-4QGDD6M4TJSMCL0WPZYZJW3WY.pcm

SwiftExplicitDependencyGeneratePcm arm64 /Users/justinhou/Development/deepshelves/.build/S6UIDerivedData/ModuleCache.noindex/ColorSync-DVPQGM0NIXPTW4VDXNOBBGAJV.pcm

SwiftExplicitDependencyGeneratePcm arm64 /Users/justinhou/Development/deepshelves/.build/S6UIDerivedData/ModuleCache.noindex/CoreAudioTypes-ABWE57TTPQMA736BDKXY3H4M9.pcm

SwiftExplicitDependencyGeneratePcm arm64 /Users/justinhou/Development/deepshelves/.build/S6UIDerivedData/ModuleCache.noindex/CFNetwork-88XF24CUKM8246HVABG97LPBX.pcm

SwiftExplicitDependencyGeneratePcm arm64 /Users/justinhou/Development/deepshelves/.build/S6UIDerivedData/ModuleCache.noindex/Security-9UEC4BNZMBATX8U89M55KSFDL.pcm

SwiftExplicitDependencyGeneratePcm arm64 /Users/justinhou/Development/deepshelves/.build/S6UIDerivedData/ModuleCache.noindex/IOKit-5Q02SDGFZ0X9ELPWSCSZO8P8M.pcm

SwiftExplicitDependencyGeneratePcm arm64 /Users/justinhou/Development/deepshelves/.build/S6UIDerivedData/ModuleCache.noindex/IOKit-9PTL7PH55TLUDW14Y8V2TIHZG.pcm

SwiftExplicitDependencyGeneratePcm arm64 /Users/justinhou/Development/deepshelves/.build/S6UIDerivedData/ModuleCache.noindex/Security-AZIRK7QQCV8XL3D5D596CHTH6.pcm

SwiftExplicitDependencyGeneratePcm arm64 /Users/justinhou/Development/deepshelves/.build/S6UIDerivedData/ModuleCache.noindex/CFNetwork-A7BAJ2CWIY77UEGDXOCPZ2WGS.pcm

SwiftExplicitDependencyGeneratePcm arm64 /Users/justinhou/Development/deepshelves/.build/S6UIDerivedData/ModuleCache.noindex/CoreGraphics-1SUMBJY9WO7DSQRTCVF27RBU3.pcm

SwiftExplicitDependencyGeneratePcm arm64 /Users/justinhou/Development/deepshelves/.build/S6UIDerivedData/ModuleCache.noindex/DiskArbitration-9BWG2GSF1JSQSW3DYYIFKERS8.pcm

SwiftExplicitDependencyGeneratePcm arm64 /Users/justinhou/Development/deepshelves/.build/S6UIDerivedData/ModuleCache.noindex/CoreGraphics-DHQSXWN77Q3AMTI2SHSP2BKTW.pcm

SwiftExplicitDependencyGeneratePcm arm64 /Users/justinhou/Development/deepshelves/.build/S6UIDerivedData/ModuleCache.noindex/DiskArbitration-1IY7M7XQD5FZ000GX250IH2UJ.pcm

SwiftExplicitDependencyGeneratePcm arm64 /Users/justinhou/Development/deepshelves/.build/S6UIDerivedData/ModuleCache.noindex/CoreServices-94HDAF99SWLDQYSA6W0DI2HLL.pcm

SwiftExplicitDependencyGeneratePcm arm64 /Users/justinhou/Development/deepshelves/.build/S6UIDerivedData/ModuleCache.noindex/CoreServices-D8MIAMMUF5WTHHRLMLZ16TD7O.pcm

SwiftExplicitDependencyGeneratePcm arm64 /Users/justinhou/Development/deepshelves/.build/S6UIDerivedData/ModuleCache.noindex/ImageIO-4TXN6YKTQRLFVSNI0L9K6XY56.pcm

SwiftExplicitDependencyGeneratePcm arm64 /Users/justinhou/Development/deepshelves/.build/S6UIDerivedData/ModuleCache.noindex/CoreText-E1N0MZ6R7UISD593A4MU622C6.pcm

SwiftExplicitDependencyGeneratePcm arm64 /Users/justinhou/Development/deepshelves/.build/S6UIDerivedData/ModuleCache.noindex/Foundation-2VHSUWP8P9A4WKZYBVCOUFYLO.pcm

SwiftExplicitDependencyGeneratePcm arm64 /Users/justinhou/Development/deepshelves/.build/S6UIDerivedData/ModuleCache.noindex/Foundation-B6WNI5MDF2D2BPMQ97XW08ARR.pcm

SwiftExplicitDependencyGeneratePcm arm64 /Users/justinhou/Development/deepshelves/.build/S6UIDerivedData/ModuleCache.noindex/Accessibility-51XSU28LQWRQT8IY25HEXOIKO.pcm

SwiftExplicitDependencyGeneratePcm arm64 /Users/justinhou/Development/deepshelves/.build/S6UIDerivedData/ModuleCache.noindex/DataDetection-B1IQZOEA5LJJJMP7I2C1UERT9.pcm

SwiftExplicitDependencyGeneratePcm arm64 /Users/justinhou/Development/deepshelves/.build/S6UIDerivedData/ModuleCache.noindex/OSLog-AT1TXA5ZICY98AXTV1QRXVCR2.pcm

SwiftExplicitDependencyGeneratePcm arm64 /Users/justinhou/Development/deepshelves/.build/S6UIDerivedData/ModuleCache.noindex/LocalAuthentication-X7V9QF75FE7I6Z8QNPNE9B6W.pcm

SwiftExplicitDependencyGeneratePcm arm64 /Users/justinhou/Development/deepshelves/.build/S6UIDerivedData/ModuleCache.noindex/CoreTransferable-3MG1KPD7H8WEHNP5XJGUDEXVV.pcm

SwiftExplicitDependencyGeneratePcm arm64 /Users/justinhou/Development/deepshelves/.build/S6UIDerivedData/ModuleCache.noindex/ApplicationServices-BSSL61G6RGE6MNFKDG0021VC5.pcm

SwiftCompile normal arm64 Compiling\ BootstrapContract.swift,\ CaptureEnvelope.swift,\ ContractJSON.swift,\ ContractValidation.swift,\ DeletionTombstone.swift,\ EnrichmentArtifact.swift,\ GeometryAndContext.swift,\ MediaChunk.swift,\ ProcessingJob.swift,\ SearchRequest.swift,\ SearchResult.swift,\ SearchableFrame.swift,\ TextSpan.swift,\ TimelineSlice.swift /Users/justinhou/Development/deepshelves/Packages/MemoryContracts/Sources/MemoryContracts/BootstrapContract.swift /Users/justinhou/Development/deepshelves/Packages/MemoryContracts/Sources/MemoryContracts/CaptureEnvelope.swift /Users/justinhou/Development/deepshelves/Packages/MemoryContracts/Sources/MemoryContracts/ContractJSON.swift /Users/justinhou/Development/deepshelves/Packages/MemoryContracts/Sources/MemoryContracts/ContractValidation.swift /Users/justinhou/Development/deepshelves/Packages/MemoryContracts/Sources/MemoryContracts/DeletionTombstone.swift /Users/justinhou/Development/deepshelves/Packages/MemoryContracts/Sources/MemoryContracts/EnrichmentArtifact.swift /Users/justinhou/Development/deepshelves/Packages/MemoryContracts/Sources/MemoryContracts/GeometryAndContext.swift /Users/justinhou/Development/deepshelves/Packages/MemoryContracts/Sources/MemoryContracts/MediaChunk.swift /Users/justinhou/Development/deepshelves/Packages/MemoryContracts/Sources/MemoryContracts/ProcessingJob.swift /Users/justinhou/Development/deepshelves/Packages/MemoryContracts/Sources/MemoryContracts/SearchRequest.swift /Users/justinhou/Development/deepshelves/Packages/MemoryContracts/Sources/MemoryContracts/SearchResult.swift /Users/justinhou/Development/deepshelves/Packages/MemoryContracts/Sources/MemoryContracts/SearchableFrame.swift /Users/justinhou/Development/deepshelves/Packages/MemoryContracts/Sources/MemoryContracts/TextSpan.swift /Users/justinhou/Development/deepshelves/Packages/MemoryContracts/Sources/MemoryContracts/TimelineSlice.swift /Applications/Xcode.app/Contents/Developer/Toolchains/XcodeDefault.xctoolchain/usr/lib/swift/macosx/prebuilt-modules/26.5/_DarwinFoundation2.swiftmodule/arm64e-apple-macos.swiftmodule /Applications/Xcode.app/Contents/Developer/Toolchains/XcodeDefault.xctoolchain/usr/lib/swift/macosx/prebuilt-modules/26.5/ObjectiveC.swiftmodule/arm64e-apple-macos.swiftmodule /Applications/Xcode.app/Contents/Developer/Toolchains/XcodeDefault.xctoolchain/usr/lib/swift/macosx/prebuilt-modules/26.5/IOKit.swiftmodule/arm64e-apple-macos.swiftmodule /Applications/Xcode.app/Contents/Developer/Toolchains/XcodeDefault.xctoolchain/usr/lib/swift/macosx/prebuilt-modules/26.5/Swift.swiftmodule/arm64e-apple-macos.swiftmodule /Applications/Xcode.app/Contents/Developer/Toolchains/XcodeDefault.xctoolchain/usr/lib/swift/macosx/prebuilt-modules/26.5/Darwin.swiftmodule/arm64e-apple-macos.swiftmodule /Applications/Xcode.app/Contents/Developer/Toolchains/XcodeDefault.xctoolchain/usr/lib/swift/macosx/prebuilt-modules/26.5/Dispatch.swiftmodule/arm64e-apple-macos.swiftmodule /Applications/Xcode.app/Contents/Developer/Toolchains/XcodeDefault.xctoolchain/usr/lib/swift/macosx/prebuilt-modules/26.5/CoreFoundation.swiftmodule/arm64e-apple-macos.swiftmodule /Applications/Xcode.app/Contents/Developer/Toolchains/XcodeDefault.xctoolchain/usr/lib/swift/macosx/prebuilt-modules/26.5/_DarwinFoundation1.swiftmodule/arm64e-apple-macos.swiftmodule /Applications/Xcode.app/Contents/Developer/Toolchains/XcodeDefault.xctoolchain/usr/lib/swift/macosx/prebuilt-modules/26.5/_StringProcessing.swiftmodule/arm64e-apple-macos.swiftmodule /Applications/Xcode.app/Contents/Developer/Toolchains/XcodeDefault.xctoolchain/usr/lib/swift/macosx/prebuilt-modules/26.5/Observation.swiftmodule/arm64e-apple-macos.swiftmodule /Applications/Xcode.app/Contents/Developer/Toolchains/XcodeDefault.xctoolchain/usr/lib/swift/macosx/prebuilt-modules/26.5/XPC.swiftmodule/arm64e-apple-macos.swiftmodule /Applications/Xcode.app/Contents/Developer/Toolchains/XcodeDefault.xctoolchain/usr/lib/swift/macosx/prebuilt-modules/26.5/Foundation.swiftmodule/arm64e-apple-macos.swiftmodule /Applications/Xcode.app/Contents/Developer/Toolchains/XcodeDefault.xctoolchain/usr/lib/swift/macosx/prebuilt-modules/26.5/System.swiftmodule/arm64e-apple-macos.swiftmodule /Applications/Xcode.app/Contents/Developer/Toolchains/XcodeDefault.xctoolchain/usr/lib/swift/macosx/prebuilt-modules/26.5/_Concurrency.swiftmodule/arm64e-apple-macos.swiftmodule /Applications/Xcode.app/Contents/Developer/Toolchains/XcodeDefault.xctoolchain/usr/lib/swift/macosx/prebuilt-modules/26.5/_DarwinFoundation3.swiftmodule/arm64e-apple-macos.swiftmodule /Applications/Xcode.app/Contents/Developer/Toolchains/XcodeDefault.xctoolchain/usr/lib/swift/macosx/prebuilt-modules/26.5/_Builtin_float.swiftmodule/arm64e-apple-macos.swiftmodule /Applications/Xcode.app/Contents/Developer/Toolchains/XcodeDefault.xctoolchain/usr/lib/swift/macosx/prebuilt-modules/26.5/Combine.swiftmodule/arm64e-apple-macos.swiftmodule /Users/justinhou/Development/deepshelves/.build/S6UIDerivedData/ModuleCache.noindex/sys_types-7KGQUP4B156QJPWFWM83LFTOK.pcm /Users/justinhou/Development/deepshelves/.build/S6UIDerivedData/ModuleCache.noindex/libDER-1JXZ1NDNQEE1ADW9DY3LMDN9B.pcm /Users/justinhou/Development/deepshelves/.build/S6UIDerivedData/ModuleCache.noindex/Darwin-EQQLXKFXD73ES6G5RFBGYGZON.pcm /Users/justinhou/Development/deepshelves/.build/S6UIDerivedData/ModuleCache.noindex/_Builtin_float-40VYNGR6QHESEDVMGLQZI7AKN.pcm /Users/justinhou/Development/deepshelves/.build/S6UIDerivedData/ModuleCache.noindex/_DarwinFoundation3-8F2OQ5KKDKBGGKU1VI04MIVTH.pcm /Users/justinhou/Development/deepshelves/.build/S6UIDerivedData/ModuleCache.noindex/CoreFoundation-AE3EDF0G3IJMR0JV7RWCYTSST.pcm /Users/justinhou/Development/deepshelves/.build/S6UIDerivedData/ModuleCache.noindex/DiskArbitration-9BWG2GSF1JSQSW3DYYIFKERS8.pcm /Users/justinhou/Development/deepshelves/.build/S6UIDerivedData/ModuleCache.noindex/ptrauth-9S6KEEQ5U81N2UX1SD0INVJL2.pcm /Users/justinhou/Development/deepshelves/.build/S6UIDerivedData/ModuleCache.noindex/_Builtin_stdarg-D1Z9JQGZ94QRNGPKVE9HC1PTM.pcm /Users/justinhou/Development/deepshelves/.build/S6UIDerivedData/ModuleCache.noindex/MachO-D0MJZQ3KJ3198R4G09X6DFUSY.pcm /Users/justinhou/Development/deepshelves/.build/S6UIDerivedData/ModuleCache.noindex/IOKit-5Q02SDGFZ0X9ELPWSCSZO8P8M.pcm /Users/justinhou/Development/deepshelves/.build/S6UIDerivedData/ModuleCache.noindex/CFNetwork-88XF24CUKM8246HVABG97LPBX.pcm /Users/justinhou/Development/deepshelves/.build/S6UIDerivedData/ModuleCache.noindex/ObjectiveC-5HXK3F6U8OZOMN41CJYCML6K3.pcm /Users/justinhou/Development/deepshelves/.build/S6UIDerivedData/ModuleCache.noindex/XPC-BE77FD41IQ177V8DWQED9OENQ.pcm /Users/justinhou/Development/deepshelves/.build/S6UIDerivedData/ModuleCache.noindex/_Builtin_stddef-40KSMIDXTJSEVK3IYCOROCCCD.pcm /Users/justinhou/Development/deepshelves/.build/S6UIDerivedData/ModuleCache.noindex/_AvailabilityInternal-SLS2H2FWK2Q18I8764YEN9Y4.pcm /Users/justinhou/Development/deepshelves/.build/S6UIDerivedData/ModuleCache.noindex/_Builtin_stdint-3CSVBGL2D0ZM7JC3HNJDMZTER.pcm /Users/justinhou/Development/deepshelves/.build/S6UIDerivedData/ModuleCache.noindex/_SwiftConcurrencyShims-CH1KBS6290COIJMCS4989SGFS.pcm /Users/justinhou/Development/deepshelves/.build/S6UIDerivedData/ModuleCache.noindex/os_object-YW92G87SLUH220HIK1RI9Z0O.pcm /Users/justinhou/Development/deepshelves/.build/S6UIDerivedData/ModuleCache.noindex/Foundation-2VHSUWP8P9A4WKZYBVCOUFYLO.pcm /Users/justinhou/Development/deepshelves/.build/S6UIDerivedData/ModuleCache.noindex/_Builtin_stdbool-EVJQ2MNUYHHKBKJ073TSMY0FX.pcm /Users/justinhou/Development/deepshelves/.build/S6UIDerivedData/ModuleCache.noindex/CoreServices-94HDAF99SWLDQYSA6W0DI2HLL.pcm /Users/justinhou/Development/deepshelves/.build/S6UIDerivedData/ModuleCache.noindex/Security-9UEC4BNZMBATX8U89M55KSFDL.pcm /Users/justinhou/Development/deepshelves/.build/S6UIDerivedData/ModuleCache.noindex/Dispatch-B6JOXELDT1JPK9YQRI5AD2L4H.pcm /Users/justinhou/Development/deepshelves/.build/S6UIDerivedData/ModuleCache.noindex/ptrcheck-4KNEPMI1AIWZN7PNET0ZCAY3E.pcm /Users/justinhou/Development/deepshelves/.build/S6UIDerivedData/ModuleCache.noindex/launch-DKVPBP6NJS3395QUQPM9E40X5.pcm /Users/justinhou/Development/deepshelves/.build/S6UIDerivedData/ModuleCache.noindex/os_workgroup-BD705NBEJ36WD4BWFJ3FK2860.pcm /Users/justinhou/Development/deepshelves/.build/S6UIDerivedData/ModuleCache.noindex/libkern-BIE1GKOREEGC4MFTLRR8ZTXC1.pcm /Users/justinhou/Development/deepshelves/.build/S6UIDerivedData/ModuleCache.noindex/_DarwinFoundation1-BAV25RC78I4PPONK89LLEV943.pcm /Users/justinhou/Development/deepshelves/.build/S6UIDerivedData/ModuleCache.noindex/SwiftShims-4J4KS9JCAE12Q8BGJOF9DUGAY.pcm /Users/justinhou/Development/deepshelves/.build/S6UIDerivedData/ModuleCache.noindex/_DarwinFoundation2-A0DWH9UJ3FXC1ABTLP2R9KHRE.pcm /Users/justinhou/Development/deepshelves/.build/S6UIDerivedData/ModuleCache.noindex/_Builtin_inttypes-3Q0EMPEG0374STTYMSL8FG6SI.pcm /Users/justinhou/Development/deepshelves/.build/S6UIDerivedData/ModuleCache.noindex/_Builtin_limits-BLBK0JRXN7VTIFMJ363I17H1D.pcm /Users/justinhou/Development/deepshelves/.build/S6UIDerivedData/Build/Intermediates.noindex/MemoryContracts.build/Release/MemoryContracts.build/Objects-normal/arm64/MemoryContracts-dependencies-1.json (in target 'MemoryContracts' from project 'MemoryContracts')
CompileSwift normal arm64 (in target 'MemoryContracts' from project 'MemoryContracts')
    cd /Users/justinhou/Development/deepshelves/LocalMemory.xcodeproj


SwiftExplicitDependencyGeneratePcm arm64 /Users/justinhou/Development/deepshelves/.build/S6UIDerivedData/ModuleCache.noindex/CoreAudio-61F0NA1M5UOSUD26W6Y82768C.pcm

SwiftExplicitDependencyGeneratePcm arm64 /Users/justinhou/Development/deepshelves/.build/S6UIDerivedData/ModuleCache.noindex/UniformTypeIdentifiers-611OOQ23U48ESLWX762899H2H.pcm

SwiftCompile normal arm64 Compiling\ LM008UIDefaults.swift,\ MemoryDesignSystem.swift,\ S6SpikeCore.swift /Users/justinhou/Development/deepshelves/Packages/MemoryDesignSystem/Sources/MemoryDesignSystem/LM008UIDefaults.swift /Users/justinhou/Development/deepshelves/Packages/MemoryDesignSystem/Sources/MemoryDesignSystem/MemoryDesignSystem.swift /Users/justinhou/Development/deepshelves/Packages/MemoryDesignSystem/Sources/MemoryDesignSystem/S6SpikeCore.swift /Applications/Xcode.app/Contents/Developer/Toolchains/XcodeDefault.xctoolchain/usr/lib/swift/macosx/prebuilt-modules/26.5/Darwin.swiftmodule/arm64e-apple-macos.swiftmodule /Applications/Xcode.app/Contents/Developer/Toolchains/XcodeDefault.xctoolchain/usr/lib/swift/macosx/prebuilt-modules/26.5/CoreFoundation.swiftmodule/arm64e-apple-macos.swiftmodule /Applications/Xcode.app/Contents/Developer/Toolchains/XcodeDefault.xctoolchain/usr/lib/swift/macosx/prebuilt-modules/26.5/System.swiftmodule/arm64e-apple-macos.swiftmodule /Applications/Xcode.app/Contents/Developer/Toolchains/XcodeDefault.xctoolchain/usr/lib/swift/macosx/prebuilt-modules/26.5/XPC.swiftmodule/arm64e-apple-macos.swiftmodule /Applications/Xcode.app/Contents/Developer/Toolchains/XcodeDefault.xctoolchain/usr/lib/swift/macosx/prebuilt-modules/26.5/_StringProcessing.swiftmodule/arm64e-apple-macos.swiftmodule /Applications/Xcode.app/Contents/Developer/Toolchains/XcodeDefault.xctoolchain/usr/lib/swift/macosx/prebuilt-modules/26.5/Observation.swiftmodule/arm64e-apple-macos.swiftmodule /Applications/Xcode.app/Contents/Developer/Toolchains/XcodeDefault.xctoolchain/usr/lib/swift/macosx/prebuilt-modules/26.5/Foundation.swiftmodule/arm64e-apple-macos.swiftmodule /Applications/Xcode.app/Contents/Developer/Toolchains/XcodeDefault.xctoolchain/usr/lib/swift/macosx/prebuilt-modules/26.5/_Builtin_float.swiftmodule/arm64e-apple-macos.swiftmodule /Applications/Xcode.app/Contents/Developer/Toolchains/XcodeDefault.xctoolchain/usr/lib/swift/macosx/prebuilt-modules/26.5/_DarwinFoundation3.swiftmodule/arm64e-apple-macos.swiftmodule /Applications/Xcode.app/Contents/Developer/Toolchains/XcodeDefault.xctoolchain/usr/lib/swift/macosx/prebuilt-modules/26.5/Combine.swiftmodule/arm64e-apple-macos.swiftmodule /Applications/Xcode.app/Contents/Developer/Toolchains/XcodeDefault.xctoolchain/usr/lib/swift/macosx/prebuilt-modules/26.5/IOKit.swiftmodule/arm64e-apple-macos.swiftmodule /Applications/Xcode.app/Contents/Developer/Toolchains/XcodeDefault.xctoolchain/usr/lib/swift/macosx/prebuilt-modules/26.5/_Concurrency.swiftmodule/arm64e-apple-macos.swiftmodule /Applications/Xcode.app/Contents/Developer/Toolchains/XcodeDefault.xctoolchain/usr/lib/swift/macosx/prebuilt-modules/26.5/_DarwinFoundation1.swiftmodule/arm64e-apple-macos.swiftmodule /Applications/Xcode.app/Contents/Developer/Toolchains/XcodeDefault.xctoolchain/usr/lib/swift/macosx/prebuilt-modules/26.5/Swift.swiftmodule/arm64e-apple-macos.swiftmodule /Applications/Xcode.app/Contents/Developer/Toolchains/XcodeDefault.xctoolchain/usr/lib/swift/macosx/prebuilt-modules/26.5/ObjectiveC.swiftmodule/arm64e-apple-macos.swiftmodule /Applications/Xcode.app/Contents/Developer/Toolchains/XcodeDefault.xctoolchain/usr/lib/swift/macosx/prebuilt-modules/26.5/Dispatch.swiftmodule/arm64e-apple-macos.swiftmodule /Applications/Xcode.app/Contents/Developer/Toolchains/XcodeDefault.xctoolchain/usr/lib/swift/macosx/prebuilt-modules/26.5/_DarwinFoundation2.swiftmodule/arm64e-apple-macos.swiftmodule /Users/justinhou/Development/deepshelves/.build/S6UIDerivedData/ModuleCache.noindex/_DarwinFoundation3-8F2OQ5KKDKBGGKU1VI04MIVTH.pcm /Users/justinhou/Development/deepshelves/.build/S6UIDerivedData/ModuleCache.noindex/_Builtin_stddef-40KSMIDXTJSEVK3IYCOROCCCD.pcm /Users/justinhou/Development/deepshelves/.build/S6UIDerivedData/ModuleCache.noindex/CFNetwork-88XF24CUKM8246HVABG97LPBX.pcm /Users/justinhou/Development/deepshelves/.build/S6UIDerivedData/ModuleCache.noindex/SwiftShims-4J4KS9JCAE12Q8BGJOF9DUGAY.pcm /Users/justinhou/Development/deepshelves/.build/S6UIDerivedData/ModuleCache.noindex/_Builtin_stdbool-EVJQ2MNUYHHKBKJ073TSMY0FX.pcm /Users/justinhou/Development/deepshelves/.build/S6UIDerivedData/ModuleCache.noindex/_DarwinFoundation1-BAV25RC78I4PPONK89LLEV943.pcm /Users/justinhou/Development/deepshelves/.build/S6UIDerivedData/ModuleCache.noindex/Foundation-2VHSUWP8P9A4WKZYBVCOUFYLO.pcm /Users/justinhou/Development/deepshelves/.build/S6UIDerivedData/ModuleCache.noindex/CoreServices-94HDAF99SWLDQYSA6W0DI2HLL.pcm /Users/justinhou/Development/deepshelves/.build/S6UIDerivedData/ModuleCache.noindex/ObjectiveC-5HXK3F6U8OZOMN41CJYCML6K3.pcm /Users/justinhou/Development/deepshelves/.build/S6UIDerivedData/ModuleCache.noindex/Security-9UEC4BNZMBATX8U89M55KSFDL.pcm /Users/justinhou/Development/deepshelves/.build/S6UIDerivedData/ModuleCache.noindex/DiskArbitration-9BWG2GSF1JSQSW3DYYIFKERS8.pcm /Users/justinhou/Development/deepshelves/.build/S6UIDerivedData/ModuleCache.noindex/_Builtin_stdarg-D1Z9JQGZ94QRNGPKVE9HC1PTM.pcm /Users/justinhou/Development/deepshelves/.build/S6UIDerivedData/ModuleCache.noindex/os_workgroup-BD705NBEJ36WD4BWFJ3FK2860.pcm /Users/justinhou/Development/deepshelves/.build/S6UIDerivedData/ModuleCache.noindex/Dispatch-B6JOXELDT1JPK9YQRI5AD2L4H.pcm /Users/justinhou/Development/deepshelves/.build/S6UIDerivedData/ModuleCache.noindex/_Builtin_limits-BLBK0JRXN7VTIFMJ363I17H1D.pcm /Users/justinhou/Development/deepshelves/.build/S6UIDerivedData/ModuleCache.noindex/launch-DKVPBP6NJS3395QUQPM9E40X5.pcm /Users/justinhou/Development/deepshelves/.build/S6UIDerivedData/ModuleCache.noindex/XPC-BE77FD41IQ177V8DWQED9OENQ.pcm /Users/justinhou/Development/deepshelves/.build/S6UIDerivedData/ModuleCache.noindex/_AvailabilityInternal-SLS2H2FWK2Q18I8764YEN9Y4.pcm /Users/justinhou/Development/deepshelves/.build/S6UIDerivedData/ModuleCache.noindex/_Builtin_stdint-3CSVBGL2D0ZM7JC3HNJDMZTER.pcm /Users/justinhou/Development/deepshelves/.build/S6UIDerivedData/ModuleCache.noindex/_DarwinFoundation2-A0DWH9UJ3FXC1ABTLP2R9KHRE.pcm /Users/justinhou/Development/deepshelves/.build/S6UIDerivedData/ModuleCache.noindex/_SwiftConcurrencyShims-CH1KBS6290COIJMCS4989SGFS.pcm /Users/justinhou/Development/deepshelves/.build/S6UIDerivedData/ModuleCache.noindex/ptrcheck-4KNEPMI1AIWZN7PNET0ZCAY3E.pcm /Users/justinhou/Development/deepshelves/.build/S6UIDerivedData/ModuleCache.noindex/_Builtin_inttypes-3Q0EMPEG0374STTYMSL8FG6SI.pcm /Users/justinhou/Development/deepshelves/.build/S6UIDerivedData/ModuleCache.noindex/libDER-1JXZ1NDNQEE1ADW9DY3LMDN9B.pcm /Users/justinhou/Development/deepshelves/.build/S6UIDerivedData/ModuleCache.noindex/os_object-YW92G87SLUH220HIK1RI9Z0O.pcm /Users/justinhou/Development/deepshelves/.build/S6UIDerivedData/ModuleCache.noindex/ptrauth-9S6KEEQ5U81N2UX1SD0INVJL2.pcm /Users/justinhou/Development/deepshelves/.build/S6UIDerivedData/ModuleCache.noindex/libkern-BIE1GKOREEGC4MFTLRR8ZTXC1.pcm /Users/justinhou/Development/deepshelves/.build/S6UIDerivedData/ModuleCache.noindex/sys_types-7KGQUP4B156QJPWFWM83LFTOK.pcm /Users/justinhou/Development/deepshelves/.build/S6UIDerivedData/ModuleCache.noindex/_Builtin_float-40VYNGR6QHESEDVMGLQZI7AKN.pcm /Users/justinhou/Development/deepshelves/.build/S6UIDerivedData/ModuleCache.noindex/IOKit-5Q02SDGFZ0X9ELPWSCSZO8P8M.pcm /Users/justinhou/Development/deepshelves/.build/S6UIDerivedData/ModuleCache.noindex/Darwin-EQQLXKFXD73ES6G5RFBGYGZON.pcm /Users/justinhou/Development/deepshelves/.build/S6UIDerivedData/ModuleCache.noindex/CoreFoundation-AE3EDF0G3IJMR0JV7RWCYTSST.pcm /Users/justinhou/Development/deepshelves/.build/S6UIDerivedData/ModuleCache.noindex/MachO-D0MJZQ3KJ3198R4G09X6DFUSY.pcm /Users/justinhou/Development/deepshelves/.build/S6UIDerivedData/Build/Intermediates.noindex/MemoryDesignSystem.build/Release/MemoryDesignSystem.build/Objects-normal/arm64/MemoryDesignSystem-dependencies-1.json (in target 'MemoryDesignSystem' from project 'MemoryDesignSystem')

CompileSwift normal arm64 (in target 'MemoryDesignSystem' from project 'MemoryDesignSystem')
    cd /Users/justinhou/Development/deepshelves/LocalMemory.xcodeproj


SwiftExplicitDependencyGeneratePcm arm64 /Users/justinhou/Development/deepshelves/.build/S6UIDerivedData/ModuleCache.noindex/CoreMIDI-30EGA2K1G441REMDWHFJUG0VI.pcm

SwiftExplicitDependencyGeneratePcm arm64 /Users/justinhou/Development/deepshelves/.build/S6UIDerivedData/ModuleCache.noindex/CoreData-2Z070A17NI7Q1RUNFGG0E73V8.pcm

SwiftExplicitDependencyGeneratePcm arm64 /Users/justinhou/Development/deepshelves/.build/S6UIDerivedData/Build/Intermediates.noindex/SwiftExplicitPrecompiledModules/SQLCipher-C6E5AHU16670E3Z2QVZYQGOE8.pcm

SwiftExplicitDependencyGeneratePcm arm64 /Users/justinhou/Development/deepshelves/.build/S6UIDerivedData/ModuleCache.noindex/Symbols-57SXDIFKO693N9HXITSH7KFWI.pcm

SwiftExplicitDependencyGeneratePcm arm64 /Users/justinhou/Development/deepshelves/.build/S6UIDerivedData/ModuleCache.noindex/IOSurface-5WH9ZBEC7GYEW5GOZT3HOPFEC.pcm

SwiftExplicitDependencyGeneratePcm arm64 /Users/justinhou/Development/deepshelves/.build/S6UIDerivedData/ModuleCache.noindex/Carbon-ANOIRR7LNFJQTHR2XPWX7U4FQ.pcm

SwiftExplicitDependencyGeneratePcm arm64 /Users/justinhou/Development/deepshelves/.build/S6UIDerivedData/Build/Intermediates.noindex/SwiftExplicitPrecompiledModules/GRDBSQLCipher-8QX6GKCNSRCGX9PFC1USUTJND.pcm

SwiftExplicitDependencyGeneratePcm arm64 /Users/justinhou/Development/deepshelves/.build/S6UIDerivedData/ModuleCache.noindex/Metal-EGD3P8ROUAAOIOFD1IK1SU9E8.pcm

SwiftCompile normal arm64 Compiling\ resource_bundle_accessor.swift,\ Configuration.swift,\ Cursor.swift,\ Database+SQLCipher.swift,\ Database+Schema.swift,\ Database+Statements.swift,\ Database.swift,\ DatabaseBackupProgress.swift,\ DatabaseCollation.swift,\ DatabaseError.swift,\ DatabaseFunction.swift,\ DatabasePool.swift,\ DatabasePublishers.swift,\ DatabaseQueue.swift,\ DatabaseReader.swift,\ DatabaseRegion.swift,\ DatabaseRegionObservation.swift,\ DatabaseSchemaCache.swift,\ DatabaseSchemaSource.swift,\ DatabaseSnapshot.swift,\ DatabaseSnapshotPool.swift,\ DatabaseValue.swift,\ DatabaseValueConvertible.swift,\ DatabaseWriter.swift,\ DispatchQueueActor.swift,\ FetchRequest.swift,\ Row.swift,\ RowAdapter.swift,\ RowDecodingError.swift,\ SQL.swift,\ SQLInterpolation.swift,\ SQLRequest.swift,\ SchedulingWatchdog.swift,\ SerializedDatabase.swift,\ Statement.swift,\ StatementAuthorizer.swift,\ StatementColumnConvertible.swift,\ CGFloat.swift,\ Data.swift,\ DatabaseDateComponents.swift,\ DatabaseValueConvertible+ReferenceConvertible.swift,\ Date.swift,\ Decimal.swift,\ NSData.swift,\ NSNull.swift,\ NSNumber.swift,\ NSString.swift,\ SQLiteDateParser.swift,\ URL.swift,\ UUID.swift,\ DatabaseValueConvertible+Decodable.swift,\ DatabaseValueConvertible+Encodable.swift,\ DatabaseValueConvertible+RawRepresentable.swift,\ JSONRequiredEncoder.swift,\ Optional.swift,\ StandardLibrary.swift,\ TransactionClock.swift,\ TransactionObserver.swift,\ WALSnapshot.swift,\ WALSnapshotTransaction.swift,\ Database+Dump.swift,\ DatabaseReader+dump.swift,\ DumpFormat.swift,\ DebugDumpFormat.swift,\ JSONDumpFormat.swift,\ LineDumpFormat.swift,\ ListDumpFormat.swift,\ QuoteDumpFormat.swift,\ FTS3.swift,\ FTS3Pattern.swift,\ FTS3TokenizerDescriptor.swift,\ FTS4.swift,\ FTS5.swift,\ FTS5CustomTokenizer.swift,\ FTS5Pattern.swift,\ FTS5Tokenizer.swift,\ FTS5TokenizerDescriptor.swift,\ FTS5WrapperTokenizer.swift,\ Fixits.swift,\ JSONColumn.swift,\ SQLJSONExpressible.swift,\ SQLJSONFunctions.swift,\ DatabaseMigrator.swift,\ Migration.swift,\ FTS3+QueryInterface.swift,\ FTS5+QueryInterface.swift,\ ForeignKey.swift,\ Association.swift,\ AssociationAggregate.swift,\ BelongsToAssociation.swift,\ HasManyAssociation.swift,\ HasManyThroughAssociation.swift,\ HasOneAssociation.swift,\ HasOneThroughAssociation.swift,\ JoinAssociation.swift,\ CommonTableExpression.swift,\ QueryInterfaceRequest.swift,\ RequestProtocols.swift,\ Column.swift,\ DatabasePromise.swift,\ SQLAssociation.swift,\ SQLCollection.swift,\ SQLExpression.swift,\ SQLForeignKeyRequest.swift,\ SQLFunctions.swift,\ SQLOperators.swift,\ SQLOrdering.swift,\ SQLRelation.swift,\ SQLSelection.swift,\ SQLSubquery.swift,\ Table.swift,\ SQLColumnGenerator.swift,\ SQLGenerationContext.swift,\ SQLIndexGenerator.swift,\ SQLQueryGenerator.swift,\ SQLTableAlterationGenerator.swift,\ SQLTableGenerator.swift,\ TableAlias.swift,\ SQLInterpolation+QueryInterface.swift,\ ColumnDefinition.swift,\ Database+SchemaDefinition.swift,\ ForeignKeyDefinition.swift,\ IndexDefinition.swift,\ TableAlteration.swift,\ TableDefinition.swift,\ VirtualTableModule.swift,\ TableRecord+Association.swift,\ TableRecord+QueryInterfaceRequest.swift,\ EncodableRecord+Encodable.swift,\ EncodableRecord.swift,\ FetchableRecord+Decodable.swift,\ FetchableRecord+TableRecord.swift,\ FetchableRecord.swift,\ MutablePersistableRecord+DAO.swift,\ MutablePersistableRecord+Delete.swift,\ MutablePersistableRecord+Insert.swift,\ MutablePersistableRecord+Save.swift,\ MutablePersistableRecord+Update.swift,\ MutablePersistableRecord+Upsert.swift,\ MutablePersistableRecord.swift,\ PersistableRecord+Insert.swift,\ PersistableRecord+Save.swift,\ PersistableRecord+Upsert.swift,\ PersistableRecord.swift,\ Record.swift,\ TableRecord.swift,\ CaseInsensitiveIdentifier.swift,\ Inflections+English.swift,\ Inflections.swift,\ Mutex.swift,\ OnDemandFuture.swift,\ OrderedDictionary.swift,\ Pool.swift,\ ReadWriteLock.swift,\ ReceiveValuesOn.swift,\ Refinable.swift,\ Utils.swift,\ DatabaseCancellable.swift,\ ValueConcurrentObserver.swift,\ ValueWriteOnlyObserver.swift,\ Fetch.swift,\ Map.swift,\ RemoveDuplicates.swift,\ Trace.swift,\ ValueReducer.swift,\ SharedValueObservation.swift,\ ValueObservation.swift,\ ValueObservationScheduler.swift /Users/justinhou/Development/deepshelves/.build/S6UIDerivedData/Build/Intermediates.noindex/GRDB.build/Release/GRDB.build/DerivedSources/resource_bundle_accessor.swift /Users/justinhou/Development/deepshelves/.build/Dependencies/GRDB.swift-a285e4ca87ec6b3584c97b0ec25fc61fec02de60/GRDB/Core/Configuration.swift /Users/justinhou/Development/deepshelves/.build/Dependencies/GRDB.swift-a285e4ca87ec6b3584c97b0ec25fc61fec02de60/GRDB/Core/Cursor.swift /Users/justinhou/Development/deepshelves/.build/Dependencies/GRDB.swift-a285e4ca87ec6b3584c97b0ec25fc61fec02de60/GRDB/Core/Database+SQLCipher.swift /Users/justinhou/Development/deepshelves/.build/Dependencies/GRDB.swift-a285e4ca87ec6b3584c97b0ec25fc61fec02de60/GRDB/Core/Database+Schema.swift /Users/justinhou/Development/deepshelves/.build/Dependencies/GRDB.swift-a285e4ca87ec6b3584c97b0ec25fc61fec02de60/GRDB/Core/Database+Statements.swift /Users/justinhou/Development/deepshelves/.build/Dependencies/GRDB.swift-a285e4ca87ec6b3584c97b0ec25fc61fec02de60/GRDB/Core/Database.swift /Users/justinhou/Development/deepshelves/.build/Dependencies/GRDB.swift-a285e4ca87ec6b3584c97b0ec25fc61fec02de60/GRDB/Core/DatabaseBackupProgress.swift /Users/justinhou/Development/deepshelves/.build/Dependencies/GRDB.swift-a285e4ca87ec6b3584c97b0ec25fc61fec02de60/GRDB/Core/DatabaseCollation.swift /Users/justinhou/Development/deepshelves/.build/Dependencies/GRDB.swift-a285e4ca87ec6b3584c97b0ec25fc61fec02de60/GRDB/Core/DatabaseError.swift /Users/justinhou/Development/deepshelves/.build/Dependencies/GRDB.swift-a285e4ca87ec6b3584c97b0ec25fc61fec02de60/GRDB/Core/DatabaseFunction.swift /Users/justinhou/Development/deepshelves/.build/Dependencies/GRDB.swift-a285e4ca87ec6b3584c97b0ec25fc61fec02de60/GRDB/Core/DatabasePool.swift /Users/justinhou/Development/deepshelves/.build/Dependencies/GRDB.swift-a285e4ca87ec6b3584c97b0ec25fc61fec02de60/GRDB/Core/DatabasePublishers.swift /Users/justinhou/Development/deepshelves/.build/Dependencies/GRDB.swift-a285e4ca87ec6b3584c97b0ec25fc61fec02de60/GRDB/Core/DatabaseQueue.swift /Users/justinhou/Development/deepshelves/.build/Dependencies/GRDB.swift-a285e4ca87ec6b3584c97b0ec25fc61fec02de60/GRDB/Core/DatabaseReader.swift /Users/justinhou/Development/deepshelves/.build/Dependencies/GRDB.swift-a285e4ca87ec6b3584c97b0ec25fc61fec02de60/GRDB/Core/DatabaseRegion.swift /Users/justinhou/Development/deepshelves/.build/Dependencies/GRDB.swift-a285e4ca87ec6b3584c97b0ec25fc61fec02de60/GRDB/Core/DatabaseRegionObservation.swift /Users/justinhou/Development/deepshelves/.build/Dependencies/GRDB.swift-a285e4ca87ec6b3584c97b0ec25fc61fec02de60/GRDB/Core/DatabaseSchemaCache.swift /Users/justinhou/Development/deepshelves/.build/Dependencies/GRDB.swift-a285e4ca87ec6b3584c97b0ec25fc61fec02de60/GRDB/Core/DatabaseSchemaSource.swift /Users/justinhou/Development/deepshelves/.build/Dependencies/GRDB.swift-a285e4ca87ec6b3584c97b0ec25fc61fec02de60/GRDB/Core/DatabaseSnapshot.swift /Users/justinhou/Development/deepshelves/.build/Dependencies/GRDB.swift-a285e4ca87ec6b3584c97b0ec25fc61fec02de60/GRDB/Core/DatabaseSnapshotPool.swift /Users/justinhou/Development/deepshelves/.build/Dependencies/GRDB.swift-a285e4ca87ec6b3584c97b0ec25fc61fec02de60/GRDB/Core/DatabaseValue.swift /Users/justinhou/Development/deepshelves/.build/Dependencies/GRDB.swift-a285e4ca87ec6b3584c97b0ec25fc61fec02de60/GRDB/Core/DatabaseValueConvertible.swift /Users/justinhou/Development/deepshelves/.build/Dependencies/GRDB.swift-a285e4ca87ec6b3584c97b0ec25fc61fec02de60/GRDB/Core/DatabaseWriter.swift /Users/justinhou/Development/deepshelves/.build/Dependencies/GRDB.swift-a285e4ca87ec6b3584c97b0ec25fc61fec02de60/GRDB/Core/DispatchQueueActor.swift /Users/justinhou/Development/deepshelves/.build/Dependencies/GRDB.swift-a285e4ca87ec6b3584c97b0ec25fc61fec02de60/GRDB/Core/FetchRequest.swift /Users/justinhou/Development/deepshelves/.build/Dependencies/GRDB.swift-a285e4ca87ec6b3584c97b0ec25fc61fec02de60/GRDB/Core/Row.swift /Users/justinhou/Development/deepshelves/.build/Dependencies/GRDB.swift-a285e4ca87ec6b3584c97b0ec25fc61fec02de60/GRDB/Core/RowAdapter.swift /Users/justinhou/Development/deepshelves/.build/Dependencies/GRDB.swift-a285e4ca87ec6b3584c97b0ec25fc61fec02de60/GRDB/Core/RowDecodingError.swift /Users/justinhou/Development/deepshelves/.build/Dependencies/GRDB.swift-a285e4ca87ec6b3584c97b0ec25fc61fec02de60/GRDB/Core/SQL.swift /Users/justinhou/Development/deepshelves/.build/Dependencies/GRDB.swift-a285e4ca87ec6b3584c97b0ec25fc61fec02de60/GRDB/Core/SQLInterpolation.swift /Users/justinhou/Development/deepshelves/.build/Dependencies/GRDB.swift-a285e4ca87ec6b3584c97b0ec25fc61fec02de60/GRDB/Core/SQLRequest.swift /Users/justinhou/Development/deepshelves/.build/Dependencies/GRDB.swift-a285e4ca87ec6b3584c97b0ec25fc61fec02de60/GRDB/Core/SchedulingWatchdog.swift /Users/justinhou/Development/deepshelves/.build/Dependencies/GRDB.swift-a285e4ca87ec6b3584c97b0ec25fc61fec02de60/GRDB/Core/SerializedDatabase.swift /Users/justinhou/Development/deepshelves/.build/Dependencies/GRDB.swift-a285e4ca87ec6b3584c97b0ec25fc61fec02de60/GRDB/Core/Statement.swift /Users/justinhou/Development/deepshelves/.build/Dependencies/GRDB.swift-a285e4ca87ec6b3584c97b0ec25fc61fec02de60/GRDB/Core/StatementAuthorizer.swift /Users/justinhou/Development/deepshelves/.build/Dependencies/GRDB.swift-a285e4ca87ec6b3584c97b0ec25fc61fec02de60/GRDB/Core/StatementColumnConvertible.swift /Users/justinhou/Development/deepshelves/.build/Dependencies/GRDB.swift-a285e4ca87ec6b3584c97b0ec25fc61fec02de60/GRDB/Core/Support/CoreGraphics/CGFloat.swift /Users/justinhou/Development/deepshelves/.build/Dependencies/GRDB.swift-a285e4ca87ec6b3584c97b0ec25fc61fec02de60/GRDB/Core/Support/Foundation/Data.swift /Users/justinhou/Development/deepshelves/.build/Dependencies/GRDB.swift-a285e4ca87ec6b3584c97b0ec25fc61fec02de60/GRDB/Core/Support/Foundation/DatabaseDateComponents.swift /Users/justinhou/Development/deepshelves/.build/Dependencies/GRDB.swift-a285e4ca87ec6b3584c97b0ec25fc61fec02de60/GRDB/Core/Support/Foundation/DatabaseValueConvertible+ReferenceConvertible.swift /Users/justinhou/Development/deepshelves/.build/Dependencies/GRDB.swift-a285e4ca87ec6b3584c97b0ec25fc61fec02de60/GRDB/Core/Support/Foundation/Date.swift /Users/justinhou/Development/deepshelves/.build/Dependencies/GRDB.swift-a285e4ca87ec6b3584c97b0ec25fc61fec02de60/GRDB/Core/Support/Foundation/Decimal.swift /Users/justinhou/Development/deepshelves/.build/Dependencies/GRDB.swift-a285e4ca87ec6b3584c97b0ec25fc61fec02de60/GRDB/Core/Support/Foundation/NSData.swift /Users/justinhou/Development/deepshelves/.build/Dependencies/GRDB.swift-a285e4ca87ec6b3584c97b0ec25fc61fec02de60/GRDB/Core/Support/Foundation/NSNull.swift /Users/justinhou/Development/deepshelves/.build/Dependencies/GRDB.swift-a285e4ca87ec6b3584c97b0ec25fc61fec02de60/GRDB/Core/Support/Foundation/NSNumber.swift /Users/justinhou/Development/deepshelves/.build/Dependencies/GRDB.swift-a285e4ca87ec6b3584c97b0ec25fc61fec02de60/GRDB/Core/Support/Foundation/NSString.swift /Users/justinhou/Development/deepshelves/.build/Dependencies/GRDB.swift-a285e4ca87ec6b3584c97b0ec25fc61fec02de60/GRDB/Core/Support/Foundation/SQLiteDateParser.swift /Users/justinhou/Development/deepshelves/.build/Dependencies/GRDB.swift-a285e4ca87ec6b3584c97b0ec25fc61fec02de60/GRDB/Core/Support/Foundation/URL.swift /Users/justinhou/Development/deepshelves/.build/Dependencies/GRDB.swift-a285e4ca87ec6b3584c97b0ec25fc61fec02de60/GRDB/Core/Support/Foundation/UUID.swift /Users/justinhou/Development/deepshelves/.build/Dependencies/GRDB.swift-a285e4ca87ec6b3584c97b0ec25fc61fec02de60/GRDB/Core/Support/StandardLibrary/DatabaseValueConvertible+Decodable.swift /Users/justinhou/Development/deepshelves/.build/Dependencies/GRDB.swift-a285e4ca87ec6b3584c97b0ec25fc61fec02de60/GRDB/Core/Support/StandardLibrary/DatabaseValueConvertible+Encodable.swift /Users/justinhou/Development/deepshelves/.build/Dependencies/GRDB.swift-a285e4ca87ec6b3584c97b0ec25fc61fec02de60/GRDB/Core/Support/StandardLibrary/DatabaseValueConvertible+RawRepresentable.swift /Users/justinhou/Development/deepshelves/.build/Dependencies/GRDB.swift-a285e4ca87ec6b3584c97b0ec25fc61fec02de60/GRDB/Core/Support/StandardLibrary/JSONRequiredEncoder.swift /Users/justinhou/Development/deepshelves/.build/Dependencies/GRDB.swift-a285e4ca87ec6b3584c97b0ec25fc61fec02de60/GRDB/Core/Support/StandardLibrary/Optional.swift /Users/justinhou/Development/deepshelves/.build/Dependencies/GRDB.swift-a285e4ca87ec6b3584c97b0ec25fc61fec02de60/GRDB/Core/Support/StandardLibrary/StandardLibrary.swift /Users/justinhou/Development/deepshelves/.build/Dependencies/GRDB.swift-a285e4ca87ec6b3584c97b0ec25fc61fec02de60/GRDB/Core/TransactionClock.swift /Users/justinhou/Development/deepshelves/.build/Dependencies/GRDB.swift-a285e4ca87ec6b3584c97b0ec25fc61fec02de60/GRDB/Core/TransactionObserver.swift /Users/justinhou/Development/deepshelves/.build/Dependencies/GRDB.swift-a285e4ca87ec6b3584c97b0ec25fc61fec02de60/GRDB/Core/WALSnapshot.swift /Users/justinhou/Development/deepshelves/.build/Dependencies/GRDB.swift-a285e4ca87ec6b3584c97b0ec25fc61fec02de60/GRDB/Core/WALSnapshotTransaction.swift /Users/justinhou/Development/deepshelves/.build/Dependencies/GRDB.swift-a285e4ca87ec6b3584c97b0ec25fc61fec02de60/GRDB/Dump/Database+Dump.swift /Users/justinhou/Development/deepshelves/.build/Dependencies/GRDB.swift-a285e4ca87ec6b3584c97b0ec25fc61fec02de60/GRDB/Dump/DatabaseReader+dump.swift /Users/justinhou/Development/deepshelves/.build/Dependencies/GRDB.swift-a285e4ca87ec6b3584c97b0ec25fc61fec02de60/GRDB/Dump/DumpFormat.swift /Users/justinhou/Development/deepshelves/.build/Dependencies/GRDB.swift-a285e4ca87ec6b3584c97b0ec25fc61fec02de60/GRDB/Dump/DumpFormats/DebugDumpFormat.swift /Users/justinhou/Development/deepshelves/.build/Dependencies/GRDB.swift-a285e4ca87ec6b3584c97b0ec25fc61fec02de60/GRDB/Dump/DumpFormats/JSONDumpFormat.swift /Users/justinhou/Development/deepshelves/.build/Dependencies/GRDB.swift-a285e4ca87ec6b3584c97b0ec25fc61fec02de60/GRDB/Dump/DumpFormats/LineDumpFormat.swift /Users/justinhou/Development/deepshelves/.build/Dependencies/GRDB.swift-a285e4ca87ec6b3584c97b0ec25fc61fec02de60/GRDB/Dump/DumpFormats/ListDumpFormat.swift /Users/justinhou/Development/deepshelves/.build/Dependencies/GRDB.swift-a285e4ca87ec6b3584c97b0ec25fc61fec02de60/GRDB/Dump/DumpFormats/QuoteDumpFormat.swift /Users/justinhou/Development/deepshelves/.build/Dependencies/GRDB.swift-a285e4ca87ec6b3584c97b0ec25fc61fec02de60/GRDB/FTS/FTS3.swift /Users/justinhou/Development/deepshelves/.build/Dependencies/GRDB.swift-a285e4ca87ec6b3584c97b0ec25fc61fec02de60/GRDB/FTS/FTS3Pattern.swift /Users/justinhou/Development/deepshelves/.build/Dependencies/GRDB.swift-a285e4ca87ec6b3584c97b0ec25fc61fec02de60/GRDB/FTS/FTS3TokenizerDescriptor.swift /Users/justinhou/Development/deepshelves/.build/Dependencies/GRDB.swift-a285e4ca87ec6b3584c97b0ec25fc61fec02de60/GRDB/FTS/FTS4.swift /Users/justinhou/Development/deepshelves/.build/Dependencies/GRDB.swift-a285e4ca87ec6b3584c97b0ec25fc61fec02de60/GRDB/FTS/FTS5.swift /Users/justinhou/Development/deepshelves/.build/Dependencies/GRDB.swift-a285e4ca87ec6b3584c97b0ec25fc61fec02de60/GRDB/FTS/FTS5CustomTokenizer.swift /Users/justinhou/Development/deepshelves/.build/Dependencies/GRDB.swift-a285e4ca87ec6b3584c97b0ec25fc61fec02de60/GRDB/FTS/FTS5Pattern.swift /Users/justinhou/Development/deepshelves/.build/Dependencies/GRDB.swift-a285e4ca87ec6b3584c97b0ec25fc61fec02de60/GRDB/FTS/FTS5Tokenizer.swift /Users/justinhou/Development/deepshelves/.build/Dependencies/GRDB.swift-a285e4ca87ec6b3584c97b0ec25fc61fec02de60/GRDB/FTS/FTS5TokenizerDescriptor.swift /Users/justinhou/Development/deepshelves/.build/Dependencies/GRDB.swift-a285e4ca87ec6b3584c97b0ec25fc61fec02de60/GRDB/FTS/FTS5WrapperTokenizer.swift /Users/justinhou/Development/deepshelves/.build/Dependencies/GRDB.swift-a285e4ca87ec6b3584c97b0ec25fc61fec02de60/GRDB/Fixits.swift /Users/justinhou/Development/deepshelves/.build/Dependencies/GRDB.swift-a285e4ca87ec6b3584c97b0ec25fc61fec02de60/GRDB/JSON/JSONColumn.swift /Users/justinhou/Development/deepshelves/.build/Dependencies/GRDB.swift-a285e4ca87ec6b3584c97b0ec25fc61fec02de60/GRDB/JSON/SQLJSONExpressible.swift /Users/justinhou/Development/deepshelves/.build/Dependencies/GRDB.swift-a285e4ca87ec6b3584c97b0ec25fc61fec02de60/GRDB/JSON/SQLJSONFunctions.swift /Users/justinhou/Development/deepshelves/.build/Dependencies/GRDB.swift-a285e4ca87ec6b3584c97b0ec25fc61fec02de60/GRDB/Migration/DatabaseMigrator.swift /Users/justinhou/Development/deepshelves/.build/Dependencies/GRDB.swift-a285e4ca87ec6b3584c97b0ec25fc61fec02de60/GRDB/Migration/Migration.swift /Users/justinhou/Development/deepshelves/.build/Dependencies/GRDB.swift-a285e4ca87ec6b3584c97b0ec25fc61fec02de60/GRDB/QueryInterface/FTS3+QueryInterface.swift /Users/justinhou/Development/deepshelves/.build/Dependencies/GRDB.swift-a285e4ca87ec6b3584c97b0ec25fc61fec02de60/GRDB/QueryInterface/FTS5+QueryInterface.swift /Users/justinhou/Development/deepshelves/.build/Dependencies/GRDB.swift-a285e4ca87ec6b3584c97b0ec25fc61fec02de60/GRDB/QueryInterface/ForeignKey.swift /Users/justinhou/Development/deepshelves/.build/Dependencies/GRDB.swift-a285e4ca87ec6b3584c97b0ec25fc61fec02de60/GRDB/QueryInterface/Request/Association/Association.swift /Users/justinhou/Development/deepshelves/.build/Dependencies/GRDB.swift-a285e4ca87ec6b3584c97b0ec25fc61fec02de60/GRDB/QueryInterface/Request/Association/AssociationAggregate.swift /Users/justinhou/Development/deepshelves/.build/Dependencies/GRDB.swift-a285e4ca87ec6b3584c97b0ec25fc61fec02de60/GRDB/QueryInterface/Request/Association/BelongsToAssociation.swift /Users/justinhou/Development/deepshelves/.build/Dependencies/GRDB.swift-a285e4ca87ec6b3584c97b0ec25fc61fec02de60/GRDB/QueryInterface/Request/Association/HasManyAssociation.swift /Users/justinhou/Development/deepshelves/.build/Dependencies/GRDB.swift-a285e4ca87ec6b3584c97b0ec25fc61fec02de60/GRDB/QueryInterface/Request/Association/HasManyThroughAssociation.swift /Users/justinhou/Development/deepshelves/.build/Dependencies/GRDB.swift-a285e4ca87ec6b3584c97b0ec25fc61fec02de60/GRDB/QueryInterface/Request/Association/HasOneAssociation.swift /Users/justinhou/Development/deepshelves/.build/Dependencies/GRDB.swift-a285e4ca87ec6b3584c97b0ec25fc61fec02de60/GRDB/QueryInterface/Request/Association/HasOneThroughAssociation.swift /Users/justinhou/Development/deepshelves/.build/Dependencies/GRDB.swift-a285e4ca87ec6b3584c97b0ec25fc61fec02de60/GRDB/QueryInterface/Request/Association/JoinAssociation.swift /Users/justinhou/Development/deepshelves/.build/Dependencies/GRDB.swift-a285e4ca87ec6b3584c97b0ec25fc61fec02de60/GRDB/QueryInterface/Request/CommonTableExpression.swift /Users/justinhou/Development/deepshelves/.build/Dependencies/GRDB.swift-a285e4ca87ec6b3584c97b0ec25fc61fec02de60/GRDB/QueryInterface/Request/QueryInterfaceRequest.swift /Users/justinhou/Development/deepshelves/.build/Dependencies/GRDB.swift-a285e4ca87ec6b3584c97b0ec25fc61fec02de60/GRDB/QueryInterface/Request/RequestProtocols.swift /Users/justinhou/Development/deepshelves/.build/Dependencies/GRDB.swift-a285e4ca87ec6b3584c97b0ec25fc61fec02de60/GRDB/QueryInterface/SQL/Column.swift /Users/justinhou/Development/deepshelves/.build/Dependencies/GRDB.swift-a285e4ca87ec6b3584c97b0ec25fc61fec02de60/GRDB/QueryInterface/SQL/DatabasePromise.swift /Users/justinhou/Development/deepshelves/.build/Dependencies/GRDB.swift-a285e4ca87ec6b3584c97b0ec25fc61fec02de60/GRDB/QueryInterface/SQL/SQLAssociation.swift /Users/justinhou/Development/deepshelves/.build/Dependencies/GRDB.swift-a285e4ca87ec6b3584c97b0ec25fc61fec02de60/GRDB/QueryInterface/SQL/SQLCollection.swift /Users/justinhou/Development/deepshelves/.build/Dependencies/GRDB.swift-a285e4ca87ec6b3584c97b0ec25fc61fec02de60/GRDB/QueryInterface/SQL/SQLExpression.swift /Users/justinhou/Development/deepshelves/.build/Dependencies/GRDB.swift-a285e4ca87ec6b3584c97b0ec25fc61fec02de60/GRDB/QueryInterface/SQL/SQLForeignKeyRequest.swift /Users/justinhou/Development/deepshelves/.build/Dependencies/GRDB.swift-a285e4ca87ec6b3584c97b0ec25fc61fec02de60/GRDB/QueryInterface/SQL/SQLFunctions.swift /Users/justinhou/Development/deepshelves/.build/Dependencies/GRDB.swift-a285e4ca87ec6b3584c97b0ec25fc61fec02de60/GRDB/QueryInterface/SQL/SQLOperators.swift /Users/justinhou/Development/deepshelves/.build/Dependencies/GRDB.swift-a285e4ca87ec6b3584c97b0ec25fc61fec02de60/GRDB/QueryInterface/SQL/SQLOrdering.swift /Users/justinhou/Development/deepshelves/.build/Dependencies/GRDB.swift-a285e4ca87ec6b3584c97b0ec25fc61fec02de60/GRDB/QueryInterface/SQL/SQLRelation.swift /Users/justinhou/Development/deepshelves/.build/Dependencies/GRDB.swift-a285e4ca87ec6b3584c97b0ec25fc61fec02de60/GRDB/QueryInterface/SQL/SQLSelection.swift /Users/justinhou/Development/deepshelves/.build/Dependencies/GRDB.swift-a285e4ca87ec6b3584c97b0ec25fc61fec02de60/GRDB/QueryInterface/SQL/SQLSubquery.swift /Users/justinhou/Development/deepshelves/.build/Dependencies/GRDB.swift-a285e4ca87ec6b3584c97b0ec25fc61fec02de60/GRDB/QueryInterface/SQL/Table.swift /Users/justinhou/Development/deepshelves/.build/Dependencies/GRDB.swift-a285e4ca87ec6b3584c97b0ec25fc61fec02de60/GRDB/QueryInterface/SQLGeneration/SQLColumnGenerator.swift /Users/justinhou/Development/deepshelves/.build/Dependencies/GRDB.swift-a285e4ca87ec6b3584c97b0ec25fc61fec02de60/GRDB/QueryInterface/SQLGeneration/SQLGenerationContext.swift /Users/justinhou/Development/deepshelves/.build/Dependencies/GRDB.swift-a285e4ca87ec6b3584c97b0ec25fc61fec02de60/GRDB/QueryInterface/SQLGeneration/SQLIndexGenerator.swift /Users/justinhou/Development/deepshelves/.build/Dependencies/GRDB.swift-a285e4ca87ec6b3584c97b0ec25fc61fec02de60/GRDB/QueryInterface/SQLGeneration/SQLQueryGenerator.swift /Users/justinhou/Development/deepshelves/.build/Dependencies/GRDB.swift-a285e4ca87ec6b3584c97b0ec25fc61fec02de60/GRDB/QueryInterface/SQLGeneration/SQLTableAlterationGenerator.swift /Users/justinhou/Development/deepshelves/.build/Dependencies/GRDB.swift-a285e4ca87ec6b3584c97b0ec25fc61fec02de60/GRDB/QueryInterface/SQLGeneration/SQLTableGenerator.swift /Users/justinhou/Development/deepshelves/.build/Dependencies/GRDB.swift-a285e4ca87ec6b3584c97b0ec25fc61fec02de60/GRDB/QueryInterface/SQLGeneration/TableAlias.swift /Users/justinhou/Development/deepshelves/.build/Dependencies/GRDB.swift-a285e4ca87ec6b3584c97b0ec25fc61fec02de60/GRDB/QueryInterface/SQLInterpolation+QueryInterface.swift /Users/justinhou/Development/deepshelves/.build/Dependencies/GRDB.swift-a285e4ca87ec6b3584c97b0ec25fc61fec02de60/GRDB/QueryInterface/Schema/ColumnDefinition.swift /Users/justinhou/Development/deepshelves/.build/Dependencies/GRDB.swift-a285e4ca87ec6b3584c97b0ec25fc61fec02de60/GRDB/QueryInterface/Schema/Database+SchemaDefinition.swift /Users/justinhou/Development/deepshelves/.build/Dependencies/GRDB.swift-a285e4ca87ec6b3584c97b0ec25fc61fec02de60/GRDB/QueryInterface/Schema/ForeignKeyDefinition.swift /Users/justinhou/Development/deepshelves/.build/Dependencies/GRDB.swift-a285e4ca87ec6b3584c97b0ec25fc61fec02de60/GRDB/QueryInterface/Schema/IndexDefinition.swift /Users/justinhou/Development/deepshelves/.build/Dependencies/GRDB.swift-a285e4ca87ec6b3584c97b0ec25fc61fec02de60/GRDB/QueryInterface/Schema/TableAlteration.swift /Users/justinhou/Development/deepshelves/.build/Dependencies/GRDB.swift-a285e4ca87ec6b3584c97b0ec25fc61fec02de60/GRDB/QueryInterface/Schema/TableDefinition.swift /Users/justinhou/Development/deepshelves/.build/Dependencies/GRDB.swift-a285e4ca87ec6b3584c97b0ec25fc61fec02de60/GRDB/QueryInterface/Schema/VirtualTableModule.swift /Users/justinhou/Development/deepshelves/.build/Dependencies/GRDB.swift-a285e4ca87ec6b3584c97b0ec25fc61fec02de60/GRDB/QueryInterface/TableRecord+Association.swift /Users/justinhou/Development/deepshelves/.build/Dependencies/GRDB.swift-a285e4ca87ec6b3584c97b0ec25fc61fec02de60/GRDB/QueryInterface/TableRecord+QueryInterfaceRequest.swift /Users/justinhou/Development/deepshelves/.build/Dependencies/GRDB.swift-a285e4ca87ec6b3584c97b0ec25fc61fec02de60/GRDB/Record/EncodableRecord+Encodable.swift /Users/justinhou/Development/deepshelves/.build/Dependencies/GRDB.swift-a285e4ca87ec6b3584c97b0ec25fc61fec02de60/GRDB/Record/EncodableRecord.swift /Users/justinhou/Development/deepshelves/.build/Dependencies/GRDB.swift-a285e4ca87ec6b3584c97b0ec25fc61fec02de60/GRDB/Record/FetchableRecord+Decodable.swift /Users/justinhou/Development/deepshelves/.build/Dependencies/GRDB.swift-a285e4ca87ec6b3584c97b0ec25fc61fec02de60/GRDB/Record/FetchableRecord+TableRecord.swift /Users/justinhou/Development/deepshelves/.build/Dependencies/GRDB.swift-a285e4ca87ec6b3584c97b0ec25fc61fec02de60/GRDB/Record/FetchableRecord.swift /Users/justinhou/Development/deepshelves/.build/Dependencies/GRDB.swift-a285e4ca87ec6b3584c97b0ec25fc61fec02de60/GRDB/Record/MutablePersistableRecord+DAO.swift /Users/justinhou/Development/deepshelves/.build/Dependencies/GRDB.swift-a285e4ca87ec6b3584c97b0ec25fc61fec02de60/GRDB/Record/MutablePersistableRecord+Delete.swift /Users/justinhou/Development/deepshelves/.build/Dependencies/GRDB.swift-a285e4ca87ec6b3584c97b0ec25fc61fec02de60/GRDB/Record/MutablePersistableRecord+Insert.swift /Users/justinhou/Development/deepshelves/.build/Dependencies/GRDB.swift-a285e4ca87ec6b3584c97b0ec25fc61fec02de60/GRDB/Record/MutablePersistableRecord+Save.swift /Users/justinhou/Development/deepshelves/.build/Dependencies/GRDB.swift-a285e4ca87ec6b3584c97b0ec25fc61fec02de60/GRDB/Record/MutablePersistableRecord+Update.swift /Users/justinhou/Development/deepshelves/.build/Dependencies/GRDB.swift-a285e4ca87ec6b3584c97b0ec25fc61fec02de60/GRDB/Record/MutablePersistableRecord+Upsert.swift /Users/justinhou/Development/deepshelves/.build/Dependencies/GRDB.swift-a285e4ca87ec6b3584c97b0ec25fc61fec02de60/GRDB/Record/MutablePersistableRecord.swift /Users/justinhou/Development/deepshelves/.build/Dependencies/GRDB.swift-a285e4ca87ec6b3584c97b0ec25fc61fec02de60/GRDB/Record/PersistableRecord+Insert.swift /Users/justinhou/Development/deepshelves/.build/Dependencies/GRDB.swift-a285e4ca87ec6b3584c97b0ec25fc61fec02de60/GRDB/Record/PersistableRecord+Save.swift /Users/justinhou/Development/deepshelves/.build/Dependencies/GRDB.swift-a285e4ca87ec6b3584c97b0ec25fc61fec02de60/GRDB/Record/PersistableRecord+Upsert.swift /Users/justinhou/Development/deepshelves/.build/Dependencies/GRDB.swift-a285e4ca87ec6b3584c97b0ec25fc61fec02de60/GRDB/Record/PersistableRecord.swift /Users/justinhou/Development/deepshelves/.build/Dependencies/GRDB.swift-a285e4ca87ec6b3584c97b0ec25fc61fec02de60/GRDB/Record/Record.swift /Users/justinhou/Development/deepshelves/.build/Dependencies/GRDB.swift-a285e4ca87ec6b3584c97b0ec25fc61fec02de60/GRDB/Record/TableRecord.swift /Users/justinhou/Development/deepshelves/.build/Dependencies/GRDB.swift-a285e4ca87ec6b3584c97b0ec25fc61fec02de60/GRDB/Utils/CaseInsensitiveIdentifier.swift /Users/justinhou/Development/deepshelves/.build/Dependencies/GRDB.swift-a285e4ca87ec6b3584c97b0ec25fc61fec02de60/GRDB/Utils/Inflections+English.swift /Users/justinhou/Development/deepshelves/.build/Dependencies/GRDB.swift-a285e4ca87ec6b3584c97b0ec25fc61fec02de60/GRDB/Utils/Inflections.swift /Users/justinhou/Development/deepshelves/.build/Dependencies/GRDB.swift-a285e4ca87ec6b3584c97b0ec25fc61fec02de60/GRDB/Utils/Mutex.swift /Users/justinhou/Development/deepshelves/.build/Dependencies/GRDB.swift-a285e4ca87ec6b3584c97b0ec25fc61fec02de60/GRDB/Utils/OnDemandFuture.swift /Users/justinhou/Development/deepshelves/.build/Dependencies/GRDB.swift-a285e4ca87ec6b3584c97b0ec25fc61fec02de60/GRDB/Utils/OrderedDictionary.swift /Users/justinhou/Development/deepshelves/.build/Dependencies/GRDB.swift-a285e4ca87ec6b3584c97b0ec25fc61fec02de60/GRDB/Utils/Pool.swift /Users/justinhou/Development/deepshelves/.build/Dependencies/GRDB.swift-a285e4ca87ec6b3584c97b0ec25fc61fec02de60/GRDB/Utils/ReadWriteLock.swift /Users/justinhou/Development/deepshelves/.build/Dependencies/GRDB.swift-a285e4ca87ec6b3584c97b0ec25fc61fec02de60/GRDB/Utils/ReceiveValuesOn.swift /Users/justinhou/Development/deepshelves/.build/Dependencies/GRDB.swift-a285e4ca87ec6b3584c97b0ec25fc61fec02de60/GRDB/Utils/Refinable.swift /Users/justinhou/Development/deepshelves/.build/Dependencies/GRDB.swift-a285e4ca87ec6b3584c97b0ec25fc61fec02de60/GRDB/Utils/Utils.swift /Users/justinhou/Development/deepshelves/.build/Dependencies/GRDB.swift-a285e4ca87ec6b3584c97b0ec25fc61fec02de60/GRDB/ValueObservation/DatabaseCancellable.swift /Users/justinhou/Development/deepshelves/.build/Dependencies/GRDB.swift-a285e4ca87ec6b3584c97b0ec25fc61fec02de60/GRDB/ValueObservation/Observers/ValueConcurrentObserver.swift /Users/justinhou/Development/deepshelves/.build/Dependencies/GRDB.swift-a285e4ca87ec6b3584c97b0ec25fc61fec02de60/GRDB/ValueObservation/Observers/ValueWriteOnlyObserver.swift /Users/justinhou/Development/deepshelves/.build/Dependencies/GRDB.swift-a285e4ca87ec6b3584c97b0ec25fc61fec02de60/GRDB/ValueObservation/Reducers/Fetch.swift /Users/justinhou/Development/deepshelves/.build/Dependencies/GRDB.swift-a285e4ca87ec6b3584c97b0ec25fc61fec02de60/GRDB/ValueObservation/Reducers/Map.swift /Users/justinhou/Development/deepshelves/.build/Dependencies/GRDB.swift-a285e4ca87ec6b3584c97b0ec25fc61fec02de60/GRDB/ValueObservation/Reducers/RemoveDuplicates.swift /Users/justinhou/Development/deepshelves/.build/Dependencies/GRDB.swift-a285e4ca87ec6b3584c97b0ec25fc61fec02de60/GRDB/ValueObservation/Reducers/Trace.swift /Users/justinhou/Development/deepshelves/.build/Dependencies/GRDB.swift-a285e4ca87ec6b3584c97b0ec25fc61fec02de60/GRDB/ValueObservation/Reducers/ValueReducer.swift /Users/justinhou/Development/deepshelves/.build/Dependencies/GRDB.swift-a285e4ca87ec6b3584c97b0ec25fc61fec02de60/GRDB/ValueObservation/SharedValueObservation.swift /Users/justinhou/Development/deepshelves/.build/Dependencies/GRDB.swift-a285e4ca87ec6b3584c97b0ec25fc61fec02de60/GRDB/ValueObservation/ValueObservation.swift /Users/justinhou/Development/deepshelves/.build/Dependencies/GRDB.swift-a285e4ca87ec6b3584c97b0ec25fc61fec02de60/GRDB/ValueObservation/ValueObservationScheduler.swift /Applications/Xcode.app/Contents/Developer/Toolchains/XcodeDefault.xctoolchain/usr/lib/swift/macosx/prebuilt-modules/26.5/Swift.swiftmodule/arm64e-apple-macos.swiftmodule /Applications/Xcode.app/Contents/Developer/Toolchains/XcodeDefault.xctoolchain/usr/lib/swift/macosx/prebuilt-modules/26.5/Foundation.swiftmodule/arm64e-apple-macos.swiftmodule /Applications/Xcode.app/Contents/Developer/Toolchains/XcodeDefault.xctoolchain/usr/lib/swift/macosx/prebuilt-modules/26.5/Darwin.swiftmodule/arm64e-apple-macos.swiftmodule /Applications/Xcode.app/Contents/Developer/Toolchains/XcodeDefault.xctoolchain/usr/lib/swift/macosx/prebuilt-modules/26.5/_Concurrency.swiftmodule/arm64e-apple-macos.swiftmodule /Applications/Xcode.app/Contents/Developer/Toolchains/XcodeDefault.xctoolchain/usr/lib/swift/macosx/prebuilt-modules/26.5/IOKit.swiftmodule/arm64e-apple-macos.swiftmodule /Applications/Xcode.app/Contents/Developer/Toolchains/XcodeDefault.xctoolchain/usr/lib/swift/macosx/prebuilt-modules/26.5/_DarwinFoundation2.swiftmodule/arm64e-apple-macos.swiftmodule /Applications/Xcode.app/Contents/Developer/Toolchains/XcodeDefault.xctoolchain/usr/lib/swift/macosx/prebuilt-modules/26.5/ObjectiveC.swiftmodule/arm64e-apple-macos.swiftmodule /Applications/Xcode.app/Contents/Developer/Toolchains/XcodeDefault.xctoolchain/usr/lib/swift/macosx/prebuilt-modules/26.5/CoreFoundation.swiftmodule/arm64e-apple-macos.swiftmodule /Applications/Xcode.app/Contents/Developer/Toolchains/XcodeDefault.xctoolchain/usr/lib/swift/macosx/prebuilt-modules/26.5/XPC.swiftmodule/arm64e-apple-macos.swiftmodule /Applications/Xcode.app/Contents/Developer/Toolchains/XcodeDefault.xctoolchain/usr/lib/swift/macosx/prebuilt-modules/26.5/Observation.swiftmodule/arm64e-apple-macos.swiftmodule /Applications/Xcode.app/Contents/Developer/Toolchains/XcodeDefault.xctoolchain/usr/lib/swift/macosx/prebuilt-modules/26.5/Dispatch.swiftmodule/arm64e-apple-macos.swiftmodule /Applications/Xcode.app/Contents/Developer/Toolchains/XcodeDefault.xctoolchain/usr/lib/swift/macosx/prebuilt-modules/26.5/_StringProcessing.swiftmodule/arm64e-apple-macos.swiftmodule /Applications/Xcode.app/Contents/Developer/Toolchains/XcodeDefault.xctoolchain/usr/lib/swift/macosx/prebuilt-modules/26.5/Combine.swiftmodule/arm64e-apple-macos.swiftmodule /Applications/Xcode.app/Contents/Developer/Toolchains/XcodeDefault.xctoolchain/usr/lib/swift/macosx/prebuilt-modules/26.5/CoreGraphics.swiftmodule/arm64e-apple-macos.swiftmodule /Applications/Xcode.app/Contents/Developer/Toolchains/XcodeDefault.xctoolchain/usr/lib/swift/macosx/prebuilt-modules/26.5/_DarwinFoundation1.swiftmodule/arm64e-apple-macos.swiftmodule /Applications/Xcode.app/Contents/Developer/Toolchains/XcodeDefault.xctoolchain/usr/lib/swift/macosx/prebuilt-modules/26.5/_Builtin_float.swiftmodule/arm64e-apple-macos.swiftmodule /Applications/Xcode.app/Contents/Developer/Toolchains/XcodeDefault.xctoolchain/usr/lib/swift/macosx/prebuilt-modules/26.5/_DarwinFoundation3.swiftmodule/arm64e-apple-macos.swiftmodule /Applications/Xcode.app/Contents/Developer/Toolchains/XcodeDefault.xctoolchain/usr/lib/swift/macosx/prebuilt-modules/26.5/System.swiftmodule/arm64e-apple-macos.swiftmodule /Users/justinhou/Development/deepshelves/.build/S6UIDerivedData/ModuleCache.noindex/libkern-53USIB4X0QYP9PRTNYFPQLTO0.pcm /Users/justinhou/Development/deepshelves/.build/S6UIDerivedData/ModuleCache.noindex/launch-7K2G35UMPYS47KHDFXR543XFA.pcm /Users/justinhou/Development/deepshelves/.build/S6UIDerivedData/ModuleCache.noindex/_AvailabilityInternal-6YU57SWXS69PYDSLQATNLT8SX.pcm /Users/justinhou/Development/deepshelves/.build/S6UIDerivedData/ModuleCache.noindex/_Builtin_stdbool-C82VACWOHU2Q5YW95977MLGHS.pcm /Users/justinhou/Development/deepshelves/.build/S6UIDerivedData/ModuleCache.noindex/_Builtin_float-POJ3YBXTFBBZUPDQZR1DDV99.pcm /Users/justinhou/Development/deepshelves/.build/S6UIDerivedData/ModuleCache.noindex/_Builtin_stdint-5D1M813TVRECTKAS84DW7DNT1.pcm /Users/justinhou/Development/deepshelves/.build/S6UIDerivedData/ModuleCache.noindex/ObjectiveC-DOBNC5NZH64A8OLJWMDVELK4J.pcm /Users/justinhou/Development/deepshelves/.build/S6UIDerivedData/ModuleCache.noindex/ptrcheck-602MXDH6QGLIFW4PNZDTQGRU0.pcm /Users/justinhou/Development/deepshelves/.build/S6UIDerivedData/ModuleCache.noindex/_Builtin_stdarg-D603UUE2134ZZASR27PXSBU2Q.pcm /Users/justinhou/Development/deepshelves/.build/S6UIDerivedData/ModuleCache.noindex/_Builtin_inttypes-4YFS15TKA2CB9VWNE56RIUL2V.pcm /Users/justinhou/Development/deepshelves/.build/S6UIDerivedData/ModuleCache.noindex/CoreGraphics-DHQSXWN77Q3AMTI2SHSP2BKTW.pcm /Users/justinhou/Development/deepshelves/.build/S6UIDerivedData/ModuleCache.noindex/_Builtin_stddef-F21E4164PWLJUG5PD5SKQI3PX.pcm /Users/justinhou/Development/deepshelves/.build/S6UIDerivedData/ModuleCache.noindex/_Builtin_limits-DHKEEQ8NMT0RYQ9MD6XO5SCGG.pcm /Users/justinhou/Development/deepshelves/.build/S6UIDerivedData/Build/Intermediates.noindex/SwiftExplicitPrecompiledModules/SQLCipher-C6E5AHU16670E3Z2QVZYQGOE8.pcm /Users/justinhou/Development/deepshelves/.build/S6UIDerivedData/ModuleCache.noindex/DiskArbitration-1IY7M7XQD5FZ000GX250IH2UJ.pcm /Users/justinhou/Development/deepshelves/.build/S6UIDerivedData/ModuleCache.noindex/libDER-3F0Y8KWIYS589J400007ES5Q6.pcm /Users/justinhou/Development/deepshelves/.build/S6UIDerivedData/ModuleCache.noindex/sys_types-9JHK5KVSE754M3A7LOF1AQSY5.pcm /Users/justinhou/Development/deepshelves/.build/S6UIDerivedData/ModuleCache.noindex/Dispatch-8RDVHANT2PWMNMVFI6H5N6DBB.pcm /Users/justinhou/Development/deepshelves/.build/S6UIDerivedData/ModuleCache.noindex/string_h-6524HDCNX2EXU3WDHOG7AT4CF.pcm /Users/justinhou/Development/deepshelves/.build/S6UIDerivedData/ModuleCache.noindex/Foundation-B6WNI5MDF2D2BPMQ97XW08ARR.pcm /Users/justinhou/Development/deepshelves/.build/S6UIDerivedData/ModuleCache.noindex/ptrauth-25N8HR3H7OGVEJY6QLWM2FPP1.pcm /Users/justinhou/Development/deepshelves/.build/S6UIDerivedData/ModuleCache.noindex/_DarwinFoundation2-2RQYYCLKXUT24CHUU5OUN2S4K.pcm /Users/justinhou/Development/deepshelves/.build/S6UIDerivedData/ModuleCache.noindex/Security-AZIRK7QQCV8XL3D5D596CHTH6.pcm /Users/justinhou/Development/deepshelves/.build/S6UIDerivedData/ModuleCache.noindex/_DarwinFoundation3-9Y4FJC3QQWI1TS7LGJ3UA1KSX.pcm /Users/justinhou/Development/deepshelves/.build/S6UIDerivedData/ModuleCache.noindex/_DarwinFoundation1-6I5UH1P2BWB4CXXQ6P136LXK7.pcm /Users/justinhou/Development/deepshelves/.build/S6UIDerivedData/ModuleCache.noindex/os_workgroup-E2WTUF7TBOOZG03EOHGIDNSOM.pcm /Users/justinhou/Development/deepshelves/.build/S6UIDerivedData/ModuleCache.noindex/CoreFoundation-1W6ECEPRQYS75DL36IKHSMFOY.pcm /Users/justinhou/Development/deepshelves/.build/S6UIDerivedData/ModuleCache.noindex/CFNetwork-A7BAJ2CWIY77UEGDXOCPZ2WGS.pcm /Users/justinhou/Development/deepshelves/.build/S6UIDerivedData/ModuleCache.noindex/XPC-8NKAKGV8468Q6QS3U0EIY664M.pcm /Users/justinhou/Development/deepshelves/.build/S6UIDerivedData/ModuleCache.noindex/os_object-8X16E11TAEVJBO3K38EXQ1EDL.pcm /Users/justinhou/Development/deepshelves/.build/S6UIDerivedData/ModuleCache.noindex/MachO-2I31HIJNH191BDD06QDKYYTJU.pcm /Users/justinhou/Development/deepshelves/.build/S6UIDerivedData/ModuleCache.noindex/Darwin-3UNJ23XOUA8CRARKN6NAFU346.pcm /Users/justinhou/Development/deepshelves/.build/S6UIDerivedData/ModuleCache.noindex/_SwiftConcurrencyShims-28KWYONOUMCTS53OC5SK0G59K.pcm /Users/justinhou/Development/deepshelves/.build/S6UIDerivedData/ModuleCache.noindex/IOKit-9PTL7PH55TLUDW14Y8V2TIHZG.pcm /Users/justinhou/Development/deepshelves/.build/S6UIDerivedData/ModuleCache.noindex/CoreServices-D8MIAMMUF5WTHHRLMLZ16TD7O.pcm /Users/justinhou/Development/deepshelves/.build/S6UIDerivedData/ModuleCache.noindex/SwiftShims-C0FGTSJTOXFPLU54GC0OE7147.pcm /Users/justinhou/Development/deepshelves/.build/S6UIDerivedData/Build/Intermediates.noindex/SwiftExplicitPrecompiledModules/GRDBSQLCipher-8QX6GKCNSRCGX9PFC1USUTJND.pcm /Users/justinhou/Development/deepshelves/.build/S6UIDerivedData/Build/Intermediates.noindex/GRDB.build/Release/GRDB.build/Objects-normal/arm64/GRDB-dependencies-1.json (in target 'GRDB' from project 'GRDB')
CompileSwift normal arm64 (in target 'GRDB' from project 'GRDB')
    cd /Users/justinhou/Development/deepshelves/LocalMemory.xcodeproj


SwiftExplicitDependencyGeneratePcm arm64 /Users/justinhou/Development/deepshelves/.build/S6UIDerivedData/ModuleCache.noindex/AudioToolbox-A62SXQ0WHVXAKE93LXVI1QYP8.pcm

SwiftExplicitDependencyGeneratePcm arm64 /Users/justinhou/Development/deepshelves/.build/S6UIDerivedData/ModuleCache.noindex/CoreVideo-BQUQAFGJA7G6PCBL8DXGJ1SIQ.pcm

SwiftExplicitDependencyGeneratePcm arm64 /Users/justinhou/Development/deepshelves/.build/S6UIDerivedData/ModuleCache.noindex/CoreImage-AX8DWB2KCSKQDYJFSGIC6213G.pcm

SwiftExplicitDependencyGeneratePcm arm64 /Users/justinhou/Development/deepshelves/.build/S6UIDerivedData/ModuleCache.noindex/CoreMedia-CR2A4IZ94MNBDLU31JUKNOJ3X.pcm

SwiftExplicitDependencyGeneratePcm arm64 /Users/justinhou/Development/deepshelves/.build/S6UIDerivedData/ModuleCache.noindex/CoreML-73SD338ZWO02W7HYHP8QF4XFO.pcm

SwiftExplicitDependencyGeneratePcm arm64 /Users/justinhou/Development/deepshelves/.build/S6UIDerivedData/ModuleCache.noindex/Accelerate-E9JFYTGISZXOV6PKJ5IUHBNS.pcm

SwiftExplicitDependencyGeneratePcm arm64 /Users/justinhou/Development/deepshelves/.build/S6UIDerivedData/ModuleCache.noindex/QuartzCore-9G9YIDELI2J8ABT2ESS095OKQ.pcm

SwiftExplicitDependencyGeneratePcm arm64 /Users/justinhou/Development/deepshelves/.build/S6UIDerivedData/ModuleCache.noindex/SwiftUICore-D8ESW6S2FLJ3T7TEP40LY6WX4.pcm

SwiftExplicitDependencyGeneratePcm arm64 /Users/justinhou/Development/deepshelves/.build/S6UIDerivedData/ModuleCache.noindex/Vision-22OBPUPQVPD14CI1EAXPLYSQJ.pcm

SwiftExplicitDependencyGeneratePcm arm64 /Users/justinhou/Development/deepshelves/.build/S6UIDerivedData/ModuleCache.noindex/AVFAudio-F5G4SM4OR7SV2FLG61V0D57PE.pcm

SwiftExplicitDependencyGeneratePcm arm64 /Users/justinhou/Development/deepshelves/.build/S6UIDerivedData/ModuleCache.noindex/MediaToolbox-51N54D0ZY1D85HYG3G7F8XREU.pcm

SwiftExplicitDependencyGeneratePcm arm64 /Users/justinhou/Development/deepshelves/.build/S6UIDerivedData/ModuleCache.noindex/VideoToolbox-2KQWFEENN6A5Q9OM4LEDBDRXZ.pcm

SwiftExplicitDependencyGeneratePcm arm64 /Users/justinhou/Development/deepshelves/.build/S6UIDerivedData/ModuleCache.noindex/AppKit-3FOYKKQFO7CU5FQMRUPQ2DWTT.pcm

SwiftExplicitDependencyGeneratePcm arm64 /Users/justinhou/Development/deepshelves/.build/S6UIDerivedData/ModuleCache.noindex/AVFoundation-6GACJ6PW7HYGVSXVZAVUD4J4E.pcm

SwiftCompile normal arm64 Compiling\ resource_bundle_accessor.swift,\ ContextLiveAX.swift,\ ContextSpikeCore.swift,\ ContextVisionOCR.swift,\ ExactVectorScan.swift,\ GPT2ByteEncoder.swift,\ MemoryEnrichment.swift,\ MobileCLIPRuntime.swift,\ MobileCLIPTokenizer.swift,\ MobileCLIPTokenizerUtils.swift,\ ModelResourceIntegrity.swift,\ S3S4SpikeRunner.swift /Users/justinhou/Development/deepshelves/.build/S6UIDerivedData/Build/Intermediates.noindex/MemoryEnrichment.build/Release/MemoryEnrichment.build/DerivedSources/resource_bundle_accessor.swift /Users/justinhou/Development/deepshelves/Packages/MemoryEnrichment/Sources/MemoryEnrichment/ContextLiveAX.swift /Users/justinhou/Development/deepshelves/Packages/MemoryEnrichment/Sources/MemoryEnrichment/ContextSpikeCore.swift /Users/justinhou/Development/deepshelves/Packages/MemoryEnrichment/Sources/MemoryEnrichment/ContextVisionOCR.swift /Users/justinhou/Development/deepshelves/Packages/MemoryEnrichment/Sources/MemoryEnrichment/ExactVectorScan.swift /Users/justinhou/Development/deepshelves/Packages/MemoryEnrichment/Sources/MemoryEnrichment/GPT2ByteEncoder.swift /Users/justinhou/Development/deepshelves/Packages/MemoryEnrichment/Sources/MemoryEnrichment/MemoryEnrichment.swift /Users/justinhou/Development/deepshelves/Packages/MemoryEnrichment/Sources/MemoryEnrichment/MobileCLIPRuntime.swift /Users/justinhou/Development/deepshelves/Packages/MemoryEnrichment/Sources/MemoryEnrichment/MobileCLIPTokenizer.swift /Users/justinhou/Development/deepshelves/Packages/MemoryEnrichment/Sources/MemoryEnrichment/MobileCLIPTokenizerUtils.swift /Users/justinhou/Development/deepshelves/Packages/MemoryEnrichment/Sources/MemoryEnrichment/ModelResourceIntegrity.swift /Users/justinhou/Development/deepshelves/Packages/MemoryEnrichment/Sources/MemoryEnrichment/S3S4SpikeRunner.swift /Applications/Xcode.app/Contents/Developer/Toolchains/XcodeDefault.xctoolchain/usr/lib/swift/macosx/prebuilt-modules/26.5/CoreMIDI.swiftmodule/arm64e-apple-macos.swiftmodule /Applications/Xcode.app/Contents/Developer/Toolchains/XcodeDefault.xctoolchain/usr/lib/swift/macosx/prebuilt-modules/26.5/_StringProcessing.swiftmodule/arm64e-apple-macos.swiftmodule /Applications/Xcode.app/Contents/Developer/Toolchains/XcodeDefault.xctoolchain/usr/lib/swift/macosx/prebuilt-modules/26.5/CoreGraphics.swiftmodule/arm64e-apple-macos.swiftmodule /Applications/Xcode.app/Contents/Developer/Toolchains/XcodeDefault.xctoolchain/usr/lib/swift/macosx/prebuilt-modules/26.5/CoreImage.swiftmodule/arm64e-apple-macos.swiftmodule /Applications/Xcode.app/Contents/Developer/Toolchains/XcodeDefault.xctoolchain/usr/lib/swift/macosx/prebuilt-modules/26.5/os.swiftmodule/arm64e-apple-macos.swiftmodule /Applications/Xcode.app/Contents/Developer/Toolchains/XcodeDefault.xctoolchain/usr/lib/swift/macosx/prebuilt-modules/26.5/UniformTypeIdentifiers.swiftmodule/arm64e-apple-macos.swiftmodule /Applications/Xcode.app/Contents/Developer/Toolchains/XcodeDefault.xctoolchain/usr/lib/swift/macosx/prebuilt-modules/26.5/IOKit.swiftmodule/arm64e-apple-macos.swiftmodule /Applications/Xcode.app/Contents/Developer/Toolchains/XcodeDefault.xctoolchain/usr/lib/swift/macosx/prebuilt-modules/26.5/_DarwinFoundation3.swiftmodule/arm64e-apple-macos.swiftmodule /Applications/Xcode.app/Contents/Developer/Toolchains/XcodeDefault.xctoolchain/usr/lib/swift/macosx/prebuilt-modules/26.5/CoreML.swiftmodule/arm64e-apple-macos.swiftmodule /Applications/Xcode.app/Contents/Developer/Toolchains/XcodeDefault.xctoolchain/usr/lib/swift/macosx/prebuilt-modules/26.5/Darwin.swiftmodule/arm64e-apple-macos.swiftmodule /Applications/Xcode.app/Contents/Developer/Toolchains/XcodeDefault.xctoolchain/usr/lib/swift/macosx/prebuilt-modules/26.5/_DarwinFoundation1.swiftmodule/arm64e-apple-macos.swiftmodule /Applications/Xcode.app/Contents/Developer/Toolchains/XcodeDefault.xctoolchain/usr/lib/swift/macosx/prebuilt-modules/26.5/CoreText.swiftmodule/arm64e-apple-macos.swiftmodule /Applications/Xcode.app/Contents/Developer/Toolchains/XcodeDefault.xctoolchain/usr/lib/swift/macosx/prebuilt-modules/26.5/QuartzCore.swiftmodule/arm64e-apple-macos.swiftmodule /Applications/Xcode.app/Contents/Developer/Toolchains/XcodeDefault.xctoolchain/usr/lib/swift/macosx/prebuilt-modules/26.5/Synchronization.swiftmodule/arm64e-apple-macos.swiftmodule /Applications/Xcode.app/Contents/Developer/Toolchains/XcodeDefault.xctoolchain/usr/lib/swift/macosx/prebuilt-modules/26.5/_Concurrency.swiftmodule/arm64e-apple-macos.swiftmodule /Applications/Xcode.app/Contents/Developer/Toolchains/XcodeDefault.xctoolchain/usr/lib/swift/macosx/prebuilt-modules/26.5/AVFoundation.swiftmodule/arm64e-apple-macos.swiftmodule /Applications/Xcode.app/Contents/Developer/Toolchains/XcodeDefault.xctoolchain/usr/lib/swift/macosx/prebuilt-modules/26.5/Foundation.swiftmodule/arm64e-apple-macos.swiftmodule /Applications/Xcode.app/Contents/Developer/Toolchains/XcodeDefault.xctoolchain/usr/lib/swift/macosx/prebuilt-modules/26.5/simd.swiftmodule/arm64e-apple-macos.swiftmodule /Applications/Xcode.app/Contents/Developer/Toolchains/XcodeDefault.xctoolchain/usr/lib/swift/macosx/prebuilt-modules/26.5/Combine.swiftmodule/arm64e-apple-macos.swiftmodule /Applications/Xcode.app/Contents/Developer/Toolchains/XcodeDefault.xctoolchain/usr/lib/swift/macosx/prebuilt-modules/26.5/Dispatch.swiftmodule/arm64e-apple-macos.swiftmodule /Applications/Xcode.app/Contents/Developer/Toolchains/XcodeDefault.xctoolchain/usr/lib/swift/macosx/prebuilt-modules/26.5/LocalAuthentication.swiftmodule/arm64e-apple-macos.swiftmodule /Applications/Xcode.app/Contents/Developer/Toolchains/XcodeDefault.xctoolchain/usr/lib/swift/macosx/prebuilt-modules/26.5/AudioToolbox.swiftmodule/arm64e-apple-macos.swiftmodule /Applications/Xcode.app/Contents/Developer/Toolchains/XcodeDefault.xctoolchain/usr/lib/swift/macosx/prebuilt-modules/26.5/CoreVideo.swiftmodule/arm64e-apple-macos.swiftmodule /Applications/Xcode.app/Contents/Developer/Toolchains/XcodeDefault.xctoolchain/usr/lib/swift/macosx/prebuilt-modules/26.5/Accelerate.swiftmodule/arm64e-apple-macos.swiftmodule /Applications/Xcode.app/Contents/Developer/Toolchains/XcodeDefault.xctoolchain/usr/lib/swift/macosx/prebuilt-modules/26.5/CoreMedia.swiftmodule/arm64e-apple-macos.swiftmodule /Applications/Xcode.app/Contents/Developer/Toolchains/XcodeDefault.xctoolchain/usr/lib/swift/macosx/prebuilt-modules/26.5/_DarwinFoundation2.swiftmodule/arm64e-apple-macos.swiftmodule /Applications/Xcode.app/Contents/Developer/Toolchains/XcodeDefault.xctoolchain/usr/lib/swift/macosx/prebuilt-modules/26.5/Swift.swiftmodule/arm64e-apple-macos.swiftmodule /Applications/Xcode.app/Contents/Developer/Toolchains/XcodeDefault.xctoolchain/usr/lib/swift/macosx/prebuilt-modules/26.5/CoreAudio.swiftmodule/arm64e-apple-macos.swiftmodule /Applications/Xcode.app/Contents/Developer/Toolchains/XcodeDefault.xctoolchain/usr/lib/swift/macosx/prebuilt-modules/26.5/System.swiftmodule/arm64e-apple-macos.swiftmodule /Applications/Xcode.app/Contents/Developer/Toolchains/XcodeDefault.xctoolchain/usr/lib/swift/macosx/prebuilt-modules/26.5/XPC.swiftmodule/arm64e-apple-macos.swiftmodule /Applications/Xcode.app/Contents/Developer/Toolchains/XcodeDefault.xctoolchain/usr/lib/swift/macosx/prebuilt-modules/26.5/Observation.swiftmodule/arm64e-apple-macos.swiftmodule /Applications/Xcode.app/Contents/Developer/Toolchains/XcodeDefault.xctoolchain/usr/lib/swift/macosx/prebuilt-modules/26.5/_Builtin_float.swiftmodule/arm64e-apple-macos.swiftmodule /Applications/Xcode.app/Contents/Developer/Toolchains/XcodeDefault.xctoolchain/usr/lib/swift/macosx/prebuilt-modules/26.5/DataDetection.swiftmodule/arm64e-apple-macos.swiftmodule /Applications/Xcode.app/Contents/Developer/Toolchains/XcodeDefault.xctoolchain/usr/lib/swift/macosx/prebuilt-modules/26.5/Vision.swiftmodule/arm64e-apple-macos.swiftmodule /Applications/Xcode.app/Contents/Developer/Toolchains/XcodeDefault.xctoolchain/usr/lib/swift/macosx/prebuilt-modules/26.5/CoreFoundation.swiftmodule/arm64e-apple-macos.swiftmodule /Applications/Xcode.app/Contents/Developer/Toolchains/XcodeDefault.xctoolchain/usr/lib/swift/macosx/prebuilt-modules/26.5/Metal.swiftmodule/arm64e-apple-macos.swiftmodule /Applications/Xcode.app/Contents/Developer/Toolchains/XcodeDefault.xctoolchain/usr/lib/swift/macosx/prebuilt-modules/26.5/CryptoKit.swiftmodule/arm64e-apple-macos.swiftmodule /Applications/Xcode.app/Contents/Developer/Toolchains/XcodeDefault.xctoolchain/usr/lib/swift/macosx/prebuilt-modules/26.5/AVFAudio.swiftmodule/arm64e-apple-macos.swiftmodule /Applications/Xcode.app/Contents/Developer/Toolchains/XcodeDefault.xctoolchain/usr/lib/swift/macosx/prebuilt-modules/26.5/ObjectiveC.swiftmodule/arm64e-apple-macos.swiftmodule /Users/justinhou/Development/deepshelves/.build/S6UIDerivedData/ModuleCache.noindex/_Builtin_stdarg-D1Z9JQGZ94QRNGPKVE9HC1PTM.pcm /Users/justinhou/Development/deepshelves/.build/S6UIDerivedData/ModuleCache.noindex/_Builtin_stdbool-EVJQ2MNUYHHKBKJ073TSMY0FX.pcm /Users/justinhou/Development/deepshelves/.build/S6UIDerivedData/ModuleCache.noindex/_Builtin_stdatomic-5DE0ZG91GECZPHAK4MDWL6HWI.pcm /Users/justinhou/Development/deepshelves/.build/S6UIDerivedData/ModuleCache.noindex/CoreAudioTypes-ABWE57TTPQMA736BDKXY3H4M9.pcm /Users/justinhou/Development/deepshelves/.build/S6UIDerivedData/ModuleCache.noindex/_Builtin_limits-BLBK0JRXN7VTIFMJ363I17H1D.pcm /Users/justinhou/Development/deepshelves/.build/S6UIDerivedData/ModuleCache.noindex/_Builtin_stdint-3CSVBGL2D0ZM7JC3HNJDMZTER.pcm /Users/justinhou/Development/deepshelves/.build/S6UIDerivedData/ModuleCache.noindex/CoreServices-94HDAF99SWLDQYSA6W0DI2HLL.pcm /Users/justinhou/Development/deepshelves/.build/S6UIDerivedData/ModuleCache.noindex/_Builtin_float-40VYNGR6QHESEDVMGLQZI7AKN.pcm /Users/justinhou/Development/deepshelves/.build/S6UIDerivedData/ModuleCache.noindex/QuartzCore-9G9YIDELI2J8ABT2ESS095OKQ.pcm /Users/justinhou/Development/deepshelves/.build/S6UIDerivedData/ModuleCache.noindex/Vision-22OBPUPQVPD14CI1EAXPLYSQJ.pcm /Users/justinhou/Development/deepshelves/.build/S6UIDerivedData/ModuleCache.noindex/CoreMedia-CR2A4IZ94MNBDLU31JUKNOJ3X.pcm /Users/justinhou/Development/deepshelves/.build/S6UIDerivedData/ModuleCache.noindex/_Builtin_inttypes-3Q0EMPEG0374STTYMSL8FG6SI.pcm /Users/justinhou/Development/deepshelves/.build/S6UIDerivedData/ModuleCache.noindex/_AvailabilityInternal-SLS2H2FWK2Q18I8764YEN9Y4.pcm /Users/justinhou/Development/deepshelves/.build/S6UIDerivedData/ModuleCache.noindex/CFNetwork-88XF24CUKM8246HVABG97LPBX.pcm /Users/justinhou/Development/deepshelves/.build/S6UIDerivedData/ModuleCache.noindex/CoreVideo-BQUQAFGJA7G6PCBL8DXGJ1SIQ.pcm /Users/justinhou/Development/deepshelves/.build/S6UIDerivedData/ModuleCache.noindex/ptrauth-9S6KEEQ5U81N2UX1SD0INVJL2.pcm /Users/justinhou/Development/deepshelves/.build/S6UIDerivedData/ModuleCache.noindex/ObjectiveC-5HXK3F6U8OZOMN41CJYCML6K3.pcm /Users/justinhou/Development/deepshelves/.build/S6UIDerivedData/ModuleCache.noindex/Security-9UEC4BNZMBATX8U89M55KSFDL.pcm /Users/justinhou/Development/deepshelves/.build/S6UIDerivedData/ModuleCache.noindex/os_object-YW92G87SLUH220HIK1RI9Z0O.pcm /Users/justinhou/Development/deepshelves/.build/S6UIDerivedData/ModuleCache.noindex/Metal-EGD3P8ROUAAOIOFD1IK1SU9E8.pcm /Users/justinhou/Development/deepshelves/.build/S6UIDerivedData/ModuleCache.noindex/launch-DKVPBP6NJS3395QUQPM9E40X5.pcm /Users/justinhou/Development/deepshelves/.build/S6UIDerivedData/ModuleCache.noindex/CoreGraphics-1SUMBJY9WO7DSQRTCVF27RBU3.pcm /Users/justinhou/Development/deepshelves/.build/S6UIDerivedData/ModuleCache.noindex/ApplicationServices-BSSL61G6RGE6MNFKDG0021VC5.pcm /Users/justinhou/Development/deepshelves/.build/S6UIDerivedData/ModuleCache.noindex/LocalAuthentication-X7V9QF75FE7I6Z8QNPNE9B6W.pcm /Users/justinhou/Development/deepshelves/.build/S6UIDerivedData/ModuleCache.noindex/UniformTypeIdentifiers-611OOQ23U48ESLWX762899H2H.pcm /Users/justinhou/Development/deepshelves/.build/S6UIDerivedData/ModuleCache.noindex/MachO-D0MJZQ3KJ3198R4G09X6DFUSY.pcm /Users/justinhou/Development/deepshelves/.build/S6UIDerivedData/ModuleCache.noindex/_SwiftConcurrencyShims-CH1KBS6290COIJMCS4989SGFS.pcm /Users/justinhou/Development/deepshelves/.build/S6UIDerivedData/ModuleCache.noindex/SwiftShims-4J4KS9JCAE12Q8BGJOF9DUGAY.pcm /Users/justinhou/Development/deepshelves/.build/S6UIDerivedData/ModuleCache.noindex/ImageIO-4TXN6YKTQRLFVSNI0L9K6XY56.pcm /Users/justinhou/Development/deepshelves/.build/S6UIDerivedData/ModuleCache.noindex/AVFoundation-6GACJ6PW7HYGVSXVZAVUD4J4E.pcm /Users/justinhou/Development/deepshelves/.build/S6UIDerivedData/ModuleCache.noindex/IOKit-5Q02SDGFZ0X9ELPWSCSZO8P8M.pcm /Users/justinhou/Development/deepshelves/.build/S6UIDerivedData/ModuleCache.noindex/CoreAudio-61F0NA1M5UOSUD26W6Y82768C.pcm /Users/justinhou/Development/deepshelves/.build/S6UIDerivedData/ModuleCache.noindex/Accelerate-E9JFYTGISZXOV6PKJ5IUHBNS.pcm /Users/justinhou/Development/deepshelves/.build/S6UIDerivedData/ModuleCache.noindex/libDER-1JXZ1NDNQEE1ADW9DY3LMDN9B.pcm /Users/justinhou/Development/deepshelves/.build/S6UIDerivedData/ModuleCache.noindex/ColorSync-DVPQGM0NIXPTW4VDXNOBBGAJV.pcm /Users/justinhou/Development/deepshelves/.build/S6UIDerivedData/ModuleCache.noindex/XPC-BE77FD41IQ177V8DWQED9OENQ.pcm /Users/justinhou/Development/deepshelves/.build/S6UIDerivedData/ModuleCache.noindex/libkern-BIE1GKOREEGC4MFTLRR8ZTXC1.pcm /Users/justinhou/Development/deepshelves/.build/S6UIDerivedData/ModuleCache.noindex/AVFAudio-F5G4SM4OR7SV2FLG61V0D57PE.pcm /Users/justinhou/Development/deepshelves/.build/S6UIDerivedData/ModuleCache.noindex/simd-4BKL0A7SZA3IXK9HNCHX8D6H0.pcm /Users/justinhou/Development/deepshelves/.build/S6UIDerivedData/ModuleCache.noindex/CoreMIDI-30EGA2K1G441REMDWHFJUG0VI.pcm /Users/justinhou/Development/deepshelves/.build/S6UIDerivedData/ModuleCache.noindex/_DarwinFoundation3-8F2OQ5KKDKBGGKU1VI04MIVTH.pcm /Users/justinhou/Development/deepshelves/.build/S6UIDerivedData/ModuleCache.noindex/_DarwinFoundation1-BAV25RC78I4PPONK89LLEV943.pcm /Users/justinhou/Development/deepshelves/.build/S6UIDerivedData/ModuleCache.noindex/_Builtin_stddef-40KSMIDXTJSEVK3IYCOROCCCD.pcm /Users/justinhou/Development/deepshelves/.build/S6UIDerivedData/ModuleCache.noindex/CoreML-73SD338ZWO02W7HYHP8QF4XFO.pcm /Users/justinhou/Development/deepshelves/.build/S6UIDerivedData/ModuleCache.noindex/_Builtin_tgmath-2PJ0W3X8D7CYL2XK1A0DLBELU.pcm /Users/justinhou/Development/deepshelves/.build/S6UIDerivedData/ModuleCache.noindex/_Builtin_intrinsics-5SCOAPKI4DUQ0SCBQUUAVVWEG.pcm /Users/justinhou/Development/deepshelves/.build/S6UIDerivedData/ModuleCache.noindex/CoreImage-AX8DWB2KCSKQDYJFSGIC6213G.pcm /Users/justinhou/Development/deepshelves/.build/S6UIDerivedData/ModuleCache.noindex/sys_types-7KGQUP4B156QJPWFWM83LFTOK.pcm /Users/justinhou/Development/deepshelves/.build/S6UIDerivedData/ModuleCache.noindex/ptrcheck-4KNEPMI1AIWZN7PNET0ZCAY3E.pcm /Users/justinhou/Development/deepshelves/.build/S6UIDerivedData/ModuleCache.noindex/Dispatch-B6JOXELDT1JPK9YQRI5AD2L4H.pcm /Users/justinhou/Development/deepshelves/.build/S6UIDerivedData/ModuleCache.noindex/os_workgroup-BD705NBEJ36WD4BWFJ3FK2860.pcm /Users/justinhou/Development/deepshelves/.build/S6UIDerivedData/ModuleCache.noindex/AudioToolbox-A62SXQ0WHVXAKE93LXVI1QYP8.pcm /Users/justinhou/Development/deepshelves/.build/S6UIDerivedData/ModuleCache.noindex/DiskArbitration-9BWG2GSF1JSQSW3DYYIFKERS8.pcm /Users/justinhou/Development/deepshelves/.build/S6UIDerivedData/ModuleCache.noindex/CoreFoundation-AE3EDF0G3IJMR0JV7RWCYTSST.pcm /Users/justinhou/Development/deepshelves/.build/S6UIDerivedData/ModuleCache.noindex/_DarwinFoundation2-A0DWH9UJ3FXC1ABTLP2R9KHRE.pcm /Users/justinhou/Development/deepshelves/.build/S6UIDerivedData/ModuleCache.noindex/OpenGL-EDBNDLT9W2ZLYSQACN691YQBZ.pcm /Users/justinhou/Development/deepshelves/.build/S6UIDerivedData/ModuleCache.noindex/CUPS-BVMJI3QOTX0E2MQ39MUIQ7HCP.pcm /Users/justinhou/Development/deepshelves/.build/S6UIDerivedData/ModuleCache.noindex/DataDetection-B1IQZOEA5LJJJMP7I2C1UERT9.pcm /Users/justinhou/Development/deepshelves/.build/S6UIDerivedData/ModuleCache.noindex/MediaToolbox-51N54D0ZY1D85HYG3G7F8XREU.pcm /Users/justinhou/Development/deepshelves/.build/S6UIDerivedData/ModuleCache.noindex/IOSurface-5WH9ZBEC7GYEW5GOZT3HOPFEC.pcm /Users/justinhou/Development/deepshelves/.build/S6UIDerivedData/ModuleCache.noindex/CoreText-E1N0MZ6R7UISD593A4MU622C6.pcm /Users/justinhou/Development/deepshelves/.build/S6UIDerivedData/ModuleCache.noindex/Carbon-ANOIRR7LNFJQTHR2XPWX7U4FQ.pcm /Users/justinhou/Development/deepshelves/.build/S6UIDerivedData/ModuleCache.noindex/Foundation-2VHSUWP8P9A4WKZYBVCOUFYLO.pcm /Users/justinhou/Development/deepshelves/.build/S6UIDerivedData/ModuleCache.noindex/Darwin-EQQLXKFXD73ES6G5RFBGYGZON.pcm /Users/justinhou/Development/deepshelves/.build/S6UIDerivedData/ModuleCache.noindex/os-4QGDD6M4TJSMCL0WPZYZJW3WY.pcm /Users/justinhou/Development/deepshelves/.build/S6UIDerivedData/Build/Intermediates.noindex/MemoryEnrichment.build/Release/MemoryEnrichment.build/Objects-normal/arm64/MemoryEnrichment-dependencies-1.json (in target 'MemoryEnrichment' from project 'MemoryEnrichment')

CompileSwift normal arm64 (in target 'MemoryEnrichment' from project 'MemoryEnrichment')
    cd /Users/justinhou/Development/deepshelves/LocalMemory.xcodeproj


SwiftDriverJobDiscovery normal arm64 Compiling LM008UIDefaults.swift, MemoryDesignSystem.swift, S6SpikeCore.swift (in target 'MemoryDesignSystem' from project 'MemoryDesignSystem')

SwiftDriver\ Compilation\ Requirements MemoryDesignSystem normal arm64 com.apple.xcode.tools.swift.compiler (in target 'MemoryDesignSystem' from project 'MemoryDesignSystem')
    cd /Users/justinhou/Development/deepshelves/LocalMemory.xcodeproj
    builtin-Swift-Compilation-Requirements -- /Applications/Xcode.app/Contents/Developer/Toolchains/XcodeDefault.xctoolchain/usr/bin/swiftc -module-name MemoryDesignSystem -O -whole-module-optimization @/Users/justinhou/Development/deepshelves/.build/S6UIDerivedData/Build/Intermediates.noindex/MemoryDesignSystem.build/Release/MemoryDesignSystem.build/Objects-normal/arm64/MemoryDesignSystem.SwiftFileList -DSWIFT_PACKAGE -DSWIFT_MODULE_RESOURCE_BUNDLE_UNAVAILABLE -DXcode -plugin-path /Applications/Xcode.app/Contents/Developer/Toolchains/XcodeDefault.xctoolchain/usr/lib/swift/host/plugins/testing -enable-experimental-feature DebugDescriptionMacro -sdk /Applications/Xcode.app/Contents/Developer/Platforms/MacOSX.platform/Developer/SDKs/MacOSX26.5.sdk -target arm64-apple-macos15.0 -g -module-cache-path /Users/justinhou/Development/deepshelves/.build/S6UIDerivedData/ModuleCache.noindex -Xfrontend -serialize-debugging-options -swift-version 6 -I /Users/justinhou/Development/deepshelves/.build/S6UIDerivedData/Build/Products/Release -Isystem /Applications/Xcode.app/Contents/Developer/Platforms/MacOSX.platform/Developer/usr/lib -F /Users/justinhou/Development/deepshelves/.build/S6UIDerivedData/Build/Products/Release -F /Applications/Xcode.app/Contents/Developer/Platforms/MacOSX.platform/Developer/Library/Frameworks -c -num-threads 12 -Xcc -ivfsstatcache -Xcc /Users/justinhou/Development/deepshelves/.build/S6UIDerivedData/SDKStatCaches.noindex/macosx26.5-25F70-e082c4a02f00227109f4ed75e425c832.sdkstatcache -output-file-map /Users/justinhou/Development/deepshelves/.build/S6UIDerivedData/Build/Intermediates.noindex/MemoryDesignSystem.build/Release/MemoryDesignSystem.build/Objects-normal/arm64/MemoryDesignSystem-OutputFileMap.json -use-frontend-parseable-output -save-temps -no-color-diagnostics -explicit-module-build -module-cache-path /Users/justinhou/Development/deepshelves/.build/S6UIDerivedData/Build/Intermediates.noindex/SwiftExplicitPrecompiledModules -clang-scanner-module-cache-path /Users/justinhou/Development/deepshelves/.build/S6UIDerivedData/ModuleCache.noindex -sdk-module-cache-path /Users/justinhou/Development/deepshelves/.build/S6UIDerivedData/ModuleCache.noindex -serialize-diagnostics -emit-dependencies -emit-module -emit-module-path /Users/justinhou/Development/deepshelves/.build/S6UIDerivedData/Build/Intermediates.noindex/MemoryDesignSystem.build/Release/MemoryDesignSystem.build/Objects-normal/arm64/MemoryDesignSystem.swiftmodule -validate-clang-modules-once -clang-build-session-file /Users/justinhou/Development/deepshelves/.build/S6UIDerivedData/ModuleCache.noindex/Session.modulevalidation -package-name memorydesignsystem -Xcc -I/Users/justinhou/Development/deepshelves/.build/S6UIDerivedData/Build/Intermediates.noindex/MemoryDesignSystem.build/Release/MemoryDesignSystem.build/swift-overrides.hmap -emit-const-values -Xfrontend -const-gather-protocols-file -Xfrontend /Users/justinhou/Development/deepshelves/.build/S6UIDerivedData/Build/Intermediates.noindex/MemoryDesignSystem.build/Release/MemoryDesignSystem.build/Objects-normal/arm64/MemoryDesignSystem_const_extract_protocols.json -Xcc -I/Users/justinhou/Development/deepshelves/.build/S6UIDerivedData/Build/Products/Release/include -Xcc -I/Users/justinhou/Development/deepshelves/.build/S6UIDerivedData/Build/Intermediates.noindex/MemoryDesignSystem.build/Release/MemoryDesignSystem.build/DerivedSources-normal/arm64 -Xcc -I/Users/justinhou/Development/deepshelves/.build/S6UIDerivedData/Build/Intermediates.noindex/MemoryDesignSystem.build/Release/MemoryDesignSystem.build/DerivedSources/arm64 -Xcc -I/Users/justinhou/Development/deepshelves/.build/S6UIDerivedData/Build/Intermediates.noindex/MemoryDesignSystem.build/Release/MemoryDesignSystem.build/DerivedSources -Xcc -DSWIFT_PACKAGE -emit-objc-header -emit-objc-header-path /Users/justinhou/Development/deepshelves/.build/S6UIDerivedData/Build/Intermediates.noindex/MemoryDesignSystem.build/Release/MemoryDesignSystem.build/Objects-normal/arm64/MemoryDesignSystem-Swift.h -working-directory /Users/justinhou/Development/deepshelves/LocalMemory.xcodeproj -no-emit-module-separately-wmo

SwiftMergeGeneratedHeaders /Users/justinhou/Development/deepshelves/.build/S6UIDerivedData/Build/Intermediates.noindex/GeneratedModuleMaps/MemoryDesignSystem-Swift.h /Users/justinhou/Development/deepshelves/.build/S6UIDerivedData/Build/Intermediates.noindex/MemoryDesignSystem.build/Release/MemoryDesignSystem.build/Objects-normal/arm64/MemoryDesignSystem-Swift.h (in target 'MemoryDesignSystem' from project 'MemoryDesignSystem')
    cd /Users/justinhou/Development/deepshelves/Packages/MemoryDesignSystem
    builtin-swiftHeaderTool -arch arm64 /Users/justinhou/Development/deepshelves/.build/S6UIDerivedData/Build/Intermediates.noindex/MemoryDesignSystem.build/Release/MemoryDesignSystem.build/Objects-normal/arm64/MemoryDesignSystem-Swift.h -o /Users/justinhou/Development/deepshelves/.build/S6UIDerivedData/Build/Intermediates.noindex/GeneratedModuleMaps/MemoryDesignSystem-Swift.h

Copy /Users/justinhou/Development/deepshelves/.build/S6UIDerivedData/Build/Products/Release/MemoryDesignSystem.swiftmodule/arm64-apple-macos.swiftmodule /Users/justinhou/Development/deepshelves/.build/S6UIDerivedData/Build/Intermediates.noindex/MemoryDesignSystem.build/Release/MemoryDesignSystem.build/Objects-normal/arm64/MemoryDesignSystem.swiftmodule (in target 'MemoryDesignSystem' from project 'MemoryDesignSystem')
    cd /Users/justinhou/Development/deepshelves/Packages/MemoryDesignSystem
    builtin-copy -exclude .DS_Store -exclude CVS -exclude .svn -exclude .git -exclude .hg -strip-unsigned-binaries -strip-deterministic -strip-tool /Applications/Xcode.app/Contents/Developer/Toolchains/XcodeDefault.xctoolchain/usr/bin/strip -resolve-src-symlinks -rename /Users/justinhou/Development/deepshelves/.build/S6UIDerivedData/Build/Intermediates.noindex/MemoryDesignSystem.build/Release/MemoryDesignSystem.build/Objects-normal/arm64/MemoryDesignSystem.swiftmodule /Users/justinhou/Development/deepshelves/.build/S6UIDerivedData/Build/Products/Release/MemoryDesignSystem.swiftmodule/arm64-apple-macos.swiftmodule

Copy /Users/justinhou/Development/deepshelves/.build/S6UIDerivedData/Build/Products/Release/MemoryDesignSystem.swiftmodule/arm64-apple-macos.swiftdoc /Users/justinhou/Development/deepshelves/.build/S6UIDerivedData/Build/Intermediates.noindex/MemoryDesignSystem.build/Release/MemoryDesignSystem.build/Objects-normal/arm64/MemoryDesignSystem.swiftdoc (in target 'MemoryDesignSystem' from project 'MemoryDesignSystem')
    cd /Users/justinhou/Development/deepshelves/Packages/MemoryDesignSystem
    builtin-copy -exclude .DS_Store -exclude CVS -exclude .svn -exclude .git -exclude .hg -strip-unsigned-binaries -strip-deterministic -strip-tool /Applications/Xcode.app/Contents/Developer/Toolchains/XcodeDefault.xctoolchain/usr/bin/strip -resolve-src-symlinks -rename /Users/justinhou/Development/deepshelves/.build/S6UIDerivedData/Build/Intermediates.noindex/MemoryDesignSystem.build/Release/MemoryDesignSystem.build/Objects-normal/arm64/MemoryDesignSystem.swiftdoc /Users/justinhou/Development/deepshelves/.build/S6UIDerivedData/Build/Products/Release/MemoryDesignSystem.swiftmodule/arm64-apple-macos.swiftdoc

Copy /Users/justinhou/Development/deepshelves/.build/S6UIDerivedData/Build/Products/Release/MemoryDesignSystem.swiftmodule/arm64-apple-macos.abi.json /Users/justinhou/Development/deepshelves/.build/S6UIDerivedData/Build/Intermediates.noindex/MemoryDesignSystem.build/Release/MemoryDesignSystem.build/Objects-normal/arm64/MemoryDesignSystem.abi.json (in target 'MemoryDesignSystem' from project 'MemoryDesignSystem')
    cd /Users/justinhou/Development/deepshelves/Packages/MemoryDesignSystem
    builtin-copy -exclude .DS_Store -exclude CVS -exclude .svn -exclude .git -exclude .hg -strip-unsigned-binaries -strip-deterministic -strip-tool /Applications/Xcode.app/Contents/Developer/Toolchains/XcodeDefault.xctoolchain/usr/bin/strip -resolve-src-symlinks -rename /Users/justinhou/Development/deepshelves/.build/S6UIDerivedData/Build/Intermediates.noindex/MemoryDesignSystem.build/Release/MemoryDesignSystem.build/Objects-normal/arm64/MemoryDesignSystem.abi.json /Users/justinhou/Development/deepshelves/.build/S6UIDerivedData/Build/Products/Release/MemoryDesignSystem.swiftmodule/arm64-apple-macos.abi.json

Copy /Users/justinhou/Development/deepshelves/.build/S6UIDerivedData/Build/Products/Release/MemoryDesignSystem.swiftmodule/Project/arm64-apple-macos.swiftsourceinfo /Users/justinhou/Development/deepshelves/.build/S6UIDerivedData/Build/Intermediates.noindex/MemoryDesignSystem.build/Release/MemoryDesignSystem.build/Objects-normal/arm64/MemoryDesignSystem.swiftsourceinfo (in target 'MemoryDesignSystem' from project 'MemoryDesignSystem')
    cd /Users/justinhou/Development/deepshelves/Packages/MemoryDesignSystem
    builtin-copy -exclude .DS_Store -exclude CVS -exclude .svn -exclude .git -exclude .hg -strip-unsigned-binaries -strip-deterministic -strip-tool /Applications/Xcode.app/Contents/Developer/Toolchains/XcodeDefault.xctoolchain/usr/bin/strip -resolve-src-symlinks -rename /Users/justinhou/Development/deepshelves/.build/S6UIDerivedData/Build/Intermediates.noindex/MemoryDesignSystem.build/Release/MemoryDesignSystem.build/Objects-normal/arm64/MemoryDesignSystem.swiftsourceinfo /Users/justinhou/Development/deepshelves/.build/S6UIDerivedData/Build/Products/Release/MemoryDesignSystem.swiftmodule/Project/arm64-apple-macos.swiftsourceinfo

Ld /Users/justinhou/Development/deepshelves/.build/S6UIDerivedData/Build/Products/Release/MemoryDesignSystem.o normal (in target 'MemoryDesignSystem' from project 'MemoryDesignSystem')
    cd /Users/justinhou/Development/deepshelves/Packages/MemoryDesignSystem
    /Applications/Xcode.app/Contents/Developer/Toolchains/XcodeDefault.xctoolchain/usr/bin/clang -Xlinker -reproducible -target arm64-apple-macos15.0 -r -isysroot /Applications/Xcode.app/Contents/Developer/Platforms/MacOSX.platform/Developer/SDKs/MacOSX26.5.sdk -Os -F/Users/justinhou/Development/deepshelves/.build/S6UIDerivedData/Build/Intermediates.noindex/EagerLinkingTBDs/Release -F/Users/justinhou/Development/deepshelves/.build/S6UIDerivedData/Build/Products/Release -iframework /Applications/Xcode.app/Contents/Developer/Platforms/MacOSX.platform/Developer/Library/Frameworks -filelist /Users/justinhou/Development/deepshelves/.build/S6UIDerivedData/Build/Intermediates.noindex/MemoryDesignSystem.build/Release/MemoryDesignSystem.build/Objects-normal/arm64/MemoryDesignSystem.LinkFileList -nostdlib -Xlinker -object_path_lto -Xlinker /Users/justinhou/Development/deepshelves/.build/S6UIDerivedData/Build/Intermediates.noindex/MemoryDesignSystem.build/Release/MemoryDesignSystem.build/Objects-normal/arm64/MemoryDesignSystem_lto.o -Xlinker -dependency_info -Xlinker /Users/justinhou/Development/deepshelves/.build/S6UIDerivedData/Build/Intermediates.noindex/MemoryDesignSystem.build/Release/MemoryDesignSystem.build/Objects-normal/arm64/MemoryDesignSystem_dependency_info.dat -fobjc-link-runtime -L/Applications/Xcode.app/Contents/Developer/Toolchains/XcodeDefault.xctoolchain/usr/lib/swift/macosx -L/usr/lib/swift -Xlinker -add_ast_path -Xlinker /Users/justinhou/Development/deepshelves/.build/S6UIDerivedData/Build/Intermediates.noindex/MemoryDesignSystem.build/Release/MemoryDesignSystem.build/Objects-normal/arm64/MemoryDesignSystem.swiftmodule @/Users/justinhou/Development/deepshelves/.build/S6UIDerivedData/Build/Intermediates.noindex/MemoryDesignSystem.build/Release/MemoryDesignSystem.build/Objects-normal/arm64/MemoryDesignSystem-linker-args.resp -o /Users/justinhou/Development/deepshelves/.build/S6UIDerivedData/Build/Products/Release/MemoryDesignSystem.o

ExtractAppIntentsMetadata (in target 'MemoryDesignSystem' from project 'MemoryDesignSystem')
    cd /Users/justinhou/Development/deepshelves/Packages/MemoryDesignSystem
    /Applications/Xcode.app/Contents/Developer/Toolchains/XcodeDefault.xctoolchain/usr/bin/appintentsmetadataprocessor --toolchain-dir /Applications/Xcode.app/Contents/Developer/Toolchains/XcodeDefault.xctoolchain --module-name MemoryDesignSystem --sdk-root /Applications/Xcode.app/Contents/Developer/Platforms/MacOSX.platform/Developer/SDKs/MacOSX26.5.sdk --xcode-version 17F42 --platform-family macOS --deployment-target 15.0 --bundle-identifier memorydesignsystem.MemoryDesignSystem --output /Users/justinhou/Development/deepshelves/.build/S6UIDerivedData/Build/Products/Release/MemoryDesignSystem.appintents --target-triple arm64-apple-macos15.0 --binary-file /Users/justinhou/Development/deepshelves/.build/S6UIDerivedData/Build/Products/Release/MemoryDesignSystem.o --dependency-file /Users/justinhou/Development/deepshelves/.build/S6UIDerivedData/Build/Intermediates.noindex/MemoryDesignSystem.build/Release/MemoryDesignSystem.build/Objects-normal/arm64/MemoryDesignSystem_dependency_info.dat --stringsdata-file /Users/justinhou/Development/deepshelves/.build/S6UIDerivedData/Build/Intermediates.noindex/MemoryDesignSystem.build/Release/MemoryDesignSystem.build/Objects-normal/arm64/ExtractedAppShortcutsMetadata.stringsdata --source-file-list /Users/justinhou/Development/deepshelves/.build/S6UIDerivedData/Build/Intermediates.noindex/MemoryDesignSystem.build/Release/MemoryDesignSystem.build/Objects-normal/arm64/MemoryDesignSystem.SwiftFileList --metadata-file-list /Users/justinhou/Development/deepshelves/.build/S6UIDerivedData/Build/Intermediates.noindex/MemoryDesignSystem.build/Release/MemoryDesignSystem.build/MemoryDesignSystem.DependencyMetadataFileList --static-metadata-file-list /Users/justinhou/Development/deepshelves/.build/S6UIDerivedData/Build/Intermediates.noindex/MemoryDesignSystem.build/Release/MemoryDesignSystem.build/MemoryDesignSystem.DependencyStaticMetadataFileList --swift-const-vals-list /Users/justinhou/Development/deepshelves/.build/S6UIDerivedData/Build/Intermediates.noindex/MemoryDesignSystem.build/Release/MemoryDesignSystem.build/Objects-normal/arm64/MemoryDesignSystem.SwiftConstValuesFileList --force --compile-time-extraction --deployment-aware-processing --validate-assistant-intents --no-app-shortcuts-localization
2026-08-28 00:26:36.458 appintentsmetadataprocessor[37838:22995062] Starting appintentsmetadataprocessor export
2026-08-28 00:26:36.489 appintentsmetadataprocessor[37838:22995062] Extracted no relevant App Intents symbols, skipping writing output

RegisterExecutionPolicyException /Users/justinhou/Development/deepshelves/.build/S6UIDerivedData/Build/Products/Release/MemoryDesignSystem.o (in target 'MemoryDesignSystem' from project 'MemoryDesignSystem')
    cd /Users/justinhou/Development/deepshelves/Packages/MemoryDesignSystem
    builtin-RegisterExecutionPolicyException /Users/justinhou/Development/deepshelves/.build/S6UIDerivedData/Build/Products/Release/MemoryDesignSystem.o

SwiftExplicitDependencyGeneratePcm arm64 /Users/justinhou/Development/deepshelves/.build/S6UIDerivedData/ModuleCache.noindex/ScreenCaptureKit-7JA35A1R26FQMCGJM18CP1IC6.pcm

SwiftCompile normal arm64 Compiling\ CaptureCapabilities.swift,\ CaptureDecodeBenchmark.swift,\ CaptureSpikeRunner.swift,\ HEVCMediaWriter.swift,\ MemoryCapture.swift /Users/justinhou/Development/deepshelves/Packages/MemoryCapture/Sources/MemoryCapture/CaptureCapabilities.swift /Users/justinhou/Development/deepshelves/Packages/MemoryCapture/Sources/MemoryCapture/CaptureDecodeBenchmark.swift /Users/justinhou/Development/deepshelves/Packages/MemoryCapture/Sources/MemoryCapture/CaptureSpikeRunner.swift /Users/justinhou/Development/deepshelves/Packages/MemoryCapture/Sources/MemoryCapture/HEVCMediaWriter.swift /Users/justinhou/Development/deepshelves/Packages/MemoryCapture/Sources/MemoryCapture/MemoryCapture.swift /Applications/Xcode.app/Contents/Developer/Toolchains/XcodeDefault.xctoolchain/usr/lib/swift/macosx/prebuilt-modules/26.5/CoreMIDI.swiftmodule/arm64e-apple-macos.swiftmodule /Applications/Xcode.app/Contents/Developer/Toolchains/XcodeDefault.xctoolchain/usr/lib/swift/macosx/prebuilt-modules/26.5/_StringProcessing.swiftmodule/arm64e-apple-macos.swiftmodule /Applications/Xcode.app/Contents/Developer/Toolchains/XcodeDefault.xctoolchain/usr/lib/swift/macosx/prebuilt-modules/26.5/CoreGraphics.swiftmodule/arm64e-apple-macos.swiftmodule /Applications/Xcode.app/Contents/Developer/Toolchains/XcodeDefault.xctoolchain/usr/lib/swift/macosx/prebuilt-modules/26.5/CoreImage.swiftmodule/arm64e-apple-macos.swiftmodule /Applications/Xcode.app/Contents/Developer/Toolchains/XcodeDefault.xctoolchain/usr/lib/swift/macosx/prebuilt-modules/26.5/os.swiftmodule/arm64e-apple-macos.swiftmodule /Applications/Xcode.app/Contents/Developer/Toolchains/XcodeDefault.xctoolchain/usr/lib/swift/macosx/prebuilt-modules/26.5/VideoToolbox.swiftmodule/arm64e-apple-macos.swiftmodule /Applications/Xcode.app/Contents/Developer/Toolchains/XcodeDefault.xctoolchain/usr/lib/swift/macosx/prebuilt-modules/26.5/ScreenCaptureKit.swiftmodule/arm64e-apple-macos.swiftmodule /Applications/Xcode.app/Contents/Developer/Toolchains/XcodeDefault.xctoolchain/usr/lib/swift/macosx/prebuilt-modules/26.5/UniformTypeIdentifiers.swiftmodule/arm64e-apple-macos.swiftmodule /Applications/Xcode.app/Contents/Developer/Toolchains/XcodeDefault.xctoolchain/usr/lib/swift/macosx/prebuilt-modules/26.5/IOKit.swiftmodule/arm64e-apple-macos.swiftmodule /Applications/Xcode.app/Contents/Developer/Toolchains/XcodeDefault.xctoolchain/usr/lib/swift/macosx/prebuilt-modules/26.5/_DarwinFoundation3.swiftmodule/arm64e-apple-macos.swiftmodule /Applications/Xcode.app/Contents/Developer/Toolchains/XcodeDefault.xctoolchain/usr/lib/swift/macosx/prebuilt-modules/26.5/SwiftUICore.swiftmodule/arm64e-apple-macos.swiftmodule /Applications/Xcode.app/Contents/Developer/Toolchains/XcodeDefault.xctoolchain/usr/lib/swift/macosx/prebuilt-modules/26.5/Darwin.swiftmodule/arm64e-apple-macos.swiftmodule /Applications/Xcode.app/Contents/Developer/Toolchains/XcodeDefault.xctoolchain/usr/lib/swift/macosx/prebuilt-modules/26.5/Accessibility.swiftmodule/arm64e-apple-macos.swiftmodule /Applications/Xcode.app/Contents/Developer/Toolchains/XcodeDefault.xctoolchain/usr/lib/swift/macosx/prebuilt-modules/26.5/CoreText.swiftmodule/arm64e-apple-macos.swiftmodule /Applications/Xcode.app/Contents/Developer/Toolchains/XcodeDefault.xctoolchain/usr/lib/swift/macosx/prebuilt-modules/26.5/QuartzCore.swiftmodule/arm64e-apple-macos.swiftmodule /Applications/Xcode.app/Contents/Developer/Toolchains/XcodeDefault.xctoolchain/usr/lib/swift/macosx/prebuilt-modules/26.5/Synchronization.swiftmodule/arm64e-apple-macos.swiftmodule /Applications/Xcode.app/Contents/Developer/Toolchains/XcodeDefault.xctoolchain/usr/lib/swift/macosx/prebuilt-modules/26.5/AVFoundation.swiftmodule/arm64e-apple-macos.swiftmodule /Applications/Xcode.app/Contents/Developer/Toolchains/XcodeDefault.xctoolchain/usr/lib/swift/macosx/prebuilt-modules/26.5/DeveloperToolsSupport.swiftmodule/arm64e-apple-macos.swiftmodule /Applications/Xcode.app/Contents/Developer/Toolchains/XcodeDefault.xctoolchain/usr/lib/swift/macosx/prebuilt-modules/26.5/_Concurrency.swiftmodule/arm64e-apple-macos.swiftmodule /Applications/Xcode.app/Contents/Developer/Toolchains/XcodeDefault.xctoolchain/usr/lib/swift/macosx/prebuilt-modules/26.5/Spatial.swiftmodule/arm64e-apple-macos.swiftmodule /Applications/Xcode.app/Contents/Developer/Toolchains/XcodeDefault.xctoolchain/usr/lib/swift/macosx/prebuilt-modules/26.5/Foundation.swiftmodule/arm64e-apple-macos.swiftmodule /Applications/Xcode.app/Contents/Developer/Toolchains/XcodeDefault.xctoolchain/usr/lib/swift/macosx/prebuilt-modules/26.5/_DarwinFoundation1.swiftmodule/arm64e-apple-macos.swiftmodule /Applications/Xcode.app/Contents/Developer/Toolchains/XcodeDefault.xctoolchain/usr/lib/swift/macosx/prebuilt-modules/26.5/simd.swiftmodule/arm64e-apple-macos.swiftmodule /Applications/Xcode.app/Contents/Developer/Toolchains/XcodeDefault.xctoolchain/usr/lib/swift/macosx/prebuilt-modules/26.5/Combine.swiftmodule/arm64e-apple-macos.swiftmodule /Applications/Xcode.app/Contents/Developer/Toolchains/XcodeDefault.xctoolchain/usr/lib/swift/macosx/prebuilt-modules/26.5/OSLog.swiftmodule/arm64e-apple-macos.swiftmodule /Applications/Xcode.app/Contents/Developer/Toolchains/XcodeDefault.xctoolchain/usr/lib/swift/macosx/prebuilt-modules/26.5/Dispatch.swiftmodule/arm64e-apple-macos.swiftmodule /Applications/Xcode.app/Contents/Developer/Toolchains/XcodeDefault.xctoolchain/usr/lib/swift/macosx/prebuilt-modules/26.5/AudioToolbox.swiftmodule/arm64e-apple-macos.swiftmodule /Applications/Xcode.app/Contents/Developer/Toolchains/XcodeDefault.xctoolchain/usr/lib/swift/macosx/prebuilt-modules/26.5/CoreVideo.swiftmodule/arm64e-apple-macos.swiftmodule /Applications/Xcode.app/Contents/Developer/Toolchains/XcodeDefault.xctoolchain/usr/lib/swift/macosx/prebuilt-modules/26.5/CoreMedia.swiftmodule/arm64e-apple-macos.swiftmodule /Applications/Xcode.app/Contents/Developer/Toolchains/XcodeDefault.xctoolchain/usr/lib/swift/macosx/prebuilt-modules/26.5/_DarwinFoundation2.swiftmodule/arm64e-apple-macos.swiftmodule /Applications/Xcode.app/Contents/Developer/Toolchains/XcodeDefault.xctoolchain/usr/lib/swift/macosx/prebuilt-modules/26.5/Swift.swiftmodule/arm64e-apple-macos.swiftmodule /Applications/Xcode.app/Contents/Developer/Toolchains/XcodeDefault.xctoolchain/usr/lib/swift/macosx/prebuilt-modules/26.5/CoreAudio.swiftmodule/arm64e-apple-macos.swiftmodule /Applications/Xcode.app/Contents/Developer/Toolchains/XcodeDefault.xctoolchain/usr/lib/swift/macosx/prebuilt-modules/26.5/Observation.swiftmodule/arm64e-apple-macos.swiftmodule /Applications/Xcode.app/Contents/Developer/Toolchains/XcodeDefault.xctoolchain/usr/lib/swift/macosx/prebuilt-modules/26.5/CoreData.swiftmodule/arm64e-apple-macos.swiftmodule /Applications/Xcode.app/Contents/Developer/Toolchains/XcodeDefault.xctoolchain/usr/lib/swift/macosx/prebuilt-modules/26.5/AVFAudio.swiftmodule/arm64e-apple-macos.swiftmodule /Applications/Xcode.app/Contents/Developer/Toolchains/XcodeDefault.xctoolchain/usr/lib/swift/macosx/prebuilt-modules/26.5/_Builtin_float.swiftmodule/arm64e-apple-macos.swiftmodule /Applications/Xcode.app/Contents/Developer/Toolchains/XcodeDefault.xctoolchain/usr/lib/swift/macosx/prebuilt-modules/26.5/DataDetection.swiftmodule/arm64e-apple-macos.swiftmodule /Applications/Xcode.app/Contents/Developer/Toolchains/XcodeDefault.xctoolchain/usr/lib/swift/macosx/prebuilt-modules/26.5/XPC.swiftmodule/arm64e-apple-macos.swiftmodule /Applications/Xcode.app/Contents/Developer/Toolchains/XcodeDefault.xctoolchain/usr/lib/swift/macosx/prebuilt-modules/26.5/System.swiftmodule/arm64e-apple-macos.swiftmodule /Applications/Xcode.app/Contents/Developer/Toolchains/XcodeDefault.xctoolchain/usr/lib/swift/macosx/prebuilt-modules/26.5/Metal.swiftmodule/arm64e-apple-macos.swiftmodule /Applications/Xcode.app/Contents/Developer/Toolchains/XcodeDefault.xctoolchain/usr/lib/swift/macosx/prebuilt-modules/26.5/CoreFoundation.swiftmodule/arm64e-apple-macos.swiftmodule /Applications/Xcode.app/Contents/Developer/Toolchains/XcodeDefault.xctoolchain/usr/lib/swift/macosx/prebuilt-modules/26.5/Symbols.swiftmodule/arm64e-apple-macos.swiftmodule /Applications/Xcode.app/Contents/Developer/Toolchains/XcodeDefault.xctoolchain/usr/lib/swift/macosx/prebuilt-modules/26.5/CoreTransferable.swiftmodule/arm64e-apple-macos.swiftmodule /Applications/Xcode.app/Contents/Developer/Toolchains/XcodeDefault.xctoolchain/usr/lib/swift/macosx/prebuilt-modules/26.5/ObjectiveC.swiftmodule/arm64e-apple-macos.swiftmodule /Applications/Xcode.app/Contents/Developer/Toolchains/XcodeDefault.xctoolchain/usr/lib/swift/macosx/prebuilt-modules/26.5/AppKit.swiftmodule/arm64e-apple-macos.swiftmodule /Users/justinhou/Development/deepshelves/.build/S6UIDerivedData/ModuleCache.noindex/QuartzCore-9G9YIDELI2J8ABT2ESS095OKQ.pcm /Users/justinhou/Development/deepshelves/.build/S6UIDerivedData/ModuleCache.noindex/MediaToolbox-51N54D0ZY1D85HYG3G7F8XREU.pcm /Users/justinhou/Development/deepshelves/.build/S6UIDerivedData/ModuleCache.noindex/DeveloperToolsSupport-4DG6GJ1SIG89YFR4J6GSA7L3P.pcm /Users/justinhou/Development/deepshelves/.build/S6UIDerivedData/ModuleCache.noindex/Spatial-324OR71PS2IWLVE6FYX2XYELK.pcm /Users/justinhou/Development/deepshelves/.build/S6UIDerivedData/ModuleCache.noindex/Dispatch-B6JOXELDT1JPK9YQRI5AD2L4H.pcm /Users/justinhou/Development/deepshelves/.build/S6UIDerivedData/ModuleCache.noindex/libDER-1JXZ1NDNQEE1ADW9DY3LMDN9B.pcm /Users/justinhou/Development/deepshelves/.build/S6UIDerivedData/ModuleCache.noindex/simd-4BKL0A7SZA3IXK9HNCHX8D6H0.pcm /Users/justinhou/Development/deepshelves/.build/S6UIDerivedData/ModuleCache.noindex/_DarwinFoundation3-8F2OQ5KKDKBGGKU1VI04MIVTH.pcm /Users/justinhou/Development/deepshelves/.build/S6UIDerivedData/ModuleCache.noindex/DiskArbitration-9BWG2GSF1JSQSW3DYYIFKERS8.pcm /Users/justinhou/Development/deepshelves/.build/S6UIDerivedData/ModuleCache.noindex/ptrauth-9S6KEEQ5U81N2UX1SD0INVJL2.pcm /Users/justinhou/Development/deepshelves/.build/S6UIDerivedData/ModuleCache.noindex/AppKit-3FOYKKQFO7CU5FQMRUPQ2DWTT.pcm /Users/justinhou/Development/deepshelves/.build/S6UIDerivedData/ModuleCache.noindex/IOSurface-5WH9ZBEC7GYEW5GOZT3HOPFEC.pcm /Users/justinhou/Development/deepshelves/.build/S6UIDerivedData/ModuleCache.noindex/_AvailabilityInternal-SLS2H2FWK2Q18I8764YEN9Y4.pcm /Users/justinhou/Development/deepshelves/.build/S6UIDerivedData/ModuleCache.noindex/ScreenCaptureKit-7JA35A1R26FQMCGJM18CP1IC6.pcm /Users/justinhou/Development/deepshelves/.build/S6UIDerivedData/ModuleCache.noindex/VideoToolbox-2KQWFEENN6A5Q9OM4LEDBDRXZ.pcm /Users/justinhou/Development/deepshelves/.build/S6UIDerivedData/ModuleCache.noindex/CoreTransferable-3MG1KPD7H8WEHNP5XJGUDEXVV.pcm /Users/justinhou/Development/deepshelves/.build/S6UIDerivedData/ModuleCache.noindex/os_workgroup-BD705NBEJ36WD4BWFJ3FK2860.pcm /Users/justinhou/Development/deepshelves/.build/S6UIDerivedData/ModuleCache.noindex/Security-9UEC4BNZMBATX8U89M55KSFDL.pcm /Users/justinhou/Development/deepshelves/.build/S6UIDerivedData/ModuleCache.noindex/sys_types-7KGQUP4B156QJPWFWM83LFTOK.pcm /Users/justinhou/Development/deepshelves/.build/S6UIDerivedData/ModuleCache.noindex/_SwiftConcurrencyShims-CH1KBS6290COIJMCS4989SGFS.pcm /Users/justinhou/Development/deepshelves/.build/S6UIDerivedData/ModuleCache.noindex/XPC-BE77FD41IQ177V8DWQED9OENQ.pcm /Users/justinhou/Development/deepshelves/.build/S6UIDerivedData/ModuleCache.noindex/ColorSync-DVPQGM0NIXPTW4VDXNOBBGAJV.pcm /Users/justinhou/Development/deepshelves/.build/S6UIDerivedData/ModuleCache.noindex/AudioToolbox-A62SXQ0WHVXAKE93LXVI1QYP8.pcm /Users/justinhou/Development/deepshelves/.build/S6UIDerivedData/ModuleCache.noindex/CFNetwork-88XF24CUKM8246HVABG97LPBX.pcm /Users/justinhou/Development/deepshelves/.build/S6UIDerivedData/ModuleCache.noindex/_Builtin_stdint-3CSVBGL2D0ZM7JC3HNJDMZTER.pcm /Users/justinhou/Development/deepshelves/.build/S6UIDerivedData/ModuleCache.noindex/UniformTypeIdentifiers-611OOQ23U48ESLWX762899H2H.pcm /Users/justinhou/Development/deepshelves/.build/S6UIDerivedData/ModuleCache.noindex/_Builtin_limits-BLBK0JRXN7VTIFMJ363I17H1D.pcm /Users/justinhou/Development/deepshelves/.build/S6UIDerivedData/ModuleCache.noindex/CoreVideo-BQUQAFGJA7G6PCBL8DXGJ1SIQ.pcm /Users/justinhou/Development/deepshelves/.build/S6UIDerivedData/ModuleCache.noindex/launch-DKVPBP6NJS3395QUQPM9E40X5.pcm /Users/justinhou/Development/deepshelves/.build/S6UIDerivedData/ModuleCache.noindex/CoreData-2Z070A17NI7Q1RUNFGG0E73V8.pcm /Users/justinhou/Development/deepshelves/.build/S6UIDerivedData/ModuleCache.noindex/SwiftUICore-D8ESW6S2FLJ3T7TEP40LY6WX4.pcm /Users/justinhou/Development/deepshelves/.build/S6UIDerivedData/ModuleCache.noindex/_Builtin_intrinsics-5SCOAPKI4DUQ0SCBQUUAVVWEG.pcm /Users/justinhou/Development/deepshelves/.build/S6UIDerivedData/ModuleCache.noindex/_Builtin_stdbool-EVJQ2MNUYHHKBKJ073TSMY0FX.pcm /Users/justinhou/Development/deepshelves/.build/S6UIDerivedData/ModuleCache.noindex/Foundation-2VHSUWP8P9A4WKZYBVCOUFYLO.pcm /Users/justinhou/Development/deepshelves/.build/S6UIDerivedData/ModuleCache.noindex/CoreMIDI-30EGA2K1G441REMDWHFJUG0VI.pcm /Users/justinhou/Development/deepshelves/.build/S6UIDerivedData/ModuleCache.noindex/IOKit-5Q02SDGFZ0X9ELPWSCSZO8P8M.pcm /Users/justinhou/Development/deepshelves/.build/S6UIDerivedData/ModuleCache.noindex/Darwin-EQQLXKFXD73ES6G5RFBGYGZON.pcm /Users/justinhou/Development/deepshelves/.build/S6UIDerivedData/ModuleCache.noindex/MachO-D0MJZQ3KJ3198R4G09X6DFUSY.pcm /Users/justinhou/Development/deepshelves/.build/S6UIDerivedData/ModuleCache.noindex/CoreImage-AX8DWB2KCSKQDYJFSGIC6213G.pcm /Users/justinhou/Development/deepshelves/.build/S6UIDerivedData/ModuleCache.noindex/_DarwinFoundation2-A0DWH9UJ3FXC1ABTLP2R9KHRE.pcm /Users/justinhou/Development/deepshelves/.build/S6UIDerivedData/ModuleCache.noindex/CoreText-E1N0MZ6R7UISD593A4MU622C6.pcm /Users/justinhou/Development/deepshelves/.build/S6UIDerivedData/ModuleCache.noindex/CoreMedia-CR2A4IZ94MNBDLU31JUKNOJ3X.pcm /Users/justinhou/Development/deepshelves/.build/S6UIDerivedData/ModuleCache.noindex/_Builtin_stdarg-D1Z9JQGZ94QRNGPKVE9HC1PTM.pcm /Users/justinhou/Development/deepshelves/.build/S6UIDerivedData/ModuleCache.noindex/_Builtin_tgmath-2PJ0W3X8D7CYL2XK1A0DLBELU.pcm /Users/justinhou/Development/deepshelves/.build/S6UIDerivedData/ModuleCache.noindex/SwiftShims-4J4KS9JCAE12Q8BGJOF9DUGAY.pcm /Users/justinhou/Development/deepshelves/.build/S6UIDerivedData/ModuleCache.noindex/os_object-YW92G87SLUH220HIK1RI9Z0O.pcm /Users/justinhou/Development/deepshelves/.build/S6UIDerivedData/ModuleCache.noindex/CoreServices-94HDAF99SWLDQYSA6W0DI2HLL.pcm /Users/justinhou/Development/deepshelves/.build/S6UIDerivedData/ModuleCache.noindex/ObjectiveC-5HXK3F6U8OZOMN41CJYCML6K3.pcm /Users/justinhou/Development/deepshelves/.build/S6UIDerivedData/ModuleCache.noindex/ptrcheck-4KNEPMI1AIWZN7PNET0ZCAY3E.pcm /Users/justinhou/Development/deepshelves/.build/S6UIDerivedData/ModuleCache.noindex/AVFAudio-F5G4SM4OR7SV2FLG61V0D57PE.pcm /Users/justinhou/Development/deepshelves/.build/S6UIDerivedData/ModuleCache.noindex/Accessibility-51XSU28LQWRQT8IY25HEXOIKO.pcm /Users/justinhou/Development/deepshelves/.build/S6UIDerivedData/ModuleCache.noindex/os-4QGDD6M4TJSMCL0WPZYZJW3WY.pcm /Users/justinhou/Development/deepshelves/.build/S6UIDerivedData/ModuleCache.noindex/ImageIO-4TXN6YKTQRLFVSNI0L9K6XY56.pcm /Users/justinhou/Development/deepshelves/.build/S6UIDerivedData/ModuleCache.noindex/CoreGraphics-1SUMBJY9WO7DSQRTCVF27RBU3.pcm /Users/justinhou/Development/deepshelves/.build/S6UIDerivedData/ModuleCache.noindex/AVFoundation-6GACJ6PW7HYGVSXVZAVUD4J4E.pcm /Users/justinhou/Development/deepshelves/.build/S6UIDerivedData/ModuleCache.noindex/OpenGL-EDBNDLT9W2ZLYSQACN691YQBZ.pcm /Users/justinhou/Development/deepshelves/.build/S6UIDerivedData/ModuleCache.noindex/CoreAudio-61F0NA1M5UOSUD26W6Y82768C.pcm /Users/justinhou/Development/deepshelves/.build/S6UIDerivedData/ModuleCache.noindex/_Builtin_stdatomic-5DE0ZG91GECZPHAK4MDWL6HWI.pcm /Users/justinhou/Development/deepshelves/.build/S6UIDerivedData/ModuleCache.noindex/_DarwinFoundation1-BAV25RC78I4PPONK89LLEV943.pcm /Users/justinhou/Development/deepshelves/.build/S6UIDerivedData/ModuleCache.noindex/Metal-EGD3P8ROUAAOIOFD1IK1SU9E8.pcm /Users/justinhou/Development/deepshelves/.build/S6UIDerivedData/ModuleCache.noindex/_Builtin_inttypes-3Q0EMPEG0374STTYMSL8FG6SI.pcm /Users/justinhou/Development/deepshelves/.build/S6UIDerivedData/ModuleCache.noindex/DataDetection-B1IQZOEA5LJJJMP7I2C1UERT9.pcm /Users/justinhou/Development/deepshelves/.build/S6UIDerivedData/ModuleCache.noindex/CoreFoundation-AE3EDF0G3IJMR0JV7RWCYTSST.pcm /Users/justinhou/Development/deepshelves/.build/S6UIDerivedData/ModuleCache.noindex/CUPS-BVMJI3QOTX0E2MQ39MUIQ7HCP.pcm /Users/justinhou/Development/deepshelves/.build/S6UIDerivedData/ModuleCache.noindex/_Builtin_float-40VYNGR6QHESEDVMGLQZI7AKN.pcm /Users/justinhou/Development/deepshelves/.build/S6UIDerivedData/ModuleCache.noindex/OSLog-AT1TXA5ZICY98AXTV1QRXVCR2.pcm /Users/justinhou/Development/deepshelves/.build/S6UIDerivedData/ModuleCache.noindex/Carbon-ANOIRR7LNFJQTHR2XPWX7U4FQ.pcm /Users/justinhou/Development/deepshelves/.build/S6UIDerivedData/ModuleCache.noindex/Symbols-57SXDIFKO693N9HXITSH7KFWI.pcm /Users/justinhou/Development/deepshelves/.build/S6UIDerivedData/ModuleCache.noindex/ApplicationServices-BSSL61G6RGE6MNFKDG0021VC5.pcm /Users/justinhou/Development/deepshelves/.build/S6UIDerivedData/ModuleCache.noindex/_Builtin_stddef-40KSMIDXTJSEVK3IYCOROCCCD.pcm /Users/justinhou/Development/deepshelves/.build/S6UIDerivedData/ModuleCache.noindex/CoreAudioTypes-ABWE57TTPQMA736BDKXY3H4M9.pcm /Users/justinhou/Development/deepshelves/.build/S6UIDerivedData/ModuleCache.noindex/libkern-BIE1GKOREEGC4MFTLRR8ZTXC1.pcm /Users/justinhou/Development/deepshelves/.build/S6UIDerivedData/Build/Intermediates.noindex/MemoryCapture.build/Release/MemoryCapture.build/Objects-normal/arm64/MemoryCapture-dependencies-1.json (in target 'MemoryCapture' from project 'MemoryCapture')

CompileSwift normal arm64 (in target 'MemoryCapture' from project 'MemoryCapture')
    cd /Users/justinhou/Development/deepshelves/LocalMemory.xcodeproj


SwiftDriverJobDiscovery normal arm64 Compiling CaptureCapabilities.swift, CaptureDecodeBenchmark.swift, CaptureSpikeRunner.swift, HEVCMediaWriter.swift, MemoryCapture.swift (in target 'MemoryCapture' from project 'MemoryCapture')

SwiftDriver\ Compilation\ Requirements MemoryCapture normal arm64 com.apple.xcode.tools.swift.compiler (in target 'MemoryCapture' from project 'MemoryCapture')
    cd /Users/justinhou/Development/deepshelves/LocalMemory.xcodeproj
    builtin-Swift-Compilation-Requirements -- /Applications/Xcode.app/Contents/Developer/Toolchains/XcodeDefault.xctoolchain/usr/bin/swiftc -module-name MemoryCapture -O -whole-module-optimization @/Users/justinhou/Development/deepshelves/.build/S6UIDerivedData/Build/Intermediates.noindex/MemoryCapture.build/Release/MemoryCapture.build/Objects-normal/arm64/MemoryCapture.SwiftFileList -DSWIFT_PACKAGE -DSWIFT_MODULE_RESOURCE_BUNDLE_UNAVAILABLE -DXcode -plugin-path /Applications/Xcode.app/Contents/Developer/Toolchains/XcodeDefault.xctoolchain/usr/lib/swift/host/plugins/testing -enable-experimental-feature DebugDescriptionMacro -sdk /Applications/Xcode.app/Contents/Developer/Platforms/MacOSX.platform/Developer/SDKs/MacOSX26.5.sdk -target arm64-apple-macos15.0 -g -module-cache-path /Users/justinhou/Development/deepshelves/.build/S6UIDerivedData/ModuleCache.noindex -Xfrontend -serialize-debugging-options -swift-version 6 -I /Users/justinhou/Development/deepshelves/.build/S6UIDerivedData/Build/Products/Release -Isystem /Applications/Xcode.app/Contents/Developer/Platforms/MacOSX.platform/Developer/usr/lib -F /Users/justinhou/Development/deepshelves/.build/S6UIDerivedData/Build/Products/Release -F /Applications/Xcode.app/Contents/Developer/Platforms/MacOSX.platform/Developer/Library/Frameworks -c -num-threads 12 -Xcc -ivfsstatcache -Xcc /Users/justinhou/Development/deepshelves/.build/S6UIDerivedData/SDKStatCaches.noindex/macosx26.5-25F70-e082c4a02f00227109f4ed75e425c832.sdkstatcache -output-file-map /Users/justinhou/Development/deepshelves/.build/S6UIDerivedData/Build/Intermediates.noindex/MemoryCapture.build/Release/MemoryCapture.build/Objects-normal/arm64/MemoryCapture-OutputFileMap.json -use-frontend-parseable-output -save-temps -no-color-diagnostics -explicit-module-build -module-cache-path /Users/justinhou/Development/deepshelves/.build/S6UIDerivedData/Build/Intermediates.noindex/SwiftExplicitPrecompiledModules -clang-scanner-module-cache-path /Users/justinhou/Development/deepshelves/.build/S6UIDerivedData/ModuleCache.noindex -sdk-module-cache-path /Users/justinhou/Development/deepshelves/.build/S6UIDerivedData/ModuleCache.noindex -serialize-diagnostics -emit-dependencies -emit-module -emit-module-path /Users/justinhou/Development/deepshelves/.build/S6UIDerivedData/Build/Intermediates.noindex/MemoryCapture.build/Release/MemoryCapture.build/Objects-normal/arm64/MemoryCapture.swiftmodule -validate-clang-modules-once -clang-build-session-file /Users/justinhou/Development/deepshelves/.build/S6UIDerivedData/ModuleCache.noindex/Session.modulevalidation -package-name memorycapture -Xcc -I/Users/justinhou/Development/deepshelves/.build/S6UIDerivedData/Build/Intermediates.noindex/MemoryCapture.build/Release/MemoryCapture.build/swift-overrides.hmap -emit-const-values -Xfrontend -const-gather-protocols-file -Xfrontend /Users/justinhou/Development/deepshelves/.build/S6UIDerivedData/Build/Intermediates.noindex/MemoryCapture.build/Release/MemoryCapture.build/Objects-normal/arm64/MemoryCapture_const_extract_protocols.json -Xcc -I/Users/justinhou/Development/deepshelves/.build/S6UIDerivedData/Build/Products/Release/include -Xcc -I/Users/justinhou/Development/deepshelves/.build/S6UIDerivedData/Build/Intermediates.noindex/MemoryCapture.build/Release/MemoryCapture.build/DerivedSources-normal/arm64 -Xcc -I/Users/justinhou/Development/deepshelves/.build/S6UIDerivedData/Build/Intermediates.noindex/MemoryCapture.build/Release/MemoryCapture.build/DerivedSources/arm64 -Xcc -I/Users/justinhou/Development/deepshelves/.build/S6UIDerivedData/Build/Intermediates.noindex/MemoryCapture.build/Release/MemoryCapture.build/DerivedSources -Xcc -DSWIFT_PACKAGE -emit-objc-header -emit-objc-header-path /Users/justinhou/Development/deepshelves/.build/S6UIDerivedData/Build/Intermediates.noindex/MemoryCapture.build/Release/MemoryCapture.build/Objects-normal/arm64/MemoryCapture-Swift.h -working-directory /Users/justinhou/Development/deepshelves/LocalMemory.xcodeproj -no-emit-module-separately-wmo

SwiftMergeGeneratedHeaders /Users/justinhou/Development/deepshelves/.build/S6UIDerivedData/Build/Intermediates.noindex/GeneratedModuleMaps/MemoryCapture-Swift.h /Users/justinhou/Development/deepshelves/.build/S6UIDerivedData/Build/Intermediates.noindex/MemoryCapture.build/Release/MemoryCapture.build/Objects-normal/arm64/MemoryCapture-Swift.h (in target 'MemoryCapture' from project 'MemoryCapture')
    cd /Users/justinhou/Development/deepshelves/Packages/MemoryCapture
    builtin-swiftHeaderTool -arch arm64 /Users/justinhou/Development/deepshelves/.build/S6UIDerivedData/Build/Intermediates.noindex/MemoryCapture.build/Release/MemoryCapture.build/Objects-normal/arm64/MemoryCapture-Swift.h -o /Users/justinhou/Development/deepshelves/.build/S6UIDerivedData/Build/Intermediates.noindex/GeneratedModuleMaps/MemoryCapture-Swift.h

Copy /Users/justinhou/Development/deepshelves/.build/S6UIDerivedData/Build/Products/Release/MemoryCapture.swiftmodule/arm64-apple-macos.swiftdoc /Users/justinhou/Development/deepshelves/.build/S6UIDerivedData/Build/Intermediates.noindex/MemoryCapture.build/Release/MemoryCapture.build/Objects-normal/arm64/MemoryCapture.swiftdoc (in target 'MemoryCapture' from project 'MemoryCapture')
    cd /Users/justinhou/Development/deepshelves/Packages/MemoryCapture
    builtin-copy -exclude .DS_Store -exclude CVS -exclude .svn -exclude .git -exclude .hg -strip-unsigned-binaries -strip-deterministic -strip-tool /Applications/Xcode.app/Contents/Developer/Toolchains/XcodeDefault.xctoolchain/usr/bin/strip -resolve-src-symlinks -rename /Users/justinhou/Development/deepshelves/.build/S6UIDerivedData/Build/Intermediates.noindex/MemoryCapture.build/Release/MemoryCapture.build/Objects-normal/arm64/MemoryCapture.swiftdoc /Users/justinhou/Development/deepshelves/.build/S6UIDerivedData/Build/Products/Release/MemoryCapture.swiftmodule/arm64-apple-macos.swiftdoc

Copy /Users/justinhou/Development/deepshelves/.build/S6UIDerivedData/Build/Products/Release/MemoryCapture.swiftmodule/arm64-apple-macos.swiftmodule /Users/justinhou/Development/deepshelves/.build/S6UIDerivedData/Build/Intermediates.noindex/MemoryCapture.build/Release/MemoryCapture.build/Objects-normal/arm64/MemoryCapture.swiftmodule (in target 'MemoryCapture' from project 'MemoryCapture')
    cd /Users/justinhou/Development/deepshelves/Packages/MemoryCapture
    builtin-copy -exclude .DS_Store -exclude CVS -exclude .svn -exclude .git -exclude .hg -strip-unsigned-binaries -strip-deterministic -strip-tool /Applications/Xcode.app/Contents/Developer/Toolchains/XcodeDefault.xctoolchain/usr/bin/strip -resolve-src-symlinks -rename /Users/justinhou/Development/deepshelves/.build/S6UIDerivedData/Build/Intermediates.noindex/MemoryCapture.build/Release/MemoryCapture.build/Objects-normal/arm64/MemoryCapture.swiftmodule /Users/justinhou/Development/deepshelves/.build/S6UIDerivedData/Build/Products/Release/MemoryCapture.swiftmodule/arm64-apple-macos.swiftmodule

Copy /Users/justinhou/Development/deepshelves/.build/S6UIDerivedData/Build/Products/Release/MemoryCapture.swiftmodule/arm64-apple-macos.abi.json /Users/justinhou/Development/deepshelves/.build/S6UIDerivedData/Build/Intermediates.noindex/MemoryCapture.build/Release/MemoryCapture.build/Objects-normal/arm64/MemoryCapture.abi.json (in target 'MemoryCapture' from project 'MemoryCapture')
    cd /Users/justinhou/Development/deepshelves/Packages/MemoryCapture
    builtin-copy -exclude .DS_Store -exclude CVS -exclude .svn -exclude .git -exclude .hg -strip-unsigned-binaries -strip-deterministic -strip-tool /Applications/Xcode.app/Contents/Developer/Toolchains/XcodeDefault.xctoolchain/usr/bin/strip -resolve-src-symlinks -rename /Users/justinhou/Development/deepshelves/.build/S6UIDerivedData/Build/Intermediates.noindex/MemoryCapture.build/Release/MemoryCapture.build/Objects-normal/arm64/MemoryCapture.abi.json /Users/justinhou/Development/deepshelves/.build/S6UIDerivedData/Build/Products/Release/MemoryCapture.swiftmodule/arm64-apple-macos.abi.json

Copy /Users/justinhou/Development/deepshelves/.build/S6UIDerivedData/Build/Products/Release/MemoryCapture.swiftmodule/Project/arm64-apple-macos.swiftsourceinfo /Users/justinhou/Development/deepshelves/.build/S6UIDerivedData/Build/Intermediates.noindex/MemoryCapture.build/Release/MemoryCapture.build/Objects-normal/arm64/MemoryCapture.swiftsourceinfo (in target 'MemoryCapture' from project 'MemoryCapture')
    cd /Users/justinhou/Development/deepshelves/Packages/MemoryCapture
    builtin-copy -exclude .DS_Store -exclude CVS -exclude .svn -exclude .git -exclude .hg -strip-unsigned-binaries -strip-deterministic -strip-tool /Applications/Xcode.app/Contents/Developer/Toolchains/XcodeDefault.xctoolchain/usr/bin/strip -resolve-src-symlinks -rename /Users/justinhou/Development/deepshelves/.build/S6UIDerivedData/Build/Intermediates.noindex/MemoryCapture.build/Release/MemoryCapture.build/Objects-normal/arm64/MemoryCapture.swiftsourceinfo /Users/justinhou/Development/deepshelves/.build/S6UIDerivedData/Build/Products/Release/MemoryCapture.swiftmodule/Project/arm64-apple-macos.swiftsourceinfo

Ld /Users/justinhou/Development/deepshelves/.build/S6UIDerivedData/Build/Products/Release/MemoryCapture.o normal (in target 'MemoryCapture' from project 'MemoryCapture')
    cd /Users/justinhou/Development/deepshelves/Packages/MemoryCapture
    /Applications/Xcode.app/Contents/Developer/Toolchains/XcodeDefault.xctoolchain/usr/bin/clang -Xlinker -reproducible -target arm64-apple-macos15.0 -r -isysroot /Applications/Xcode.app/Contents/Developer/Platforms/MacOSX.platform/Developer/SDKs/MacOSX26.5.sdk -Os -F/Users/justinhou/Development/deepshelves/.build/S6UIDerivedData/Build/Intermediates.noindex/EagerLinkingTBDs/Release -F/Users/justinhou/Development/deepshelves/.build/S6UIDerivedData/Build/Products/Release -iframework /Applications/Xcode.app/Contents/Developer/Platforms/MacOSX.platform/Developer/Library/Frameworks -filelist /Users/justinhou/Development/deepshelves/.build/S6UIDerivedData/Build/Intermediates.noindex/MemoryCapture.build/Release/MemoryCapture.build/Objects-normal/arm64/MemoryCapture.LinkFileList -nostdlib -Xlinker -object_path_lto -Xlinker /Users/justinhou/Development/deepshelves/.build/S6UIDerivedData/Build/Intermediates.noindex/MemoryCapture.build/Release/MemoryCapture.build/Objects-normal/arm64/MemoryCapture_lto.o -Xlinker -dependency_info -Xlinker /Users/justinhou/Development/deepshelves/.build/S6UIDerivedData/Build/Intermediates.noindex/MemoryCapture.build/Release/MemoryCapture.build/Objects-normal/arm64/MemoryCapture_dependency_info.dat -fobjc-link-runtime -L/Applications/Xcode.app/Contents/Developer/Toolchains/XcodeDefault.xctoolchain/usr/lib/swift/macosx -L/usr/lib/swift -Xlinker -add_ast_path -Xlinker /Users/justinhou/Development/deepshelves/.build/S6UIDerivedData/Build/Intermediates.noindex/MemoryCapture.build/Release/MemoryCapture.build/Objects-normal/arm64/MemoryCapture.swiftmodule @/Users/justinhou/Development/deepshelves/.build/S6UIDerivedData/Build/Intermediates.noindex/MemoryCapture.build/Release/MemoryCapture.build/Objects-normal/arm64/MemoryCapture-linker-args.resp -o /Users/justinhou/Development/deepshelves/.build/S6UIDerivedData/Build/Products/Release/MemoryCapture.o

ExtractAppIntentsMetadata (in target 'MemoryCapture' from project 'MemoryCapture')
    cd /Users/justinhou/Development/deepshelves/Packages/MemoryCapture
    /Applications/Xcode.app/Contents/Developer/Toolchains/XcodeDefault.xctoolchain/usr/bin/appintentsmetadataprocessor --toolchain-dir /Applications/Xcode.app/Contents/Developer/Toolchains/XcodeDefault.xctoolchain --module-name MemoryCapture --sdk-root /Applications/Xcode.app/Contents/Developer/Platforms/MacOSX.platform/Developer/SDKs/MacOSX26.5.sdk --xcode-version 17F42 --platform-family macOS --deployment-target 15.0 --bundle-identifier memorycapture.MemoryCapture --output /Users/justinhou/Development/deepshelves/.build/S6UIDerivedData/Build/Products/Release/MemoryCapture.appintents --target-triple arm64-apple-macos15.0 --binary-file /Users/justinhou/Development/deepshelves/.build/S6UIDerivedData/Build/Products/Release/MemoryCapture.o --dependency-file /Users/justinhou/Development/deepshelves/.build/S6UIDerivedData/Build/Intermediates.noindex/MemoryCapture.build/Release/MemoryCapture.build/Objects-normal/arm64/MemoryCapture_dependency_info.dat --stringsdata-file /Users/justinhou/Development/deepshelves/.build/S6UIDerivedData/Build/Intermediates.noindex/MemoryCapture.build/Release/MemoryCapture.build/Objects-normal/arm64/ExtractedAppShortcutsMetadata.stringsdata --source-file-list /Users/justinhou/Development/deepshelves/.build/S6UIDerivedData/Build/Intermediates.noindex/MemoryCapture.build/Release/MemoryCapture.build/Objects-normal/arm64/MemoryCapture.SwiftFileList --metadata-file-list /Users/justinhou/Development/deepshelves/.build/S6UIDerivedData/Build/Intermediates.noindex/MemoryCapture.build/Release/MemoryCapture.build/MemoryCapture.DependencyMetadataFileList --static-metadata-file-list /Users/justinhou/Development/deepshelves/.build/S6UIDerivedData/Build/Intermediates.noindex/MemoryCapture.build/Release/MemoryCapture.build/MemoryCapture.DependencyStaticMetadataFileList --swift-const-vals-list /Users/justinhou/Development/deepshelves/.build/S6UIDerivedData/Build/Intermediates.noindex/MemoryCapture.build/Release/MemoryCapture.build/Objects-normal/arm64/MemoryCapture.SwiftConstValuesFileList --force --compile-time-extraction --deployment-aware-processing --validate-assistant-intents --no-app-shortcuts-localization
2026-08-28 00:26:39.944 appintentsmetadataprocessor[37845:22995149] Starting appintentsmetadataprocessor export
2026-08-28 00:26:39.954 appintentsmetadataprocessor[37845:22995149] Extracted no relevant App Intents symbols, skipping writing output

RegisterExecutionPolicyException /Users/justinhou/Development/deepshelves/.build/S6UIDerivedData/Build/Products/Release/MemoryCapture.o (in target 'MemoryCapture' from project 'MemoryCapture')
    cd /Users/justinhou/Development/deepshelves/Packages/MemoryCapture
    builtin-RegisterExecutionPolicyException /Users/justinhou/Development/deepshelves/.build/S6UIDerivedData/Build/Products/Release/MemoryCapture.o

SwiftDriverJobDiscovery normal arm64 Compiling BootstrapContract.swift, CaptureEnvelope.swift, ContractJSON.swift, ContractValidation.swift, DeletionTombstone.swift, EnrichmentArtifact.swift, GeometryAndContext.swift, MediaChunk.swift, ProcessingJob.swift, SearchRequest.swift, SearchResult.swift, SearchableFrame.swift, TextSpan.swift, TimelineSlice.swift (in target 'MemoryContracts' from project 'MemoryContracts')

SwiftDriver\ Compilation\ Requirements MemoryContracts normal arm64 com.apple.xcode.tools.swift.compiler (in target 'MemoryContracts' from project 'MemoryContracts')
    cd /Users/justinhou/Development/deepshelves/LocalMemory.xcodeproj
    builtin-Swift-Compilation-Requirements -- /Applications/Xcode.app/Contents/Developer/Toolchains/XcodeDefault.xctoolchain/usr/bin/swiftc -module-name MemoryContracts -O -whole-module-optimization @/Users/justinhou/Development/deepshelves/.build/S6UIDerivedData/Build/Intermediates.noindex/MemoryContracts.build/Release/MemoryContracts.build/Objects-normal/arm64/MemoryContracts.SwiftFileList -DSWIFT_PACKAGE -DSWIFT_MODULE_RESOURCE_BUNDLE_UNAVAILABLE -DXcode -plugin-path /Applications/Xcode.app/Contents/Developer/Toolchains/XcodeDefault.xctoolchain/usr/lib/swift/host/plugins/testing -enable-experimental-feature DebugDescriptionMacro -sdk /Applications/Xcode.app/Contents/Developer/Platforms/MacOSX.platform/Developer/SDKs/MacOSX26.5.sdk -target arm64-apple-macos15.0 -g -module-cache-path /Users/justinhou/Development/deepshelves/.build/S6UIDerivedData/ModuleCache.noindex -Xfrontend -serialize-debugging-options -swift-version 6 -I /Users/justinhou/Development/deepshelves/.build/S6UIDerivedData/Build/Products/Release -Isystem /Applications/Xcode.app/Contents/Developer/Platforms/MacOSX.platform/Developer/usr/lib -F /Users/justinhou/Development/deepshelves/.build/S6UIDerivedData/Build/Products/Release -F /Applications/Xcode.app/Contents/Developer/Platforms/MacOSX.platform/Developer/Library/Frameworks -c -num-threads 12 -Xcc -ivfsstatcache -Xcc /Users/justinhou/Development/deepshelves/.build/S6UIDerivedData/SDKStatCaches.noindex/macosx26.5-25F70-e082c4a02f00227109f4ed75e425c832.sdkstatcache -output-file-map /Users/justinhou/Development/deepshelves/.build/S6UIDerivedData/Build/Intermediates.noindex/MemoryContracts.build/Release/MemoryContracts.build/Objects-normal/arm64/MemoryContracts-OutputFileMap.json -use-frontend-parseable-output -save-temps -no-color-diagnostics -explicit-module-build -module-cache-path /Users/justinhou/Development/deepshelves/.build/S6UIDerivedData/Build/Intermediates.noindex/SwiftExplicitPrecompiledModules -clang-scanner-module-cache-path /Users/justinhou/Development/deepshelves/.build/S6UIDerivedData/ModuleCache.noindex -sdk-module-cache-path /Users/justinhou/Development/deepshelves/.build/S6UIDerivedData/ModuleCache.noindex -serialize-diagnostics -emit-dependencies -emit-module -emit-module-path /Users/justinhou/Development/deepshelves/.build/S6UIDerivedData/Build/Intermediates.noindex/MemoryContracts.build/Release/MemoryContracts.build/Objects-normal/arm64/MemoryContracts.swiftmodule -validate-clang-modules-once -clang-build-session-file /Users/justinhou/Development/deepshelves/.build/S6UIDerivedData/ModuleCache.noindex/Session.modulevalidation -package-name memorycontracts -Xcc -I/Users/justinhou/Development/deepshelves/.build/S6UIDerivedData/Build/Intermediates.noindex/MemoryContracts.build/Release/MemoryContracts.build/swift-overrides.hmap -emit-const-values -Xfrontend -const-gather-protocols-file -Xfrontend /Users/justinhou/Development/deepshelves/.build/S6UIDerivedData/Build/Intermediates.noindex/MemoryContracts.build/Release/MemoryContracts.build/Objects-normal/arm64/MemoryContracts_const_extract_protocols.json -Xcc -I/Users/justinhou/Development/deepshelves/.build/S6UIDerivedData/Build/Products/Release/include -Xcc -I/Users/justinhou/Development/deepshelves/.build/S6UIDerivedData/Build/Intermediates.noindex/MemoryContracts.build/Release/MemoryContracts.build/DerivedSources-normal/arm64 -Xcc -I/Users/justinhou/Development/deepshelves/.build/S6UIDerivedData/Build/Intermediates.noindex/MemoryContracts.build/Release/MemoryContracts.build/DerivedSources/arm64 -Xcc -I/Users/justinhou/Development/deepshelves/.build/S6UIDerivedData/Build/Intermediates.noindex/MemoryContracts.build/Release/MemoryContracts.build/DerivedSources -Xcc -DSWIFT_PACKAGE -emit-objc-header -emit-objc-header-path /Users/justinhou/Development/deepshelves/.build/S6UIDerivedData/Build/Intermediates.noindex/MemoryContracts.build/Release/MemoryContracts.build/Objects-normal/arm64/MemoryContracts-Swift.h -working-directory /Users/justinhou/Development/deepshelves/LocalMemory.xcodeproj -no-emit-module-separately-wmo

SwiftMergeGeneratedHeaders /Users/justinhou/Development/deepshelves/.build/S6UIDerivedData/Build/Intermediates.noindex/GeneratedModuleMaps/MemoryContracts-Swift.h /Users/justinhou/Development/deepshelves/.build/S6UIDerivedData/Build/Intermediates.noindex/MemoryContracts.build/Release/MemoryContracts.build/Objects-normal/arm64/MemoryContracts-Swift.h (in target 'MemoryContracts' from project 'MemoryContracts')
    cd /Users/justinhou/Development/deepshelves/Packages/MemoryContracts
    builtin-swiftHeaderTool -arch arm64 /Users/justinhou/Development/deepshelves/.build/S6UIDerivedData/Build/Intermediates.noindex/MemoryContracts.build/Release/MemoryContracts.build/Objects-normal/arm64/MemoryContracts-Swift.h -o /Users/justinhou/Development/deepshelves/.build/S6UIDerivedData/Build/Intermediates.noindex/GeneratedModuleMaps/MemoryContracts-Swift.h

Copy /Users/justinhou/Development/deepshelves/.build/S6UIDerivedData/Build/Products/Release/MemoryContracts.swiftmodule/arm64-apple-macos.abi.json /Users/justinhou/Development/deepshelves/.build/S6UIDerivedData/Build/Intermediates.noindex/MemoryContracts.build/Release/MemoryContracts.build/Objects-normal/arm64/MemoryContracts.abi.json (in target 'MemoryContracts' from project 'MemoryContracts')
    cd /Users/justinhou/Development/deepshelves/Packages/MemoryContracts
    builtin-copy -exclude .DS_Store -exclude CVS -exclude .svn -exclude .git -exclude .hg -strip-unsigned-binaries -strip-deterministic -strip-tool /Applications/Xcode.app/Contents/Developer/Toolchains/XcodeDefault.xctoolchain/usr/bin/strip -resolve-src-symlinks -rename /Users/justinhou/Development/deepshelves/.build/S6UIDerivedData/Build/Intermediates.noindex/MemoryContracts.build/Release/MemoryContracts.build/Objects-normal/arm64/MemoryContracts.abi.json /Users/justinhou/Development/deepshelves/.build/S6UIDerivedData/Build/Products/Release/MemoryContracts.swiftmodule/arm64-apple-macos.abi.json

Copy /Users/justinhou/Development/deepshelves/.build/S6UIDerivedData/Build/Products/Release/MemoryContracts.swiftmodule/arm64-apple-macos.swiftmodule /Users/justinhou/Development/deepshelves/.build/S6UIDerivedData/Build/Intermediates.noindex/MemoryContracts.build/Release/MemoryContracts.build/Objects-normal/arm64/MemoryContracts.swiftmodule (in target 'MemoryContracts' from project 'MemoryContracts')
    cd /Users/justinhou/Development/deepshelves/Packages/MemoryContracts
    builtin-copy -exclude .DS_Store -exclude CVS -exclude .svn -exclude .git -exclude .hg -strip-unsigned-binaries -strip-deterministic -strip-tool /Applications/Xcode.app/Contents/Developer/Toolchains/XcodeDefault.xctoolchain/usr/bin/strip -resolve-src-symlinks -rename /Users/justinhou/Development/deepshelves/.build/S6UIDerivedData/Build/Intermediates.noindex/MemoryContracts.build/Release/MemoryContracts.build/Objects-normal/arm64/MemoryContracts.swiftmodule /Users/justinhou/Development/deepshelves/.build/S6UIDerivedData/Build/Products/Release/MemoryContracts.swiftmodule/arm64-apple-macos.swiftmodule

Copy /Users/justinhou/Development/deepshelves/.build/S6UIDerivedData/Build/Products/Release/MemoryContracts.swiftmodule/arm64-apple-macos.swiftdoc /Users/justinhou/Development/deepshelves/.build/S6UIDerivedData/Build/Intermediates.noindex/MemoryContracts.build/Release/MemoryContracts.build/Objects-normal/arm64/MemoryContracts.swiftdoc (in target 'MemoryContracts' from project 'MemoryContracts')
    cd /Users/justinhou/Development/deepshelves/Packages/MemoryContracts
    builtin-copy -exclude .DS_Store -exclude CVS -exclude .svn -exclude .git -exclude .hg -strip-unsigned-binaries -strip-deterministic -strip-tool /Applications/Xcode.app/Contents/Developer/Toolchains/XcodeDefault.xctoolchain/usr/bin/strip -resolve-src-symlinks -rename /Users/justinhou/Development/deepshelves/.build/S6UIDerivedData/Build/Intermediates.noindex/MemoryContracts.build/Release/MemoryContracts.build/Objects-normal/arm64/MemoryContracts.swiftdoc /Users/justinhou/Development/deepshelves/.build/S6UIDerivedData/Build/Products/Release/MemoryContracts.swiftmodule/arm64-apple-macos.swiftdoc

Copy /Users/justinhou/Development/deepshelves/.build/S6UIDerivedData/Build/Products/Release/MemoryContracts.swiftmodule/Project/arm64-apple-macos.swiftsourceinfo /Users/justinhou/Development/deepshelves/.build/S6UIDerivedData/Build/Intermediates.noindex/MemoryContracts.build/Release/MemoryContracts.build/Objects-normal/arm64/MemoryContracts.swiftsourceinfo (in target 'MemoryContracts' from project 'MemoryContracts')
    cd /Users/justinhou/Development/deepshelves/Packages/MemoryContracts
    builtin-copy -exclude .DS_Store -exclude CVS -exclude .svn -exclude .git -exclude .hg -strip-unsigned-binaries -strip-deterministic -strip-tool /Applications/Xcode.app/Contents/Developer/Toolchains/XcodeDefault.xctoolchain/usr/bin/strip -resolve-src-symlinks -rename /Users/justinhou/Development/deepshelves/.build/S6UIDerivedData/Build/Intermediates.noindex/MemoryContracts.build/Release/MemoryContracts.build/Objects-normal/arm64/MemoryContracts.swiftsourceinfo /Users/justinhou/Development/deepshelves/.build/S6UIDerivedData/Build/Products/Release/MemoryContracts.swiftmodule/Project/arm64-apple-macos.swiftsourceinfo

Ld /Users/justinhou/Development/deepshelves/.build/S6UIDerivedData/Build/Products/Release/MemoryContracts.o normal (in target 'MemoryContracts' from project 'MemoryContracts')
    cd /Users/justinhou/Development/deepshelves/Packages/MemoryContracts
    /Applications/Xcode.app/Contents/Developer/Toolchains/XcodeDefault.xctoolchain/usr/bin/clang -Xlinker -reproducible -target arm64-apple-macos15.0 -r -isysroot /Applications/Xcode.app/Contents/Developer/Platforms/MacOSX.platform/Developer/SDKs/MacOSX26.5.sdk -Os -F/Users/justinhou/Development/deepshelves/.build/S6UIDerivedData/Build/Intermediates.noindex/EagerLinkingTBDs/Release -F/Users/justinhou/Development/deepshelves/.build/S6UIDerivedData/Build/Products/Release -iframework /Applications/Xcode.app/Contents/Developer/Platforms/MacOSX.platform/Developer/Library/Frameworks -filelist /Users/justinhou/Development/deepshelves/.build/S6UIDerivedData/Build/Intermediates.noindex/MemoryContracts.build/Release/MemoryContracts.build/Objects-normal/arm64/MemoryContracts.LinkFileList -nostdlib -Xlinker -object_path_lto -Xlinker /Users/justinhou/Development/deepshelves/.build/S6UIDerivedData/Build/Intermediates.noindex/MemoryContracts.build/Release/MemoryContracts.build/Objects-normal/arm64/MemoryContracts_lto.o -Xlinker -dependency_info -Xlinker /Users/justinhou/Development/deepshelves/.build/S6UIDerivedData/Build/Intermediates.noindex/MemoryContracts.build/Release/MemoryContracts.build/Objects-normal/arm64/MemoryContracts_dependency_info.dat -fobjc-link-runtime -L/Applications/Xcode.app/Contents/Developer/Toolchains/XcodeDefault.xctoolchain/usr/lib/swift/macosx -L/usr/lib/swift -Xlinker -add_ast_path -Xlinker /Users/justinhou/Development/deepshelves/.build/S6UIDerivedData/Build/Intermediates.noindex/MemoryContracts.build/Release/MemoryContracts.build/Objects-normal/arm64/MemoryContracts.swiftmodule @/Users/justinhou/Development/deepshelves/.build/S6UIDerivedData/Build/Intermediates.noindex/MemoryContracts.build/Release/MemoryContracts.build/Objects-normal/arm64/MemoryContracts-linker-args.resp -o /Users/justinhou/Development/deepshelves/.build/S6UIDerivedData/Build/Products/Release/MemoryContracts.o

ExtractAppIntentsMetadata (in target 'MemoryContracts' from project 'MemoryContracts')
    cd /Users/justinhou/Development/deepshelves/Packages/MemoryContracts
    /Applications/Xcode.app/Contents/Developer/Toolchains/XcodeDefault.xctoolchain/usr/bin/appintentsmetadataprocessor --toolchain-dir /Applications/Xcode.app/Contents/Developer/Toolchains/XcodeDefault.xctoolchain --module-name MemoryContracts --sdk-root /Applications/Xcode.app/Contents/Developer/Platforms/MacOSX.platform/Developer/SDKs/MacOSX26.5.sdk --xcode-version 17F42 --platform-family macOS --deployment-target 15.0 --bundle-identifier memorycontracts.MemoryContracts --output /Users/justinhou/Development/deepshelves/.build/S6UIDerivedData/Build/Products/Release/MemoryContracts.appintents --target-triple arm64-apple-macos15.0 --binary-file /Users/justinhou/Development/deepshelves/.build/S6UIDerivedData/Build/Products/Release/MemoryContracts.o --dependency-file /Users/justinhou/Development/deepshelves/.build/S6UIDerivedData/Build/Intermediates.noindex/MemoryContracts.build/Release/MemoryContracts.build/Objects-normal/arm64/MemoryContracts_dependency_info.dat --stringsdata-file /Users/justinhou/Development/deepshelves/.build/S6UIDerivedData/Build/Intermediates.noindex/MemoryContracts.build/Release/MemoryContracts.build/Objects-normal/arm64/ExtractedAppShortcutsMetadata.stringsdata --source-file-list /Users/justinhou/Development/deepshelves/.build/S6UIDerivedData/Build/Intermediates.noindex/MemoryContracts.build/Release/MemoryContracts.build/Objects-normal/arm64/MemoryContracts.SwiftFileList --metadata-file-list /Users/justinhou/Development/deepshelves/.build/S6UIDerivedData/Build/Intermediates.noindex/MemoryContracts.build/Release/MemoryContracts.build/MemoryContracts.DependencyMetadataFileList --static-metadata-file-list /Users/justinhou/Development/deepshelves/.build/S6UIDerivedData/Build/Intermediates.noindex/MemoryContracts.build/Release/MemoryContracts.build/MemoryContracts.DependencyStaticMetadataFileList --swift-const-vals-list /Users/justinhou/Development/deepshelves/.build/S6UIDerivedData/Build/Intermediates.noindex/MemoryContracts.build/Release/MemoryContracts.build/Objects-normal/arm64/MemoryContracts.SwiftConstValuesFileList --force --compile-time-extraction --deployment-aware-processing --validate-assistant-intents --no-app-shortcuts-localization
2026-08-28 00:26:40.323 appintentsmetadataprocessor[37850:22995190] Starting appintentsmetadataprocessor export
2026-08-28 00:26:40.331 appintentsmetadataprocessor[37850:22995190] Extracted no relevant App Intents symbols, skipping writing output

RegisterExecutionPolicyException /Users/justinhou/Development/deepshelves/.build/S6UIDerivedData/Build/Products/Release/MemoryContracts.o (in target 'MemoryContracts' from project 'MemoryContracts')
    cd /Users/justinhou/Development/deepshelves/Packages/MemoryContracts
    builtin-RegisterExecutionPolicyException /Users/justinhou/Development/deepshelves/.build/S6UIDerivedData/Build/Products/Release/MemoryContracts.o

SwiftDriverJobDiscovery normal arm64 Compiling resource_bundle_accessor.swift, ContextLiveAX.swift, ContextSpikeCore.swift, ContextVisionOCR.swift, ExactVectorScan.swift, GPT2ByteEncoder.swift, MemoryEnrichment.swift, MobileCLIPRuntime.swift, MobileCLIPTokenizer.swift, MobileCLIPTokenizerUtils.swift, ModelResourceIntegrity.swift, S3S4SpikeRunner.swift (in target 'MemoryEnrichment' from project 'MemoryEnrichment')

SwiftDriver\ Compilation\ Requirements MemoryEnrichment normal arm64 com.apple.xcode.tools.swift.compiler (in target 'MemoryEnrichment' from project 'MemoryEnrichment')
    cd /Users/justinhou/Development/deepshelves/LocalMemory.xcodeproj
    builtin-Swift-Compilation-Requirements -- /Applications/Xcode.app/Contents/Developer/Toolchains/XcodeDefault.xctoolchain/usr/bin/swiftc -module-name MemoryEnrichment -O -whole-module-optimization @/Users/justinhou/Development/deepshelves/.build/S6UIDerivedData/Build/Intermediates.noindex/MemoryEnrichment.build/Release/MemoryEnrichment.build/Objects-normal/arm64/MemoryEnrichment.SwiftFileList -DSWIFT_PACKAGE -DSWIFT_MODULE_RESOURCE_BUNDLE_AVAILABLE -DXcode -plugin-path /Applications/Xcode.app/Contents/Developer/Toolchains/XcodeDefault.xctoolchain/usr/lib/swift/host/plugins/testing -enable-experimental-feature DebugDescriptionMacro -sdk /Applications/Xcode.app/Contents/Developer/Platforms/MacOSX.platform/Developer/SDKs/MacOSX26.5.sdk -target arm64-apple-macos15.0 -g -module-cache-path /Users/justinhou/Development/deepshelves/.build/S6UIDerivedData/ModuleCache.noindex -Xfrontend -serialize-debugging-options -swift-version 6 -I /Users/justinhou/Development/deepshelves/.build/S6UIDerivedData/Build/Products/Release -Isystem /Applications/Xcode.app/Contents/Developer/Platforms/MacOSX.platform/Developer/usr/lib -F /Users/justinhou/Development/deepshelves/.build/S6UIDerivedData/Build/Products/Release -F /Applications/Xcode.app/Contents/Developer/Platforms/MacOSX.platform/Developer/Library/Frameworks -c -num-threads 12 -Xcc -ivfsstatcache -Xcc /Users/justinhou/Development/deepshelves/.build/S6UIDerivedData/SDKStatCaches.noindex/macosx26.5-25F70-e082c4a02f00227109f4ed75e425c832.sdkstatcache -output-file-map /Users/justinhou/Development/deepshelves/.build/S6UIDerivedData/Build/Intermediates.noindex/MemoryEnrichment.build/Release/MemoryEnrichment.build/Objects-normal/arm64/MemoryEnrichment-OutputFileMap.json -use-frontend-parseable-output -save-temps -no-color-diagnostics -explicit-module-build -module-cache-path /Users/justinhou/Development/deepshelves/.build/S6UIDerivedData/Build/Intermediates.noindex/SwiftExplicitPrecompiledModules -clang-scanner-module-cache-path /Users/justinhou/Development/deepshelves/.build/S6UIDerivedData/ModuleCache.noindex -sdk-module-cache-path /Users/justinhou/Development/deepshelves/.build/S6UIDerivedData/ModuleCache.noindex -serialize-diagnostics -emit-dependencies -emit-module -emit-module-path /Users/justinhou/Development/deepshelves/.build/S6UIDerivedData/Build/Intermediates.noindex/MemoryEnrichment.build/Release/MemoryEnrichment.build/Objects-normal/arm64/MemoryEnrichment.swiftmodule -validate-clang-modules-once -clang-build-session-file /Users/justinhou/Development/deepshelves/.build/S6UIDerivedData/ModuleCache.noindex/Session.modulevalidation -package-name memoryenrichment -Xcc -I/Users/justinhou/Development/deepshelves/.build/S6UIDerivedData/Build/Intermediates.noindex/MemoryEnrichment.build/Release/MemoryEnrichment.build/swift-overrides.hmap -emit-const-values -Xfrontend -const-gather-protocols-file -Xfrontend /Users/justinhou/Development/deepshelves/.build/S6UIDerivedData/Build/Intermediates.noindex/MemoryEnrichment.build/Release/MemoryEnrichment.build/Objects-normal/arm64/MemoryEnrichment_const_extract_protocols.json -Xcc -I/Users/justinhou/Development/deepshelves/.build/S6UIDerivedData/Build/Products/Release/include -Xcc -I/Users/justinhou/Development/deepshelves/.build/S6UIDerivedData/Build/Intermediates.noindex/MemoryEnrichment.build/Release/MemoryEnrichment.build/DerivedSources-normal/arm64 -Xcc -I/Users/justinhou/Development/deepshelves/.build/S6UIDerivedData/Build/Intermediates.noindex/MemoryEnrichment.build/Release/MemoryEnrichment.build/DerivedSources/arm64 -Xcc -I/Users/justinhou/Development/deepshelves/.build/S6UIDerivedData/Build/Intermediates.noindex/MemoryEnrichment.build/Release/MemoryEnrichment.build/DerivedSources -Xcc -DSWIFT_PACKAGE -emit-objc-header -emit-objc-header-path /Users/justinhou/Development/deepshelves/.build/S6UIDerivedData/Build/Intermediates.noindex/MemoryEnrichment.build/Release/MemoryEnrichment.build/Objects-normal/arm64/MemoryEnrichment-Swift.h -working-directory /Users/justinhou/Development/deepshelves/LocalMemory.xcodeproj -no-emit-module-separately-wmo

SwiftMergeGeneratedHeaders /Users/justinhou/Development/deepshelves/.build/S6UIDerivedData/Build/Intermediates.noindex/GeneratedModuleMaps/MemoryEnrichment-Swift.h /Users/justinhou/Development/deepshelves/.build/S6UIDerivedData/Build/Intermediates.noindex/MemoryEnrichment.build/Release/MemoryEnrichment.build/Objects-normal/arm64/MemoryEnrichment-Swift.h (in target 'MemoryEnrichment' from project 'MemoryEnrichment')
    cd /Users/justinhou/Development/deepshelves/Packages/MemoryEnrichment
    builtin-swiftHeaderTool -arch arm64 /Users/justinhou/Development/deepshelves/.build/S6UIDerivedData/Build/Intermediates.noindex/MemoryEnrichment.build/Release/MemoryEnrichment.build/Objects-normal/arm64/MemoryEnrichment-Swift.h -o /Users/justinhou/Development/deepshelves/.build/S6UIDerivedData/Build/Intermediates.noindex/GeneratedModuleMaps/MemoryEnrichment-Swift.h

Copy /Users/justinhou/Development/deepshelves/.build/S6UIDerivedData/Build/Products/Release/MemoryEnrichment.swiftmodule/arm64-apple-macos.swiftmodule /Users/justinhou/Development/deepshelves/.build/S6UIDerivedData/Build/Intermediates.noindex/MemoryEnrichment.build/Release/MemoryEnrichment.build/Objects-normal/arm64/MemoryEnrichment.swiftmodule (in target 'MemoryEnrichment' from project 'MemoryEnrichment')
    cd /Users/justinhou/Development/deepshelves/Packages/MemoryEnrichment
    builtin-copy -exclude .DS_Store -exclude CVS -exclude .svn -exclude .git -exclude .hg -strip-unsigned-binaries -strip-deterministic -strip-tool /Applications/Xcode.app/Contents/Developer/Toolchains/XcodeDefault.xctoolchain/usr/bin/strip -resolve-src-symlinks -rename /Users/justinhou/Development/deepshelves/.build/S6UIDerivedData/Build/Intermediates.noindex/MemoryEnrichment.build/Release/MemoryEnrichment.build/Objects-normal/arm64/MemoryEnrichment.swiftmodule /Users/justinhou/Development/deepshelves/.build/S6UIDerivedData/Build/Products/Release/MemoryEnrichment.swiftmodule/arm64-apple-macos.swiftmodule

Copy /Users/justinhou/Development/deepshelves/.build/S6UIDerivedData/Build/Products/Release/MemoryEnrichment.swiftmodule/arm64-apple-macos.swiftdoc /Users/justinhou/Development/deepshelves/.build/S6UIDerivedData/Build/Intermediates.noindex/MemoryEnrichment.build/Release/MemoryEnrichment.build/Objects-normal/arm64/MemoryEnrichment.swiftdoc (in target 'MemoryEnrichment' from project 'MemoryEnrichment')
    cd /Users/justinhou/Development/deepshelves/Packages/MemoryEnrichment
    builtin-copy -exclude .DS_Store -exclude CVS -exclude .svn -exclude .git -exclude .hg -strip-unsigned-binaries -strip-deterministic -strip-tool /Applications/Xcode.app/Contents/Developer/Toolchains/XcodeDefault.xctoolchain/usr/bin/strip -resolve-src-symlinks -rename /Users/justinhou/Development/deepshelves/.build/S6UIDerivedData/Build/Intermediates.noindex/MemoryEnrichment.build/Release/MemoryEnrichment.build/Objects-normal/arm64/MemoryEnrichment.swiftdoc /Users/justinhou/Development/deepshelves/.build/S6UIDerivedData/Build/Products/Release/MemoryEnrichment.swiftmodule/arm64-apple-macos.swiftdoc

Copy /Users/justinhou/Development/deepshelves/.build/S6UIDerivedData/Build/Products/Release/MemoryEnrichment.swiftmodule/arm64-apple-macos.abi.json /Users/justinhou/Development/deepshelves/.build/S6UIDerivedData/Build/Intermediates.noindex/MemoryEnrichment.build/Release/MemoryEnrichment.build/Objects-normal/arm64/MemoryEnrichment.abi.json (in target 'MemoryEnrichment' from project 'MemoryEnrichment')
    cd /Users/justinhou/Development/deepshelves/Packages/MemoryEnrichment
    builtin-copy -exclude .DS_Store -exclude CVS -exclude .svn -exclude .git -exclude .hg -strip-unsigned-binaries -strip-deterministic -strip-tool /Applications/Xcode.app/Contents/Developer/Toolchains/XcodeDefault.xctoolchain/usr/bin/strip -resolve-src-symlinks -rename /Users/justinhou/Development/deepshelves/.build/S6UIDerivedData/Build/Intermediates.noindex/MemoryEnrichment.build/Release/MemoryEnrichment.build/Objects-normal/arm64/MemoryEnrichment.abi.json /Users/justinhou/Development/deepshelves/.build/S6UIDerivedData/Build/Products/Release/MemoryEnrichment.swiftmodule/arm64-apple-macos.abi.json

Copy /Users/justinhou/Development/deepshelves/.build/S6UIDerivedData/Build/Products/Release/MemoryEnrichment.swiftmodule/Project/arm64-apple-macos.swiftsourceinfo /Users/justinhou/Development/deepshelves/.build/S6UIDerivedData/Build/Intermediates.noindex/MemoryEnrichment.build/Release/MemoryEnrichment.build/Objects-normal/arm64/MemoryEnrichment.swiftsourceinfo (in target 'MemoryEnrichment' from project 'MemoryEnrichment')
    cd /Users/justinhou/Development/deepshelves/Packages/MemoryEnrichment
    builtin-copy -exclude .DS_Store -exclude CVS -exclude .svn -exclude .git -exclude .hg -strip-unsigned-binaries -strip-deterministic -strip-tool /Applications/Xcode.app/Contents/Developer/Toolchains/XcodeDefault.xctoolchain/usr/bin/strip -resolve-src-symlinks -rename /Users/justinhou/Development/deepshelves/.build/S6UIDerivedData/Build/Intermediates.noindex/MemoryEnrichment.build/Release/MemoryEnrichment.build/Objects-normal/arm64/MemoryEnrichment.swiftsourceinfo /Users/justinhou/Development/deepshelves/.build/S6UIDerivedData/Build/Products/Release/MemoryEnrichment.swiftmodule/Project/arm64-apple-macos.swiftsourceinfo

Ld /Users/justinhou/Development/deepshelves/.build/S6UIDerivedData/Build/Products/Release/MemoryEnrichment.o normal (in target 'MemoryEnrichment' from project 'MemoryEnrichment')
    cd /Users/justinhou/Development/deepshelves/Packages/MemoryEnrichment
    /Applications/Xcode.app/Contents/Developer/Toolchains/XcodeDefault.xctoolchain/usr/bin/clang -Xlinker -reproducible -target arm64-apple-macos15.0 -r -isysroot /Applications/Xcode.app/Contents/Developer/Platforms/MacOSX.platform/Developer/SDKs/MacOSX26.5.sdk -Os -F/Users/justinhou/Development/deepshelves/.build/S6UIDerivedData/Build/Intermediates.noindex/EagerLinkingTBDs/Release -F/Users/justinhou/Development/deepshelves/.build/S6UIDerivedData/Build/Products/Release -iframework /Applications/Xcode.app/Contents/Developer/Platforms/MacOSX.platform/Developer/Library/Frameworks -filelist /Users/justinhou/Development/deepshelves/.build/S6UIDerivedData/Build/Intermediates.noindex/MemoryEnrichment.build/Release/MemoryEnrichment.build/Objects-normal/arm64/MemoryEnrichment.LinkFileList -nostdlib -Xlinker -object_path_lto -Xlinker /Users/justinhou/Development/deepshelves/.build/S6UIDerivedData/Build/Intermediates.noindex/MemoryEnrichment.build/Release/MemoryEnrichment.build/Objects-normal/arm64/MemoryEnrichment_lto.o -Xlinker -dependency_info -Xlinker /Users/justinhou/Development/deepshelves/.build/S6UIDerivedData/Build/Intermediates.noindex/MemoryEnrichment.build/Release/MemoryEnrichment.build/Objects-normal/arm64/MemoryEnrichment_dependency_info.dat -fobjc-link-runtime -L/Applications/Xcode.app/Contents/Developer/Toolchains/XcodeDefault.xctoolchain/usr/lib/swift/macosx -L/usr/lib/swift -Xlinker -add_ast_path -Xlinker /Users/justinhou/Development/deepshelves/.build/S6UIDerivedData/Build/Intermediates.noindex/MemoryEnrichment.build/Release/MemoryEnrichment.build/Objects-normal/arm64/MemoryEnrichment.swiftmodule @/Users/justinhou/Development/deepshelves/.build/S6UIDerivedData/Build/Intermediates.noindex/MemoryEnrichment.build/Release/MemoryEnrichment.build/Objects-normal/arm64/MemoryEnrichment-linker-args.resp -o /Users/justinhou/Development/deepshelves/.build/S6UIDerivedData/Build/Products/Release/MemoryEnrichment.o

ExtractAppIntentsMetadata (in target 'MemoryEnrichment' from project 'MemoryEnrichment')
    cd /Users/justinhou/Development/deepshelves/Packages/MemoryEnrichment
    /Applications/Xcode.app/Contents/Developer/Toolchains/XcodeDefault.xctoolchain/usr/bin/appintentsmetadataprocessor --toolchain-dir /Applications/Xcode.app/Contents/Developer/Toolchains/XcodeDefault.xctoolchain --module-name MemoryEnrichment --sdk-root /Applications/Xcode.app/Contents/Developer/Platforms/MacOSX.platform/Developer/SDKs/MacOSX26.5.sdk --xcode-version 17F42 --platform-family macOS --deployment-target 15.0 --bundle-identifier memoryenrichment.MemoryEnrichment --output /Users/justinhou/Development/deepshelves/.build/S6UIDerivedData/Build/Products/Release/MemoryEnrichment.appintents --target-triple arm64-apple-macos15.0 --binary-file /Users/justinhou/Development/deepshelves/.build/S6UIDerivedData/Build/Products/Release/MemoryEnrichment.o --dependency-file /Users/justinhou/Development/deepshelves/.build/S6UIDerivedData/Build/Intermediates.noindex/MemoryEnrichment.build/Release/MemoryEnrichment.build/Objects-normal/arm64/MemoryEnrichment_dependency_info.dat --stringsdata-file /Users/justinhou/Development/deepshelves/.build/S6UIDerivedData/Build/Intermediates.noindex/MemoryEnrichment.build/Release/MemoryEnrichment.build/Objects-normal/arm64/ExtractedAppShortcutsMetadata.stringsdata --source-file-list /Users/justinhou/Development/deepshelves/.build/S6UIDerivedData/Build/Intermediates.noindex/MemoryEnrichment.build/Release/MemoryEnrichment.build/Objects-normal/arm64/MemoryEnrichment.SwiftFileList --metadata-file-list /Users/justinhou/Development/deepshelves/.build/S6UIDerivedData/Build/Intermediates.noindex/MemoryEnrichment.build/Release/MemoryEnrichment.build/MemoryEnrichment.DependencyMetadataFileList --static-metadata-file-list /Users/justinhou/Development/deepshelves/.build/S6UIDerivedData/Build/Intermediates.noindex/MemoryEnrichment.build/Release/MemoryEnrichment.build/MemoryEnrichment.DependencyStaticMetadataFileList --swift-const-vals-list /Users/justinhou/Development/deepshelves/.build/S6UIDerivedData/Build/Intermediates.noindex/MemoryEnrichment.build/Release/MemoryEnrichment.build/Objects-normal/arm64/MemoryEnrichment.SwiftConstValuesFileList --force --compile-time-extraction --deployment-aware-processing --validate-assistant-intents --no-app-shortcuts-localization
2026-08-28 00:26:46.943 appintentsmetadataprocessor[37859:22995299] Starting appintentsmetadataprocessor export
2026-08-28 00:26:46.954 appintentsmetadataprocessor[37859:22995299] Extracted no relevant App Intents symbols, skipping writing output

RegisterExecutionPolicyException /Users/justinhou/Development/deepshelves/.build/S6UIDerivedData/Build/Products/Release/MemoryEnrichment.o (in target 'MemoryEnrichment' from project 'MemoryEnrichment')
    cd /Users/justinhou/Development/deepshelves/Packages/MemoryEnrichment
    builtin-RegisterExecutionPolicyException /Users/justinhou/Development/deepshelves/.build/S6UIDerivedData/Build/Products/Release/MemoryEnrichment.o

SwiftDriverJobDiscovery normal arm64 Compiling resource_bundle_accessor.swift, Configuration.swift, Cursor.swift, Database+SQLCipher.swift, Database+Schema.swift, Database+Statements.swift, Database.swift, DatabaseBackupProgress.swift, DatabaseCollation.swift, DatabaseError.swift, DatabaseFunction.swift, DatabasePool.swift, DatabasePublishers.swift, DatabaseQueue.swift, DatabaseReader.swift, DatabaseRegion.swift, DatabaseRegionObservation.swift, DatabaseSchemaCache.swift, DatabaseSchemaSource.swift, DatabaseSnapshot.swift, DatabaseSnapshotPool.swift, DatabaseValue.swift, DatabaseValueConvertible.swift, DatabaseWriter.swift, DispatchQueueActor.swift, FetchRequest.swift, Row.swift, RowAdapter.swift, RowDecodingError.swift, SQL.swift, SQLInterpolation.swift, SQLRequest.swift, SchedulingWatchdog.swift, SerializedDatabase.swift, Statement.swift, StatementAuthorizer.swift, StatementColumnConvertible.swift, CGFloat.swift, Data.swift, DatabaseDateComponents.swift, DatabaseValueConvertible+ReferenceConvertible.swift, Date.swift, Decimal.swift, NSData.swift, NSNull.swift, NSNumber.swift, NSString.swift, SQLiteDateParser.swift, URL.swift, UUID.swift, DatabaseValueConvertible+Decodable.swift, DatabaseValueConvertible+Encodable.swift, DatabaseValueConvertible+RawRepresentable.swift, JSONRequiredEncoder.swift, Optional.swift, StandardLibrary.swift, TransactionClock.swift, TransactionObserver.swift, WALSnapshot.swift, WALSnapshotTransaction.swift, Database+Dump.swift, DatabaseReader+dump.swift, DumpFormat.swift, DebugDumpFormat.swift, JSONDumpFormat.swift, LineDumpFormat.swift, ListDumpFormat.swift, QuoteDumpFormat.swift, FTS3.swift, FTS3Pattern.swift, FTS3TokenizerDescriptor.swift, FTS4.swift, FTS5.swift, FTS5CustomTokenizer.swift, FTS5Pattern.swift, FTS5Tokenizer.swift, FTS5TokenizerDescriptor.swift, FTS5WrapperTokenizer.swift, Fixits.swift, JSONColumn.swift, SQLJSONExpressible.swift, SQLJSONFunctions.swift, DatabaseMigrator.swift, Migration.swift, FTS3+QueryInterface.swift, FTS5+QueryInterface.swift, ForeignKey.swift, Association.swift, AssociationAggregate.swift, BelongsToAssociation.swift, HasManyAssociation.swift, HasManyThroughAssociation.swift, HasOneAssociation.swift, HasOneThroughAssociation.swift, JoinAssociation.swift, CommonTableExpression.swift, QueryInterfaceRequest.swift, RequestProtocols.swift, Column.swift, DatabasePromise.swift, SQLAssociation.swift, SQLCollection.swift, SQLExpression.swift, SQLForeignKeyRequest.swift, SQLFunctions.swift, SQLOperators.swift, SQLOrdering.swift, SQLRelation.swift, SQLSelection.swift, SQLSubquery.swift, Table.swift, SQLColumnGenerator.swift, SQLGenerationContext.swift, SQLIndexGenerator.swift, SQLQueryGenerator.swift, SQLTableAlterationGenerator.swift, SQLTableGenerator.swift, TableAlias.swift, SQLInterpolation+QueryInterface.swift, ColumnDefinition.swift, Database+SchemaDefinition.swift, ForeignKeyDefinition.swift, IndexDefinition.swift, TableAlteration.swift, TableDefinition.swift, VirtualTableModule.swift, TableRecord+Association.swift, TableRecord+QueryInterfaceRequest.swift, EncodableRecord+Encodable.swift, EncodableRecord.swift, FetchableRecord+Decodable.swift, FetchableRecord+TableRecord.swift, FetchableRecord.swift, MutablePersistableRecord+DAO.swift, MutablePersistableRecord+Delete.swift, MutablePersistableRecord+Insert.swift, MutablePersistableRecord+Save.swift, MutablePersistableRecord+Update.swift, MutablePersistableRecord+Upsert.swift, MutablePersistableRecord.swift, PersistableRecord+Insert.swift, PersistableRecord+Save.swift, PersistableRecord+Upsert.swift, PersistableRecord.swift, Record.swift, TableRecord.swift, CaseInsensitiveIdentifier.swift, Inflections+English.swift, Inflections.swift, Mutex.swift, OnDemandFuture.swift, OrderedDictionary.swift, Pool.swift, ReadWriteLock.swift, ReceiveValuesOn.swift, Refinable.swift, Utils.swift, DatabaseCancellable.swift, ValueConcurrentObserver.swift, ValueWriteOnlyObserver.swift, Fetch.swift, Map.swift, RemoveDuplicates.swift, Trace.swift, ValueReducer.swift, SharedValueObservation.swift, ValueObservation.swift, ValueObservationScheduler.swift (in target 'GRDB' from project 'GRDB')

SwiftDriver\ Compilation\ Requirements GRDB normal arm64 com.apple.xcode.tools.swift.compiler (in target 'GRDB' from project 'GRDB')
    cd /Users/justinhou/Development/deepshelves/LocalMemory.xcodeproj
    builtin-Swift-Compilation-Requirements -- /Applications/Xcode.app/Contents/Developer/Toolchains/XcodeDefault.xctoolchain/usr/bin/swiftc -module-name GRDB -O -whole-module-optimization @/Users/justinhou/Development/deepshelves/.build/S6UIDerivedData/Build/Intermediates.noindex/GRDB.build/Release/GRDB.build/Objects-normal/arm64/GRDB.SwiftFileList -DSWIFT_PACKAGE -DSWIFT_MODULE_RESOURCE_BUNDLE_AVAILABLE -DSQLITE_ENABLE_FTS5 -DSQLITE_ENABLE_SNAPSHOT -DSQLITE_HAS_CODEC -DSQLCipher -DXcode -enable-upcoming-feature MemberImportVisibility -plugin-path /Applications/Xcode.app/Contents/Developer/Toolchains/XcodeDefault.xctoolchain/usr/lib/swift/host/plugins/testing -enable-experimental-feature DebugDescriptionMacro -sdk /Applications/Xcode.app/Contents/Developer/Platforms/MacOSX.platform/Developer/SDKs/MacOSX26.5.sdk -target arm64-apple-macos15.0 -g -module-cache-path /Users/justinhou/Development/deepshelves/.build/S6UIDerivedData/ModuleCache.noindex -Xfrontend -serialize-debugging-options -suppress-warnings -swift-version 6 -I /Users/justinhou/Development/deepshelves/.build/S6UIDerivedData/Build/Products/Release -Isystem /Applications/Xcode.app/Contents/Developer/Platforms/MacOSX.platform/Developer/usr/lib -F /Users/justinhou/Development/deepshelves/.build/S6UIDerivedData/Build/Products/Release/PackageFrameworks -F /Users/justinhou/Development/deepshelves/.build/S6UIDerivedData/Build/Products/Release -F /Applications/Xcode.app/Contents/Developer/Platforms/MacOSX.platform/Developer/Library/Frameworks -c -num-threads 12 -Xcc -ivfsstatcache -Xcc /Users/justinhou/Development/deepshelves/.build/S6UIDerivedData/SDKStatCaches.noindex/macosx26.5-25F70-e082c4a02f00227109f4ed75e425c832.sdkstatcache -output-file-map /Users/justinhou/Development/deepshelves/.build/S6UIDerivedData/Build/Intermediates.noindex/GRDB.build/Release/GRDB.build/Objects-normal/arm64/GRDB-OutputFileMap.json -use-frontend-parseable-output -save-temps -no-color-diagnostics -explicit-module-build -module-cache-path /Users/justinhou/Development/deepshelves/.build/S6UIDerivedData/Build/Intermediates.noindex/SwiftExplicitPrecompiledModules -clang-scanner-module-cache-path /Users/justinhou/Development/deepshelves/.build/S6UIDerivedData/ModuleCache.noindex -sdk-module-cache-path /Users/justinhou/Development/deepshelves/.build/S6UIDerivedData/ModuleCache.noindex -serialize-diagnostics -emit-dependencies -emit-module -emit-module-path /Users/justinhou/Development/deepshelves/.build/S6UIDerivedData/Build/Intermediates.noindex/GRDB.build/Release/GRDB.build/Objects-normal/arm64/GRDB.swiftmodule -validate-clang-modules-once -clang-build-session-file /Users/justinhou/Development/deepshelves/.build/S6UIDerivedData/ModuleCache.noindex/Session.modulevalidation -package-name grdb_swift_a285e4ca87ec6b3584c97b0ec25fc61fec02de60 -Xcc -I/Users/justinhou/Development/deepshelves/.build/S6UIDerivedData/Build/Intermediates.noindex/GRDB.build/Release/GRDB.build/swift-overrides.hmap -emit-const-values -Xfrontend -const-gather-protocols-file -Xfrontend /Users/justinhou/Development/deepshelves/.build/S6UIDerivedData/Build/Intermediates.noindex/GRDB.build/Release/GRDB.build/Objects-normal/arm64/GRDB_const_extract_protocols.json -Xcc -I/Users/justinhou/Development/deepshelves/.build/Dependencies/GRDB.swift-a285e4ca87ec6b3584c97b0ec25fc61fec02de60/Sources/GRDBSQLCipher/include -Xcc -I/Users/justinhou/Development/deepshelves/.build/S6UIDerivedData/Build/Products/Release/include -Xcc -I/Users/justinhou/Development/deepshelves/.build/S6UIDerivedData/Build/Intermediates.noindex/GRDB.build/Release/GRDB.build/DerivedSources-normal/arm64 -Xcc -I/Users/justinhou/Development/deepshelves/.build/S6UIDerivedData/Build/Intermediates.noindex/GRDB.build/Release/GRDB.build/DerivedSources/arm64 -Xcc -I/Users/justinhou/Development/deepshelves/.build/S6UIDerivedData/Build/Intermediates.noindex/GRDB.build/Release/GRDB.build/DerivedSources -Xcc -DSWIFT_PACKAGE -Xcc -DSQLITE_HAS_CODEC -emit-objc-header -emit-objc-header-path /Users/justinhou/Development/deepshelves/.build/S6UIDerivedData/Build/Intermediates.noindex/GRDB.build/Release/GRDB.build/Objects-normal/arm64/GRDB-Swift.h -working-directory /Users/justinhou/Development/deepshelves/LocalMemory.xcodeproj -no-emit-module-separately-wmo

SwiftMergeGeneratedHeaders /Users/justinhou/Development/deepshelves/.build/S6UIDerivedData/Build/Intermediates.noindex/GeneratedModuleMaps/GRDB-Swift.h /Users/justinhou/Development/deepshelves/.build/S6UIDerivedData/Build/Intermediates.noindex/GRDB.build/Release/GRDB.build/Objects-normal/arm64/GRDB-Swift.h (in target 'GRDB' from project 'GRDB')
    cd /Users/justinhou/Development/deepshelves/.build/Dependencies/GRDB.swift-a285e4ca87ec6b3584c97b0ec25fc61fec02de60
    builtin-swiftHeaderTool -arch arm64 /Users/justinhou/Development/deepshelves/.build/S6UIDerivedData/Build/Intermediates.noindex/GRDB.build/Release/GRDB.build/Objects-normal/arm64/GRDB-Swift.h -o /Users/justinhou/Development/deepshelves/.build/S6UIDerivedData/Build/Intermediates.noindex/GeneratedModuleMaps/GRDB-Swift.h

Copy /Users/justinhou/Development/deepshelves/.build/S6UIDerivedData/Build/Products/Release/GRDB.swiftmodule/arm64-apple-macos.abi.json /Users/justinhou/Development/deepshelves/.build/S6UIDerivedData/Build/Intermediates.noindex/GRDB.build/Release/GRDB.build/Objects-normal/arm64/GRDB.abi.json (in target 'GRDB' from project 'GRDB')
    cd /Users/justinhou/Development/deepshelves/.build/Dependencies/GRDB.swift-a285e4ca87ec6b3584c97b0ec25fc61fec02de60
    builtin-copy -exclude .DS_Store -exclude CVS -exclude .svn -exclude .git -exclude .hg -strip-unsigned-binaries -strip-deterministic -strip-tool /Applications/Xcode.app/Contents/Developer/Toolchains/XcodeDefault.xctoolchain/usr/bin/strip -resolve-src-symlinks -rename /Users/justinhou/Development/deepshelves/.build/S6UIDerivedData/Build/Intermediates.noindex/GRDB.build/Release/GRDB.build/Objects-normal/arm64/GRDB.abi.json /Users/justinhou/Development/deepshelves/.build/S6UIDerivedData/Build/Products/Release/GRDB.swiftmodule/arm64-apple-macos.abi.json

Copy /Users/justinhou/Development/deepshelves/.build/S6UIDerivedData/Build/Products/Release/GRDB.swiftmodule/arm64-apple-macos.swiftdoc /Users/justinhou/Development/deepshelves/.build/S6UIDerivedData/Build/Intermediates.noindex/GRDB.build/Release/GRDB.build/Objects-normal/arm64/GRDB.swiftdoc (in target 'GRDB' from project 'GRDB')
    cd /Users/justinhou/Development/deepshelves/.build/Dependencies/GRDB.swift-a285e4ca87ec6b3584c97b0ec25fc61fec02de60
    builtin-copy -exclude .DS_Store -exclude CVS -exclude .svn -exclude .git -exclude .hg -strip-unsigned-binaries -strip-deterministic -strip-tool /Applications/Xcode.app/Contents/Developer/Toolchains/XcodeDefault.xctoolchain/usr/bin/strip -resolve-src-symlinks -rename /Users/justinhou/Development/deepshelves/.build/S6UIDerivedData/Build/Intermediates.noindex/GRDB.build/Release/GRDB.build/Objects-normal/arm64/GRDB.swiftdoc /Users/justinhou/Development/deepshelves/.build/S6UIDerivedData/Build/Products/Release/GRDB.swiftmodule/arm64-apple-macos.swiftdoc

Copy /Users/justinhou/Development/deepshelves/.build/S6UIDerivedData/Build/Products/Release/GRDB.swiftmodule/arm64-apple-macos.swiftmodule /Users/justinhou/Development/deepshelves/.build/S6UIDerivedData/Build/Intermediates.noindex/GRDB.build/Release/GRDB.build/Objects-normal/arm64/GRDB.swiftmodule (in target 'GRDB' from project 'GRDB')
    cd /Users/justinhou/Development/deepshelves/.build/Dependencies/GRDB.swift-a285e4ca87ec6b3584c97b0ec25fc61fec02de60
    builtin-copy -exclude .DS_Store -exclude CVS -exclude .svn -exclude .git -exclude .hg -strip-unsigned-binaries -strip-deterministic -strip-tool /Applications/Xcode.app/Contents/Developer/Toolchains/XcodeDefault.xctoolchain/usr/bin/strip -resolve-src-symlinks -rename /Users/justinhou/Development/deepshelves/.build/S6UIDerivedData/Build/Intermediates.noindex/GRDB.build/Release/GRDB.build/Objects-normal/arm64/GRDB.swiftmodule /Users/justinhou/Development/deepshelves/.build/S6UIDerivedData/Build/Products/Release/GRDB.swiftmodule/arm64-apple-macos.swiftmodule

Copy /Users/justinhou/Development/deepshelves/.build/S6UIDerivedData/Build/Products/Release/GRDB.swiftmodule/Project/arm64-apple-macos.swiftsourceinfo /Users/justinhou/Development/deepshelves/.build/S6UIDerivedData/Build/Intermediates.noindex/GRDB.build/Release/GRDB.build/Objects-normal/arm64/GRDB.swiftsourceinfo (in target 'GRDB' from project 'GRDB')
    cd /Users/justinhou/Development/deepshelves/.build/Dependencies/GRDB.swift-a285e4ca87ec6b3584c97b0ec25fc61fec02de60
    builtin-copy -exclude .DS_Store -exclude CVS -exclude .svn -exclude .git -exclude .hg -strip-unsigned-binaries -strip-deterministic -strip-tool /Applications/Xcode.app/Contents/Developer/Toolchains/XcodeDefault.xctoolchain/usr/bin/strip -resolve-src-symlinks -rename /Users/justinhou/Development/deepshelves/.build/S6UIDerivedData/Build/Intermediates.noindex/GRDB.build/Release/GRDB.build/Objects-normal/arm64/GRDB.swiftsourceinfo /Users/justinhou/Development/deepshelves/.build/S6UIDerivedData/Build/Products/Release/GRDB.swiftmodule/Project/arm64-apple-macos.swiftsourceinfo

Ld /Users/justinhou/Development/deepshelves/.build/S6UIDerivedData/Build/Products/Release/GRDB.o normal (in target 'GRDB' from project 'GRDB')
    cd /Users/justinhou/Development/deepshelves/.build/Dependencies/GRDB.swift-a285e4ca87ec6b3584c97b0ec25fc61fec02de60
    /Applications/Xcode.app/Contents/Developer/Toolchains/XcodeDefault.xctoolchain/usr/bin/clang -Xlinker -reproducible -target arm64-apple-macos15.0 -r -isysroot /Applications/Xcode.app/Contents/Developer/Platforms/MacOSX.platform/Developer/SDKs/MacOSX26.5.sdk -Os -w -F/Users/justinhou/Development/deepshelves/.build/S6UIDerivedData/Build/Intermediates.noindex/EagerLinkingTBDs/Release -F/Users/justinhou/Development/deepshelves/.build/S6UIDerivedData/Build/Products/Release/PackageFrameworks -F/Users/justinhou/Development/deepshelves/.build/S6UIDerivedData/Build/Products/Release -iframework /Applications/Xcode.app/Contents/Developer/Platforms/MacOSX.platform/Developer/Library/Frameworks -filelist /Users/justinhou/Development/deepshelves/.build/S6UIDerivedData/Build/Intermediates.noindex/GRDB.build/Release/GRDB.build/Objects-normal/arm64/GRDB.LinkFileList -nostdlib -Xlinker -object_path_lto -Xlinker /Users/justinhou/Development/deepshelves/.build/S6UIDerivedData/Build/Intermediates.noindex/GRDB.build/Release/GRDB.build/Objects-normal/arm64/GRDB_lto.o -Xlinker -dependency_info -Xlinker /Users/justinhou/Development/deepshelves/.build/S6UIDerivedData/Build/Intermediates.noindex/GRDB.build/Release/GRDB.build/Objects-normal/arm64/GRDB_dependency_info.dat -fobjc-link-runtime -L/Applications/Xcode.app/Contents/Developer/Toolchains/XcodeDefault.xctoolchain/usr/lib/swift/macosx -L/usr/lib/swift -Xlinker -add_ast_path -Xlinker /Users/justinhou/Development/deepshelves/.build/S6UIDerivedData/Build/Intermediates.noindex/GRDB.build/Release/GRDB.build/Objects-normal/arm64/GRDB.swiftmodule @/Users/justinhou/Development/deepshelves/.build/S6UIDerivedData/Build/Intermediates.noindex/GRDB.build/Release/GRDB.build/Objects-normal/arm64/GRDB-linker-args.resp -o /Users/justinhou/Development/deepshelves/.build/S6UIDerivedData/Build/Products/Release/GRDB.o

SwiftDriver MemoryStore normal arm64 com.apple.xcode.tools.swift.compiler (in target 'MemoryStore' from project 'MemoryStore')
    cd /Users/justinhou/Development/deepshelves/LocalMemory.xcodeproj
    builtin-SwiftDriver -- /Applications/Xcode.app/Contents/Developer/Toolchains/XcodeDefault.xctoolchain/usr/bin/swiftc -module-name MemoryStore -O -whole-module-optimization @/Users/justinhou/Development/deepshelves/.build/S6UIDerivedData/Build/Intermediates.noindex/MemoryStore.build/Release/MemoryStore.build/Objects-normal/arm64/MemoryStore.SwiftFileList -DSWIFT_PACKAGE -DSWIFT_MODULE_RESOURCE_BUNDLE_UNAVAILABLE -DXcode -plugin-path /Applications/Xcode.app/Contents/Developer/Toolchains/XcodeDefault.xctoolchain/usr/lib/swift/host/plugins/testing -enable-experimental-feature DebugDescriptionMacro -sdk /Applications/Xcode.app/Contents/Developer/Platforms/MacOSX.platform/Developer/SDKs/MacOSX26.5.sdk -target arm64-apple-macos15.0 -g -module-cache-path /Users/justinhou/Development/deepshelves/.build/S6UIDerivedData/ModuleCache.noindex -Xfrontend -serialize-debugging-options -swift-version 6 -I /Users/justinhou/Development/deepshelves/.build/S6UIDerivedData/Build/Products/Release -Isystem /Applications/Xcode.app/Contents/Developer/Platforms/MacOSX.platform/Developer/usr/lib -F /Users/justinhou/Development/deepshelves/.build/S6UIDerivedData/Build/Products/Release/PackageFrameworks -F /Users/justinhou/Development/deepshelves/.build/S6UIDerivedData/Build/Products/Release/PackageFrameworks -F /Users/justinhou/Development/deepshelves/.build/S6UIDerivedData/Build/Products/Release -F /Applications/Xcode.app/Contents/Developer/Platforms/MacOSX.platform/Developer/Library/Frameworks -c -num-threads 12 -Xcc -ivfsstatcache -Xcc /Users/justinhou/Development/deepshelves/.build/S6UIDerivedData/SDKStatCaches.noindex/macosx26.5-25F70-e082c4a02f00227109f4ed75e425c832.sdkstatcache -output-file-map /Users/justinhou/Development/deepshelves/.build/S6UIDerivedData/Build/Intermediates.noindex/MemoryStore.build/Release/MemoryStore.build/Objects-normal/arm64/MemoryStore-OutputFileMap.json -use-frontend-parseable-output -save-temps -no-color-diagnostics -explicit-module-build -module-cache-path /Users/justinhou/Development/deepshelves/.build/S6UIDerivedData/Build/Intermediates.noindex/SwiftExplicitPrecompiledModules -clang-scanner-module-cache-path /Users/justinhou/Development/deepshelves/.build/S6UIDerivedData/ModuleCache.noindex -sdk-module-cache-path /Users/justinhou/Development/deepshelves/.build/S6UIDerivedData/ModuleCache.noindex -serialize-diagnostics -emit-dependencies -emit-module -emit-module-path /Users/justinhou/Development/deepshelves/.build/S6UIDerivedData/Build/Intermediates.noindex/MemoryStore.build/Release/MemoryStore.build/Objects-normal/arm64/MemoryStore.swiftmodule -validate-clang-modules-once -clang-build-session-file /Users/justinhou/Development/deepshelves/.build/S6UIDerivedData/ModuleCache.noindex/Session.modulevalidation -package-name memorystore -Xcc -I/Users/justinhou/Development/deepshelves/.build/S6UIDerivedData/Build/Intermediates.noindex/MemoryStore.build/Release/MemoryStore.build/swift-overrides.hmap -emit-const-values -Xfrontend -const-gather-protocols-file -Xfrontend /Users/justinhou/Development/deepshelves/.build/S6UIDerivedData/Build/Intermediates.noindex/MemoryStore.build/Release/MemoryStore.build/Objects-normal/arm64/MemoryStore_const_extract_protocols.json -Xcc -I/Users/justinhou/Development/deepshelves/.build/Dependencies/GRDB.swift-a285e4ca87ec6b3584c97b0ec25fc61fec02de60/Sources/GRDBSQLCipher/include -Xcc -I/Users/justinhou/Development/deepshelves/.build/S6UIDerivedData/Build/Products/Release/include -Xcc -I/Users/justinhou/Development/deepshelves/.build/S6UIDerivedData/Build/Intermediates.noindex/MemoryStore.build/Release/MemoryStore.build/DerivedSources-normal/arm64 -Xcc -I/Users/justinhou/Development/deepshelves/.build/S6UIDerivedData/Build/Intermediates.noindex/MemoryStore.build/Release/MemoryStore.build/DerivedSources/arm64 -Xcc -I/Users/justinhou/Development/deepshelves/.build/S6UIDerivedData/Build/Intermediates.noindex/MemoryStore.build/Release/MemoryStore.build/DerivedSources -Xcc -DSWIFT_PACKAGE -emit-objc-header -emit-objc-header-path /Users/justinhou/Development/deepshelves/.build/S6UIDerivedData/Build/Intermediates.noindex/MemoryStore.build/Release/MemoryStore.build/Objects-normal/arm64/MemoryStore-Swift.h -working-directory /Users/justinhou/Development/deepshelves/LocalMemory.xcodeproj -no-emit-module-separately-wmo

ExtractAppIntentsMetadata (in target 'GRDB' from project 'GRDB')
    cd /Users/justinhou/Development/deepshelves/.build/Dependencies/GRDB.swift-a285e4ca87ec6b3584c97b0ec25fc61fec02de60
    /Applications/Xcode.app/Contents/Developer/Toolchains/XcodeDefault.xctoolchain/usr/bin/appintentsmetadataprocessor --toolchain-dir /Applications/Xcode.app/Contents/Developer/Toolchains/XcodeDefault.xctoolchain --module-name GRDB --sdk-root /Applications/Xcode.app/Contents/Developer/Platforms/MacOSX.platform/Developer/SDKs/MacOSX26.5.sdk --xcode-version 17F42 --platform-family macOS --deployment-target 15.0 --bundle-identifier grdb.swift-a285e4ca87ec6b3584c97b0ec25fc61fec02de60.GRDB --output /Users/justinhou/Development/deepshelves/.build/S6UIDerivedData/Build/Products/Release/GRDB.appintents --target-triple arm64-apple-macos15.0 --binary-file /Users/justinhou/Development/deepshelves/.build/S6UIDerivedData/Build/Products/Release/GRDB.o --dependency-file /Users/justinhou/Development/deepshelves/.build/S6UIDerivedData/Build/Intermediates.noindex/GRDB.build/Release/GRDB.build/Objects-normal/arm64/GRDB_dependency_info.dat --stringsdata-file /Users/justinhou/Development/deepshelves/.build/S6UIDerivedData/Build/Intermediates.noindex/GRDB.build/Release/GRDB.build/Objects-normal/arm64/ExtractedAppShortcutsMetadata.stringsdata --source-file-list /Users/justinhou/Development/deepshelves/.build/S6UIDerivedData/Build/Intermediates.noindex/GRDB.build/Release/GRDB.build/Objects-normal/arm64/GRDB.SwiftFileList --metadata-file-list /Users/justinhou/Development/deepshelves/.build/S6UIDerivedData/Build/Intermediates.noindex/GRDB.build/Release/GRDB.build/GRDB.DependencyMetadataFileList --static-metadata-file-list /Users/justinhou/Development/deepshelves/.build/S6UIDerivedData/Build/Intermediates.noindex/GRDB.build/Release/GRDB.build/GRDB.DependencyStaticMetadataFileList --swift-const-vals-list /Users/justinhou/Development/deepshelves/.build/S6UIDerivedData/Build/Intermediates.noindex/GRDB.build/Release/GRDB.build/Objects-normal/arm64/GRDB.SwiftConstValuesFileList --force --compile-time-extraction --deployment-aware-processing --validate-assistant-intents --no-app-shortcuts-localization
2026-08-28 00:27:16.537 appintentsmetadataprocessor[37879:22995770] Starting appintentsmetadataprocessor export
2026-08-28 00:27:16.558 appintentsmetadataprocessor[37879:22995770] Extracted no relevant App Intents symbols, skipping writing output

RegisterExecutionPolicyException /Users/justinhou/Development/deepshelves/.build/S6UIDerivedData/Build/Products/Release/GRDB.o (in target 'GRDB' from project 'GRDB')
    cd /Users/justinhou/Development/deepshelves/.build/Dependencies/GRDB.swift-a285e4ca87ec6b3584c97b0ec25fc61fec02de60
    builtin-RegisterExecutionPolicyException /Users/justinhou/Development/deepshelves/.build/S6UIDerivedData/Build/Products/Release/GRDB.o

SwiftDriver\ Compilation MemoryStore normal arm64 com.apple.xcode.tools.swift.compiler (in target 'MemoryStore' from project 'MemoryStore')
    cd /Users/justinhou/Development/deepshelves/LocalMemory.xcodeproj
    builtin-Swift-Compilation -- /Applications/Xcode.app/Contents/Developer/Toolchains/XcodeDefault.xctoolchain/usr/bin/swiftc -module-name MemoryStore -O -whole-module-optimization @/Users/justinhou/Development/deepshelves/.build/S6UIDerivedData/Build/Intermediates.noindex/MemoryStore.build/Release/MemoryStore.build/Objects-normal/arm64/MemoryStore.SwiftFileList -DSWIFT_PACKAGE -DSWIFT_MODULE_RESOURCE_BUNDLE_UNAVAILABLE -DXcode -plugin-path /Applications/Xcode.app/Contents/Developer/Toolchains/XcodeDefault.xctoolchain/usr/lib/swift/host/plugins/testing -enable-experimental-feature DebugDescriptionMacro -sdk /Applications/Xcode.app/Contents/Developer/Platforms/MacOSX.platform/Developer/SDKs/MacOSX26.5.sdk -target arm64-apple-macos15.0 -g -module-cache-path /Users/justinhou/Development/deepshelves/.build/S6UIDerivedData/ModuleCache.noindex -Xfrontend -serialize-debugging-options -swift-version 6 -I /Users/justinhou/Development/deepshelves/.build/S6UIDerivedData/Build/Products/Release -Isystem /Applications/Xcode.app/Contents/Developer/Platforms/MacOSX.platform/Developer/usr/lib -F /Users/justinhou/Development/deepshelves/.build/S6UIDerivedData/Build/Products/Release/PackageFrameworks -F /Users/justinhou/Development/deepshelves/.build/S6UIDerivedData/Build/Products/Release/PackageFrameworks -F /Users/justinhou/Development/deepshelves/.build/S6UIDerivedData/Build/Products/Release -F /Applications/Xcode.app/Contents/Developer/Platforms/MacOSX.platform/Developer/Library/Frameworks -c -num-threads 12 -Xcc -ivfsstatcache -Xcc /Users/justinhou/Development/deepshelves/.build/S6UIDerivedData/SDKStatCaches.noindex/macosx26.5-25F70-e082c4a02f00227109f4ed75e425c832.sdkstatcache -output-file-map /Users/justinhou/Development/deepshelves/.build/S6UIDerivedData/Build/Intermediates.noindex/MemoryStore.build/Release/MemoryStore.build/Objects-normal/arm64/MemoryStore-OutputFileMap.json -use-frontend-parseable-output -save-temps -no-color-diagnostics -explicit-module-build -module-cache-path /Users/justinhou/Development/deepshelves/.build/S6UIDerivedData/Build/Intermediates.noindex/SwiftExplicitPrecompiledModules -clang-scanner-module-cache-path /Users/justinhou/Development/deepshelves/.build/S6UIDerivedData/ModuleCache.noindex -sdk-module-cache-path /Users/justinhou/Development/deepshelves/.build/S6UIDerivedData/ModuleCache.noindex -serialize-diagnostics -emit-dependencies -emit-module -emit-module-path /Users/justinhou/Development/deepshelves/.build/S6UIDerivedData/Build/Intermediates.noindex/MemoryStore.build/Release/MemoryStore.build/Objects-normal/arm64/MemoryStore.swiftmodule -validate-clang-modules-once -clang-build-session-file /Users/justinhou/Development/deepshelves/.build/S6UIDerivedData/ModuleCache.noindex/Session.modulevalidation -package-name memorystore -Xcc -I/Users/justinhou/Development/deepshelves/.build/S6UIDerivedData/Build/Intermediates.noindex/MemoryStore.build/Release/MemoryStore.build/swift-overrides.hmap -emit-const-values -Xfrontend -const-gather-protocols-file -Xfrontend /Users/justinhou/Development/deepshelves/.build/S6UIDerivedData/Build/Intermediates.noindex/MemoryStore.build/Release/MemoryStore.build/Objects-normal/arm64/MemoryStore_const_extract_protocols.json -Xcc -I/Users/justinhou/Development/deepshelves/.build/Dependencies/GRDB.swift-a285e4ca87ec6b3584c97b0ec25fc61fec02de60/Sources/GRDBSQLCipher/include -Xcc -I/Users/justinhou/Development/deepshelves/.build/S6UIDerivedData/Build/Products/Release/include -Xcc -I/Users/justinhou/Development/deepshelves/.build/S6UIDerivedData/Build/Intermediates.noindex/MemoryStore.build/Release/MemoryStore.build/DerivedSources-normal/arm64 -Xcc -I/Users/justinhou/Development/deepshelves/.build/S6UIDerivedData/Build/Intermediates.noindex/MemoryStore.build/Release/MemoryStore.build/DerivedSources/arm64 -Xcc -I/Users/justinhou/Development/deepshelves/.build/S6UIDerivedData/Build/Intermediates.noindex/MemoryStore.build/Release/MemoryStore.build/DerivedSources -Xcc -DSWIFT_PACKAGE -emit-objc-header -emit-objc-header-path /Users/justinhou/Development/deepshelves/.build/S6UIDerivedData/Build/Intermediates.noindex/MemoryStore.build/Release/MemoryStore.build/Objects-normal/arm64/MemoryStore-Swift.h -working-directory /Users/justinhou/Development/deepshelves/LocalMemory.xcodeproj -no-emit-module-separately-wmo

SwiftExplicitDependencyGeneratePcm arm64 /Users/justinhou/Development/deepshelves/.build/S6UIDerivedData/Build/Intermediates.noindex/SwiftExplicitPrecompiledModules/SQLCipher-DO7VGIPS92PIPTHGWZ06DK398.pcm

SwiftExplicitDependencyGeneratePcm arm64 /Users/justinhou/Development/deepshelves/.build/S6UIDerivedData/ModuleCache.noindex/string_h-58NNLT3GPA28VAJ16IF1TDN51.pcm

SwiftExplicitDependencyGeneratePcm arm64 /Users/justinhou/Development/deepshelves/.build/S6UIDerivedData/Build/Intermediates.noindex/SwiftExplicitPrecompiledModules/GRDBSQLCipher-EH75YXGVEGCAVBVNQRG9REC7A.pcm

SwiftCompile normal arm64 Compiling\ LM008StoreDefaults.swift,\ MemoryStore.swift,\ S5CrashRecoveryModel.swift,\ S5SpikeRunner.swift,\ SQLCipherSpikeDatabase.swift,\ SharedKeychainKeyStore.swift /Users/justinhou/Development/deepshelves/Packages/MemoryStore/Sources/MemoryStore/LM008StoreDefaults.swift /Users/justinhou/Development/deepshelves/Packages/MemoryStore/Sources/MemoryStore/MemoryStore.swift /Users/justinhou/Development/deepshelves/Packages/MemoryStore/Sources/MemoryStore/S5CrashRecoveryModel.swift /Users/justinhou/Development/deepshelves/Packages/MemoryStore/Sources/MemoryStore/S5SpikeRunner.swift /Users/justinhou/Development/deepshelves/Packages/MemoryStore/Sources/MemoryStore/SQLCipherSpikeDatabase.swift /Users/justinhou/Development/deepshelves/Packages/MemoryStore/Sources/MemoryStore/SharedKeychainKeyStore.swift /Applications/Xcode.app/Contents/Developer/Toolchains/XcodeDefault.xctoolchain/usr/lib/swift/macosx/prebuilt-modules/26.5/_StringProcessing.swiftmodule/arm64e-apple-macos.swiftmodule /Applications/Xcode.app/Contents/Developer/Toolchains/XcodeDefault.xctoolchain/usr/lib/swift/macosx/prebuilt-modules/26.5/Foundation.swiftmodule/arm64e-apple-macos.swiftmodule /Applications/Xcode.app/Contents/Developer/Toolchains/XcodeDefault.xctoolchain/usr/lib/swift/macosx/prebuilt-modules/26.5/Combine.swiftmodule/arm64e-apple-macos.swiftmodule /Applications/Xcode.app/Contents/Developer/Toolchains/XcodeDefault.xctoolchain/usr/lib/swift/macosx/prebuilt-modules/26.5/_Builtin_float.swiftmodule/arm64e-apple-macos.swiftmodule /Applications/Xcode.app/Contents/Developer/Toolchains/XcodeDefault.xctoolchain/usr/lib/swift/macosx/prebuilt-modules/26.5/Dispatch.swiftmodule/arm64e-apple-macos.swiftmodule /Applications/Xcode.app/Contents/Developer/Toolchains/XcodeDefault.xctoolchain/usr/lib/swift/macosx/prebuilt-modules/26.5/LocalAuthentication.swiftmodule/arm64e-apple-macos.swiftmodule /Applications/Xcode.app/Contents/Developer/Toolchains/XcodeDefault.xctoolchain/usr/lib/swift/macosx/prebuilt-modules/26.5/Swift.swiftmodule/arm64e-apple-macos.swiftmodule /Applications/Xcode.app/Contents/Developer/Toolchains/XcodeDefault.xctoolchain/usr/lib/swift/macosx/prebuilt-modules/26.5/ObjectiveC.swiftmodule/arm64e-apple-macos.swiftmodule /Applications/Xcode.app/Contents/Developer/Toolchains/XcodeDefault.xctoolchain/usr/lib/swift/macosx/prebuilt-modules/26.5/System.swiftmodule/arm64e-apple-macos.swiftmodule /Applications/Xcode.app/Contents/Developer/Toolchains/XcodeDefault.xctoolchain/usr/lib/swift/macosx/prebuilt-modules/26.5/_DarwinFoundation1.swiftmodule/arm64e-apple-macos.swiftmodule /Applications/Xcode.app/Contents/Developer/Toolchains/XcodeDefault.xctoolchain/usr/lib/swift/macosx/prebuilt-modules/26.5/Observation.swiftmodule/arm64e-apple-macos.swiftmodule /Users/justinhou/Development/deepshelves/.build/S6UIDerivedData/Build/Products/Release/GRDB.swiftmodule/arm64-apple-macos.swiftmodule /Applications/Xcode.app/Contents/Developer/Toolchains/XcodeDefault.xctoolchain/usr/lib/swift/macosx/prebuilt-modules/26.5/XPC.swiftmodule/arm64e-apple-macos.swiftmodule /Applications/Xcode.app/Contents/Developer/Toolchains/XcodeDefault.xctoolchain/usr/lib/swift/macosx/prebuilt-modules/26.5/IOKit.swiftmodule/arm64e-apple-macos.swiftmodule /Applications/Xcode.app/Contents/Developer/Toolchains/XcodeDefault.xctoolchain/usr/lib/swift/macosx/prebuilt-modules/26.5/_Concurrency.swiftmodule/arm64e-apple-macos.swiftmodule /Applications/Xcode.app/Contents/Developer/Toolchains/XcodeDefault.xctoolchain/usr/lib/swift/macosx/prebuilt-modules/26.5/CoreGraphics.swiftmodule/arm64e-apple-macos.swiftmodule /Applications/Xcode.app/Contents/Developer/Toolchains/XcodeDefault.xctoolchain/usr/lib/swift/macosx/prebuilt-modules/26.5/_DarwinFoundation3.swiftmodule/arm64e-apple-macos.swiftmodule /Applications/Xcode.app/Contents/Developer/Toolchains/XcodeDefault.xctoolchain/usr/lib/swift/macosx/prebuilt-modules/26.5/Darwin.swiftmodule/arm64e-apple-macos.swiftmodule /Applications/Xcode.app/Contents/Developer/Toolchains/XcodeDefault.xctoolchain/usr/lib/swift/macosx/prebuilt-modules/26.5/_DarwinFoundation2.swiftmodule/arm64e-apple-macos.swiftmodule /Applications/Xcode.app/Contents/Developer/Toolchains/XcodeDefault.xctoolchain/usr/lib/swift/macosx/prebuilt-modules/26.5/CryptoKit.swiftmodule/arm64e-apple-macos.swiftmodule /Applications/Xcode.app/Contents/Developer/Toolchains/XcodeDefault.xctoolchain/usr/lib/swift/macosx/prebuilt-modules/26.5/CoreFoundation.swiftmodule/arm64e-apple-macos.swiftmodule /Users/justinhou/Development/deepshelves/.build/S6UIDerivedData/ModuleCache.noindex/_SwiftConcurrencyShims-CH1KBS6290COIJMCS4989SGFS.pcm /Users/justinhou/Development/deepshelves/.build/S6UIDerivedData/ModuleCache.noindex/CoreServices-94HDAF99SWLDQYSA6W0DI2HLL.pcm /Users/justinhou/Development/deepshelves/.build/S6UIDerivedData/ModuleCache.noindex/os_workgroup-BD705NBEJ36WD4BWFJ3FK2860.pcm /Users/justinhou/Development/deepshelves/.build/S6UIDerivedData/ModuleCache.noindex/MachO-D0MJZQ3KJ3198R4G09X6DFUSY.pcm /Users/justinhou/Development/deepshelves/.build/S6UIDerivedData/ModuleCache.noindex/os_object-YW92G87SLUH220HIK1RI9Z0O.pcm /Users/justinhou/Development/deepshelves/.build/S6UIDerivedData/ModuleCache.noindex/_Builtin_stddef-40KSMIDXTJSEVK3IYCOROCCCD.pcm /Users/justinhou/Development/deepshelves/.build/S6UIDerivedData/ModuleCache.noindex/Foundation-2VHSUWP8P9A4WKZYBVCOUFYLO.pcm /Users/justinhou/Development/deepshelves/.build/S6UIDerivedData/ModuleCache.noindex/Dispatch-B6JOXELDT1JPK9YQRI5AD2L4H.pcm /Users/justinhou/Development/deepshelves/.build/S6UIDerivedData/ModuleCache.noindex/CFNetwork-88XF24CUKM8246HVABG97LPBX.pcm /Users/justinhou/Development/deepshelves/.build/S6UIDerivedData/ModuleCache.noindex/_AvailabilityInternal-SLS2H2FWK2Q18I8764YEN9Y4.pcm /Users/justinhou/Development/deepshelves/.build/S6UIDerivedData/ModuleCache.noindex/LocalAuthentication-X7V9QF75FE7I6Z8QNPNE9B6W.pcm /Users/justinhou/Development/deepshelves/.build/S6UIDerivedData/Build/Intermediates.noindex/SwiftExplicitPrecompiledModules/GRDBSQLCipher-EH75YXGVEGCAVBVNQRG9REC7A.pcm /Users/justinhou/Development/deepshelves/.build/S6UIDerivedData/ModuleCache.noindex/string_h-58NNLT3GPA28VAJ16IF1TDN51.pcm /Users/justinhou/Development/deepshelves/.build/S6UIDerivedData/ModuleCache.noindex/_Builtin_float-40VYNGR6QHESEDVMGLQZI7AKN.pcm /Users/justinhou/Development/deepshelves/.build/S6UIDerivedData/ModuleCache.noindex/SwiftShims-4J4KS9JCAE12Q8BGJOF9DUGAY.pcm /Users/justinhou/Development/deepshelves/.build/S6UIDerivedData/ModuleCache.noindex/_DarwinFoundation2-A0DWH9UJ3FXC1ABTLP2R9KHRE.pcm /Users/justinhou/Development/deepshelves/.build/S6UIDerivedData/ModuleCache.noindex/_DarwinFoundation3-8F2OQ5KKDKBGGKU1VI04MIVTH.pcm /Users/justinhou/Development/deepshelves/.build/S6UIDerivedData/ModuleCache.noindex/ObjectiveC-5HXK3F6U8OZOMN41CJYCML6K3.pcm /Users/justinhou/Development/deepshelves/.build/S6UIDerivedData/ModuleCache.noindex/CoreGraphics-1SUMBJY9WO7DSQRTCVF27RBU3.pcm /Users/justinhou/Development/deepshelves/.build/S6UIDerivedData/ModuleCache.noindex/libDER-1JXZ1NDNQEE1ADW9DY3LMDN9B.pcm /Users/justinhou/Development/deepshelves/.build/S6UIDerivedData/ModuleCache.noindex/ptrcheck-4KNEPMI1AIWZN7PNET0ZCAY3E.pcm /Users/justinhou/Development/deepshelves/.build/S6UIDerivedData/ModuleCache.noindex/_Builtin_stdbool-EVJQ2MNUYHHKBKJ073TSMY0FX.pcm /Users/justinhou/Development/deepshelves/.build/S6UIDerivedData/ModuleCache.noindex/_Builtin_inttypes-3Q0EMPEG0374STTYMSL8FG6SI.pcm /Users/justinhou/Development/deepshelves/.build/S6UIDerivedData/ModuleCache.noindex/launch-DKVPBP6NJS3395QUQPM9E40X5.pcm /Users/justinhou/Development/deepshelves/.build/S6UIDerivedData/ModuleCache.noindex/_Builtin_stdarg-D1Z9JQGZ94QRNGPKVE9HC1PTM.pcm /Users/justinhou/Development/deepshelves/.build/S6UIDerivedData/ModuleCache.noindex/DiskArbitration-9BWG2GSF1JSQSW3DYYIFKERS8.pcm /Users/justinhou/Development/deepshelves/.build/S6UIDerivedData/ModuleCache.noindex/XPC-BE77FD41IQ177V8DWQED9OENQ.pcm /Users/justinhou/Development/deepshelves/.build/S6UIDerivedData/ModuleCache.noindex/Security-9UEC4BNZMBATX8U89M55KSFDL.pcm /Users/justinhou/Development/deepshelves/.build/S6UIDerivedData/ModuleCache.noindex/ptrauth-9S6KEEQ5U81N2UX1SD0INVJL2.pcm /Users/justinhou/Development/deepshelves/.build/S6UIDerivedData/ModuleCache.noindex/IOKit-5Q02SDGFZ0X9ELPWSCSZO8P8M.pcm /Users/justinhou/Development/deepshelves/.build/S6UIDerivedData/ModuleCache.noindex/_Builtin_limits-BLBK0JRXN7VTIFMJ363I17H1D.pcm /Users/justinhou/Development/deepshelves/.build/S6UIDerivedData/ModuleCache.noindex/sys_types-7KGQUP4B156QJPWFWM83LFTOK.pcm /Users/justinhou/Development/deepshelves/.build/S6UIDerivedData/ModuleCache.noindex/libkern-BIE1GKOREEGC4MFTLRR8ZTXC1.pcm /Users/justinhou/Development/deepshelves/.build/S6UIDerivedData/ModuleCache.noindex/Darwin-EQQLXKFXD73ES6G5RFBGYGZON.pcm /Users/justinhou/Development/deepshelves/.build/S6UIDerivedData/ModuleCache.noindex/_DarwinFoundation1-BAV25RC78I4PPONK89LLEV943.pcm /Users/justinhou/Development/deepshelves/.build/S6UIDerivedData/ModuleCache.noindex/_Builtin_stdint-3CSVBGL2D0ZM7JC3HNJDMZTER.pcm /Users/justinhou/Development/deepshelves/.build/S6UIDerivedData/Build/Intermediates.noindex/SwiftExplicitPrecompiledModules/SQLCipher-DO7VGIPS92PIPTHGWZ06DK398.pcm /Users/justinhou/Development/deepshelves/.build/S6UIDerivedData/ModuleCache.noindex/CoreFoundation-AE3EDF0G3IJMR0JV7RWCYTSST.pcm /Users/justinhou/Development/deepshelves/.build/S6UIDerivedData/Build/Intermediates.noindex/MemoryStore.build/Release/MemoryStore.build/Objects-normal/arm64/MemoryStore-dependencies-1.json (in target 'MemoryStore' from project 'MemoryStore')

CompileSwift normal arm64 (in target 'MemoryStore' from project 'MemoryStore')
    cd /Users/justinhou/Development/deepshelves/LocalMemory.xcodeproj


SwiftDriverJobDiscovery normal arm64 Compiling LM008StoreDefaults.swift, MemoryStore.swift, S5CrashRecoveryModel.swift, S5SpikeRunner.swift, SQLCipherSpikeDatabase.swift, SharedKeychainKeyStore.swift (in target 'MemoryStore' from project 'MemoryStore')

SwiftDriver\ Compilation\ Requirements MemoryStore normal arm64 com.apple.xcode.tools.swift.compiler (in target 'MemoryStore' from project 'MemoryStore')
    cd /Users/justinhou/Development/deepshelves/LocalMemory.xcodeproj
    builtin-Swift-Compilation-Requirements -- /Applications/Xcode.app/Contents/Developer/Toolchains/XcodeDefault.xctoolchain/usr/bin/swiftc -module-name MemoryStore -O -whole-module-optimization @/Users/justinhou/Development/deepshelves/.build/S6UIDerivedData/Build/Intermediates.noindex/MemoryStore.build/Release/MemoryStore.build/Objects-normal/arm64/MemoryStore.SwiftFileList -DSWIFT_PACKAGE -DSWIFT_MODULE_RESOURCE_BUNDLE_UNAVAILABLE -DXcode -plugin-path /Applications/Xcode.app/Contents/Developer/Toolchains/XcodeDefault.xctoolchain/usr/lib/swift/host/plugins/testing -enable-experimental-feature DebugDescriptionMacro -sdk /Applications/Xcode.app/Contents/Developer/Platforms/MacOSX.platform/Developer/SDKs/MacOSX26.5.sdk -target arm64-apple-macos15.0 -g -module-cache-path /Users/justinhou/Development/deepshelves/.build/S6UIDerivedData/ModuleCache.noindex -Xfrontend -serialize-debugging-options -swift-version 6 -I /Users/justinhou/Development/deepshelves/.build/S6UIDerivedData/Build/Products/Release -Isystem /Applications/Xcode.app/Contents/Developer/Platforms/MacOSX.platform/Developer/usr/lib -F /Users/justinhou/Development/deepshelves/.build/S6UIDerivedData/Build/Products/Release/PackageFrameworks -F /Users/justinhou/Development/deepshelves/.build/S6UIDerivedData/Build/Products/Release/PackageFrameworks -F /Users/justinhou/Development/deepshelves/.build/S6UIDerivedData/Build/Products/Release -F /Applications/Xcode.app/Contents/Developer/Platforms/MacOSX.platform/Developer/Library/Frameworks -c -num-threads 12 -Xcc -ivfsstatcache -Xcc /Users/justinhou/Development/deepshelves/.build/S6UIDerivedData/SDKStatCaches.noindex/macosx26.5-25F70-e082c4a02f00227109f4ed75e425c832.sdkstatcache -output-file-map /Users/justinhou/Development/deepshelves/.build/S6UIDerivedData/Build/Intermediates.noindex/MemoryStore.build/Release/MemoryStore.build/Objects-normal/arm64/MemoryStore-OutputFileMap.json -use-frontend-parseable-output -save-temps -no-color-diagnostics -explicit-module-build -module-cache-path /Users/justinhou/Development/deepshelves/.build/S6UIDerivedData/Build/Intermediates.noindex/SwiftExplicitPrecompiledModules -clang-scanner-module-cache-path /Users/justinhou/Development/deepshelves/.build/S6UIDerivedData/ModuleCache.noindex -sdk-module-cache-path /Users/justinhou/Development/deepshelves/.build/S6UIDerivedData/ModuleCache.noindex -serialize-diagnostics -emit-dependencies -emit-module -emit-module-path /Users/justinhou/Development/deepshelves/.build/S6UIDerivedData/Build/Intermediates.noindex/MemoryStore.build/Release/MemoryStore.build/Objects-normal/arm64/MemoryStore.swiftmodule -validate-clang-modules-once -clang-build-session-file /Users/justinhou/Development/deepshelves/.build/S6UIDerivedData/ModuleCache.noindex/Session.modulevalidation -package-name memorystore -Xcc -I/Users/justinhou/Development/deepshelves/.build/S6UIDerivedData/Build/Intermediates.noindex/MemoryStore.build/Release/MemoryStore.build/swift-overrides.hmap -emit-const-values -Xfrontend -const-gather-protocols-file -Xfrontend /Users/justinhou/Development/deepshelves/.build/S6UIDerivedData/Build/Intermediates.noindex/MemoryStore.build/Release/MemoryStore.build/Objects-normal/arm64/MemoryStore_const_extract_protocols.json -Xcc -I/Users/justinhou/Development/deepshelves/.build/Dependencies/GRDB.swift-a285e4ca87ec6b3584c97b0ec25fc61fec02de60/Sources/GRDBSQLCipher/include -Xcc -I/Users/justinhou/Development/deepshelves/.build/S6UIDerivedData/Build/Products/Release/include -Xcc -I/Users/justinhou/Development/deepshelves/.build/S6UIDerivedData/Build/Intermediates.noindex/MemoryStore.build/Release/MemoryStore.build/DerivedSources-normal/arm64 -Xcc -I/Users/justinhou/Development/deepshelves/.build/S6UIDerivedData/Build/Intermediates.noindex/MemoryStore.build/Release/MemoryStore.build/DerivedSources/arm64 -Xcc -I/Users/justinhou/Development/deepshelves/.build/S6UIDerivedData/Build/Intermediates.noindex/MemoryStore.build/Release/MemoryStore.build/DerivedSources -Xcc -DSWIFT_PACKAGE -emit-objc-header -emit-objc-header-path /Users/justinhou/Development/deepshelves/.build/S6UIDerivedData/Build/Intermediates.noindex/MemoryStore.build/Release/MemoryStore.build/Objects-normal/arm64/MemoryStore-Swift.h -working-directory /Users/justinhou/Development/deepshelves/LocalMemory.xcodeproj -no-emit-module-separately-wmo

SwiftMergeGeneratedHeaders /Users/justinhou/Development/deepshelves/.build/S6UIDerivedData/Build/Intermediates.noindex/GeneratedModuleMaps/MemoryStore-Swift.h /Users/justinhou/Development/deepshelves/.build/S6UIDerivedData/Build/Intermediates.noindex/MemoryStore.build/Release/MemoryStore.build/Objects-normal/arm64/MemoryStore-Swift.h (in target 'MemoryStore' from project 'MemoryStore')
    cd /Users/justinhou/Development/deepshelves/Packages/MemoryStore
    builtin-swiftHeaderTool -arch arm64 /Users/justinhou/Development/deepshelves/.build/S6UIDerivedData/Build/Intermediates.noindex/MemoryStore.build/Release/MemoryStore.build/Objects-normal/arm64/MemoryStore-Swift.h -o /Users/justinhou/Development/deepshelves/.build/S6UIDerivedData/Build/Intermediates.noindex/GeneratedModuleMaps/MemoryStore-Swift.h

Copy /Users/justinhou/Development/deepshelves/.build/S6UIDerivedData/Build/Products/Release/MemoryStore.swiftmodule/arm64-apple-macos.swiftmodule /Users/justinhou/Development/deepshelves/.build/S6UIDerivedData/Build/Intermediates.noindex/MemoryStore.build/Release/MemoryStore.build/Objects-normal/arm64/MemoryStore.swiftmodule (in target 'MemoryStore' from project 'MemoryStore')
    cd /Users/justinhou/Development/deepshelves/Packages/MemoryStore
    builtin-copy -exclude .DS_Store -exclude CVS -exclude .svn -exclude .git -exclude .hg -strip-unsigned-binaries -strip-deterministic -strip-tool /Applications/Xcode.app/Contents/Developer/Toolchains/XcodeDefault.xctoolchain/usr/bin/strip -resolve-src-symlinks -rename /Users/justinhou/Development/deepshelves/.build/S6UIDerivedData/Build/Intermediates.noindex/MemoryStore.build/Release/MemoryStore.build/Objects-normal/arm64/MemoryStore.swiftmodule /Users/justinhou/Development/deepshelves/.build/S6UIDerivedData/Build/Products/Release/MemoryStore.swiftmodule/arm64-apple-macos.swiftmodule

Copy /Users/justinhou/Development/deepshelves/.build/S6UIDerivedData/Build/Products/Release/MemoryStore.swiftmodule/arm64-apple-macos.swiftdoc /Users/justinhou/Development/deepshelves/.build/S6UIDerivedData/Build/Intermediates.noindex/MemoryStore.build/Release/MemoryStore.build/Objects-normal/arm64/MemoryStore.swiftdoc (in target 'MemoryStore' from project 'MemoryStore')
    cd /Users/justinhou/Development/deepshelves/Packages/MemoryStore
    builtin-copy -exclude .DS_Store -exclude CVS -exclude .svn -exclude .git -exclude .hg -strip-unsigned-binaries -strip-deterministic -strip-tool /Applications/Xcode.app/Contents/Developer/Toolchains/XcodeDefault.xctoolchain/usr/bin/strip -resolve-src-symlinks -rename /Users/justinhou/Development/deepshelves/.build/S6UIDerivedData/Build/Intermediates.noindex/MemoryStore.build/Release/MemoryStore.build/Objects-normal/arm64/MemoryStore.swiftdoc /Users/justinhou/Development/deepshelves/.build/S6UIDerivedData/Build/Products/Release/MemoryStore.swiftmodule/arm64-apple-macos.swiftdoc

Copy /Users/justinhou/Development/deepshelves/.build/S6UIDerivedData/Build/Products/Release/MemoryStore.swiftmodule/arm64-apple-macos.abi.json /Users/justinhou/Development/deepshelves/.build/S6UIDerivedData/Build/Intermediates.noindex/MemoryStore.build/Release/MemoryStore.build/Objects-normal/arm64/MemoryStore.abi.json (in target 'MemoryStore' from project 'MemoryStore')
    cd /Users/justinhou/Development/deepshelves/Packages/MemoryStore
    builtin-copy -exclude .DS_Store -exclude CVS -exclude .svn -exclude .git -exclude .hg -strip-unsigned-binaries -strip-deterministic -strip-tool /Applications/Xcode.app/Contents/Developer/Toolchains/XcodeDefault.xctoolchain/usr/bin/strip -resolve-src-symlinks -rename /Users/justinhou/Development/deepshelves/.build/S6UIDerivedData/Build/Intermediates.noindex/MemoryStore.build/Release/MemoryStore.build/Objects-normal/arm64/MemoryStore.abi.json /Users/justinhou/Development/deepshelves/.build/S6UIDerivedData/Build/Products/Release/MemoryStore.swiftmodule/arm64-apple-macos.abi.json

Copy /Users/justinhou/Development/deepshelves/.build/S6UIDerivedData/Build/Products/Release/MemoryStore.swiftmodule/Project/arm64-apple-macos.swiftsourceinfo /Users/justinhou/Development/deepshelves/.build/S6UIDerivedData/Build/Intermediates.noindex/MemoryStore.build/Release/MemoryStore.build/Objects-normal/arm64/MemoryStore.swiftsourceinfo (in target 'MemoryStore' from project 'MemoryStore')
    cd /Users/justinhou/Development/deepshelves/Packages/MemoryStore
    builtin-copy -exclude .DS_Store -exclude CVS -exclude .svn -exclude .git -exclude .hg -strip-unsigned-binaries -strip-deterministic -strip-tool /Applications/Xcode.app/Contents/Developer/Toolchains/XcodeDefault.xctoolchain/usr/bin/strip -resolve-src-symlinks -rename /Users/justinhou/Development/deepshelves/.build/S6UIDerivedData/Build/Intermediates.noindex/MemoryStore.build/Release/MemoryStore.build/Objects-normal/arm64/MemoryStore.swiftsourceinfo /Users/justinhou/Development/deepshelves/.build/S6UIDerivedData/Build/Products/Release/MemoryStore.swiftmodule/Project/arm64-apple-macos.swiftsourceinfo

Ld /Users/justinhou/Development/deepshelves/.build/S6UIDerivedData/Build/Products/Release/MemoryStore.o normal (in target 'MemoryStore' from project 'MemoryStore')
    cd /Users/justinhou/Development/deepshelves/Packages/MemoryStore
    /Applications/Xcode.app/Contents/Developer/Toolchains/XcodeDefault.xctoolchain/usr/bin/clang -Xlinker -reproducible -target arm64-apple-macos15.0 -r -isysroot /Applications/Xcode.app/Contents/Developer/Platforms/MacOSX.platform/Developer/SDKs/MacOSX26.5.sdk -Os -F/Users/justinhou/Development/deepshelves/.build/S6UIDerivedData/Build/Intermediates.noindex/EagerLinkingTBDs/Release -F/Users/justinhou/Development/deepshelves/.build/S6UIDerivedData/Build/Products/Release/PackageFrameworks -F/Users/justinhou/Development/deepshelves/.build/S6UIDerivedData/Build/Products/Release/PackageFrameworks -F/Users/justinhou/Development/deepshelves/.build/S6UIDerivedData/Build/Products/Release -iframework /Applications/Xcode.app/Contents/Developer/Platforms/MacOSX.platform/Developer/Library/Frameworks -filelist /Users/justinhou/Development/deepshelves/.build/S6UIDerivedData/Build/Intermediates.noindex/MemoryStore.build/Release/MemoryStore.build/Objects-normal/arm64/MemoryStore.LinkFileList -nostdlib -Xlinker -object_path_lto -Xlinker /Users/justinhou/Development/deepshelves/.build/S6UIDerivedData/Build/Intermediates.noindex/MemoryStore.build/Release/MemoryStore.build/Objects-normal/arm64/MemoryStore_lto.o -Xlinker -dependency_info -Xlinker /Users/justinhou/Development/deepshelves/.build/S6UIDerivedData/Build/Intermediates.noindex/MemoryStore.build/Release/MemoryStore.build/Objects-normal/arm64/MemoryStore_dependency_info.dat -fobjc-link-runtime -L/Applications/Xcode.app/Contents/Developer/Toolchains/XcodeDefault.xctoolchain/usr/lib/swift/macosx -L/usr/lib/swift -Xlinker -add_ast_path -Xlinker /Users/justinhou/Development/deepshelves/.build/S6UIDerivedData/Build/Intermediates.noindex/MemoryStore.build/Release/MemoryStore.build/Objects-normal/arm64/MemoryStore.swiftmodule @/Users/justinhou/Development/deepshelves/.build/S6UIDerivedData/Build/Intermediates.noindex/MemoryStore.build/Release/MemoryStore.build/Objects-normal/arm64/MemoryStore-linker-args.resp -o /Users/justinhou/Development/deepshelves/.build/S6UIDerivedData/Build/Products/Release/MemoryStore.o

ProcessProductPackaging /Users/justinhou/Library/Developer/Xcode/UserData/Provisioning\ Profiles/df1a559d-5ee8-4e23-a735-ac82b10e7562.provisionprofile /Users/justinhou/Development/deepshelves/.build/S6UIDerivedData/Build/Products/Release/Local\ Memory.app/Contents/embedded.provisionprofile (in target 'LocalMemoryApp' from project 'LocalMemory')
    cd /Users/justinhou/Development/deepshelves
    builtin-productPackagingUtility /Users/justinhou/Library/Developer/Xcode/UserData/Provisioning\ Profiles/df1a559d-5ee8-4e23-a735-ac82b10e7562.provisionprofile -o /Users/justinhou/Development/deepshelves/.build/S6UIDerivedData/Build/Products/Release/Local\ Memory.app/Contents/embedded.provisionprofile

ProcessProductPackaging /Users/justinhou/Development/deepshelves/Apps/LocalMemoryApp/LocalMemoryApp.entitlements /Users/justinhou/Development/deepshelves/.build/S6UIDerivedData/Build/Intermediates.noindex/LocalMemory.build/Release/LocalMemoryApp.build/Local\ Memory.app.xcent (in target 'LocalMemoryApp' from project 'LocalMemory')
    cd /Users/justinhou/Development/deepshelves

    Entitlements:

    {
    "com.apple.application-identifier" = "NS5L7NNR8U.com.justinhou.deepshelves.localmemory";
    "com.apple.developer.team-identifier" = NS5L7NNR8U;
    "keychain-access-groups" =     (
        "NS5L7NNR8U.com.justinhou.deepshelves.shared"
    );
}

    builtin-productPackagingUtility /Users/justinhou/Development/deepshelves/Apps/LocalMemoryApp/LocalMemoryApp.entitlements -entitlements -format xml -o /Users/justinhou/Development/deepshelves/.build/S6UIDerivedData/Build/Intermediates.noindex/LocalMemory.build/Release/LocalMemoryApp.build/Local\ Memory.app.xcent

ProcessProductPackagingDER /Users/justinhou/Development/deepshelves/.build/S6UIDerivedData/Build/Intermediates.noindex/LocalMemory.build/Release/LocalMemoryApp.build/Local\ Memory.app.xcent /Users/justinhou/Development/deepshelves/.build/S6UIDerivedData/Build/Intermediates.noindex/LocalMemory.build/Release/LocalMemoryApp.build/Local\ Memory.app.xcent.der (in target 'LocalMemoryApp' from project 'LocalMemory')
    cd /Users/justinhou/Development/deepshelves
    /usr/bin/derq query -f xml -i /Users/justinhou/Development/deepshelves/.build/S6UIDerivedData/Build/Intermediates.noindex/LocalMemory.build/Release/LocalMemoryApp.build/Local\ Memory.app.xcent -o /Users/justinhou/Development/deepshelves/.build/S6UIDerivedData/Build/Intermediates.noindex/LocalMemory.build/Release/LocalMemoryApp.build/Local\ Memory.app.xcent.der --raw

SwiftDriver LocalMemoryApp normal arm64 com.apple.xcode.tools.swift.compiler (in target 'LocalMemoryApp' from project 'LocalMemory')
    cd /Users/justinhou/Development/deepshelves
    builtin-SwiftDriver -- /Applications/Xcode.app/Contents/Developer/Toolchains/XcodeDefault.xctoolchain/usr/bin/swiftc -module-name Local_Memory -O -whole-module-optimization @/Users/justinhou/Development/deepshelves/.build/S6UIDerivedData/Build/Intermediates.noindex/LocalMemory.build/Release/LocalMemoryApp.build/Objects-normal/arm64/Local\ Memory.SwiftFileList -enable-experimental-feature DebugDescriptionMacro -sdk /Applications/Xcode.app/Contents/Developer/Platforms/MacOSX.platform/Developer/SDKs/MacOSX26.5.sdk -target arm64-apple-macos15.0 -g -module-cache-path /Users/justinhou/Development/deepshelves/.build/S6UIDerivedData/ModuleCache.noindex -Xfrontend -serialize-debugging-options -warnings-as-errors -swift-version 6 -I /Users/justinhou/Development/deepshelves/.build/S6UIDerivedData/Build/Products/Release -F /Users/justinhou/Development/deepshelves/.build/S6UIDerivedData/Build/Products/Release/PackageFrameworks -F /Users/justinhou/Development/deepshelves/.build/S6UIDerivedData/Build/Products/Release/PackageFrameworks -F /Users/justinhou/Development/deepshelves/.build/S6UIDerivedData/Build/Products/Release/PackageFrameworks -F /Users/justinhou/Development/deepshelves/.build/S6UIDerivedData/Build/Products/Release/PackageFrameworks -F /Users/justinhou/Development/deepshelves/.build/S6UIDerivedData/Build/Products/Release/PackageFrameworks -F /Users/justinhou/Development/deepshelves/.build/S6UIDerivedData/Build/Products/Release/PackageFrameworks -F /Users/justinhou/Development/deepshelves/.build/S6UIDerivedData/Build/Products/Release/PackageFrameworks -F /Users/justinhou/Development/deepshelves/.build/S6UIDerivedData/Build/Products/Release -c -num-threads 12 -Xcc -ivfsstatcache -Xcc /Users/justinhou/Development/deepshelves/.build/S6UIDerivedData/SDKStatCaches.noindex/macosx26.5-25F70-e082c4a02f00227109f4ed75e425c832.sdkstatcache -output-file-map /Users/justinhou/Development/deepshelves/.build/S6UIDerivedData/Build/Intermediates.noindex/LocalMemory.build/Release/LocalMemoryApp.build/Objects-normal/arm64/LocalMemoryApp-OutputFileMap.json -use-frontend-parseable-output -save-temps -no-color-diagnostics -explicit-module-build -module-cache-path /Users/justinhou/Development/deepshelves/.build/S6UIDerivedData/Build/Intermediates.noindex/SwiftExplicitPrecompiledModules -clang-scanner-module-cache-path /Users/justinhou/Development/deepshelves/.build/S6UIDerivedData/ModuleCache.noindex -sdk-module-cache-path /Users/justinhou/Development/deepshelves/.build/S6UIDerivedData/ModuleCache.noindex -serialize-diagnostics -emit-dependencies -emit-module -emit-module-path /Users/justinhou/Development/deepshelves/.build/S6UIDerivedData/Build/Intermediates.noindex/LocalMemory.build/Release/LocalMemoryApp.build/Objects-normal/arm64/Local_Memory.swiftmodule -validate-clang-modules-once -clang-build-session-file /Users/justinhou/Development/deepshelves/.build/S6UIDerivedData/ModuleCache.noindex/Session.modulevalidation -Xcc -I/Users/justinhou/Development/deepshelves/.build/S6UIDerivedData/Build/Intermediates.noindex/LocalMemory.build/Release/LocalMemoryApp.build/swift-overrides.hmap -emit-const-values -Xfrontend -const-gather-protocols-file -Xfrontend /Users/justinhou/Development/deepshelves/.build/S6UIDerivedData/Build/Intermediates.noindex/LocalMemory.build/Release/LocalMemoryApp.build/Objects-normal/arm64/LocalMemoryApp_const_extract_protocols.json -Xcc -iquote -Xcc /Users/justinhou/Development/deepshelves/.build/S6UIDerivedData/Build/Intermediates.noindex/LocalMemory.build/Release/LocalMemoryApp.build/Local\ Memory-generated-files.hmap -Xcc -I/Users/justinhou/Development/deepshelves/.build/S6UIDerivedData/Build/Intermediates.noindex/LocalMemory.build/Release/LocalMemoryApp.build/Local\ Memory-own-target-headers.hmap -Xcc -I/Users/justinhou/Development/deepshelves/.build/S6UIDerivedData/Build/Intermediates.noindex/LocalMemory.build/Release/LocalMemoryApp.build/Local\ Memory-all-non-framework-target-headers.hmap -Xcc -ivfsoverlay -Xcc /Users/justinhou/Development/deepshelves/.build/S6UIDerivedData/Build/Intermediates.noindex/LocalMemory.build/Release/LocalMemory-a2f6a35635c1f574034e85928886420d-VFS/all-product-headers.yaml -Xcc -iquote -Xcc /Users/justinhou/Development/deepshelves/.build/S6UIDerivedData/Build/Intermediates.noindex/LocalMemory.build/Release/LocalMemoryApp.build/Local\ Memory-project-headers.hmap -Xcc -I/Users/justinhou/Development/deepshelves/.build/Dependencies/GRDB.swift-a285e4ca87ec6b3584c97b0ec25fc61fec02de60/Sources/GRDBSQLCipher/include -Xcc -I/Users/justinhou/Development/deepshelves/.build/S6UIDerivedData/Build/Products/Release/include -Xcc -I/Users/justinhou/Development/deepshelves/.build/S6UIDerivedData/Build/Intermediates.noindex/LocalMemory.build/Release/LocalMemoryApp.build/DerivedSources-normal/arm64 -Xcc -I/Users/justinhou/Development/deepshelves/.build/S6UIDerivedData/Build/Intermediates.noindex/LocalMemory.build/Release/LocalMemoryApp.build/DerivedSources/arm64 -Xcc -I/Users/justinhou/Development/deepshelves/.build/S6UIDerivedData/Build/Intermediates.noindex/LocalMemory.build/Release/LocalMemoryApp.build/DerivedSources -emit-objc-header -emit-objc-header-path /Users/justinhou/Development/deepshelves/.build/S6UIDerivedData/Build/Intermediates.noindex/LocalMemory.build/Release/LocalMemoryApp.build/Objects-normal/arm64/Local_Memory-Swift.h -working-directory /Users/justinhou/Development/deepshelves -no-emit-module-separately-wmo

ExtractAppIntentsMetadata (in target 'MemoryStore' from project 'MemoryStore')
    cd /Users/justinhou/Development/deepshelves/Packages/MemoryStore
    /Applications/Xcode.app/Contents/Developer/Toolchains/XcodeDefault.xctoolchain/usr/bin/appintentsmetadataprocessor --toolchain-dir /Applications/Xcode.app/Contents/Developer/Toolchains/XcodeDefault.xctoolchain --module-name MemoryStore --sdk-root /Applications/Xcode.app/Contents/Developer/Platforms/MacOSX.platform/Developer/SDKs/MacOSX26.5.sdk --xcode-version 17F42 --platform-family macOS --deployment-target 15.0 --bundle-identifier memorystore.MemoryStore --output /Users/justinhou/Development/deepshelves/.build/S6UIDerivedData/Build/Products/Release/MemoryStore.appintents --target-triple arm64-apple-macos15.0 --binary-file /Users/justinhou/Development/deepshelves/.build/S6UIDerivedData/Build/Products/Release/MemoryStore.o --dependency-file /Users/justinhou/Development/deepshelves/.build/S6UIDerivedData/Build/Intermediates.noindex/MemoryStore.build/Release/MemoryStore.build/Objects-normal/arm64/MemoryStore_dependency_info.dat --stringsdata-file /Users/justinhou/Development/deepshelves/.build/S6UIDerivedData/Build/Intermediates.noindex/MemoryStore.build/Release/MemoryStore.build/Objects-normal/arm64/ExtractedAppShortcutsMetadata.stringsdata --source-file-list /Users/justinhou/Development/deepshelves/.build/S6UIDerivedData/Build/Intermediates.noindex/MemoryStore.build/Release/MemoryStore.build/Objects-normal/arm64/MemoryStore.SwiftFileList --metadata-file-list /Users/justinhou/Development/deepshelves/.build/S6UIDerivedData/Build/Intermediates.noindex/MemoryStore.build/Release/MemoryStore.build/MemoryStore.DependencyMetadataFileList --static-metadata-file-list /Users/justinhou/Development/deepshelves/.build/S6UIDerivedData/Build/Intermediates.noindex/MemoryStore.build/Release/MemoryStore.build/MemoryStore.DependencyStaticMetadataFileList --swift-const-vals-list /Users/justinhou/Development/deepshelves/.build/S6UIDerivedData/Build/Intermediates.noindex/MemoryStore.build/Release/MemoryStore.build/Objects-normal/arm64/MemoryStore.SwiftConstValuesFileList --force --compile-time-extraction --deployment-aware-processing --validate-assistant-intents --no-app-shortcuts-localization
2026-08-28 00:27:20.024 appintentsmetadataprocessor[37892:22995907] Starting appintentsmetadataprocessor export
2026-08-28 00:27:20.041 appintentsmetadataprocessor[37892:22995907] Extracted no relevant App Intents symbols, skipping writing output

RegisterExecutionPolicyException /Users/justinhou/Development/deepshelves/.build/S6UIDerivedData/Build/Products/Release/MemoryStore.o (in target 'MemoryStore' from project 'MemoryStore')
    cd /Users/justinhou/Development/deepshelves/Packages/MemoryStore
    builtin-RegisterExecutionPolicyException /Users/justinhou/Development/deepshelves/.build/S6UIDerivedData/Build/Products/Release/MemoryStore.o

Copy /Users/justinhou/Development/deepshelves/.build/S6UIDerivedData/Build/Products/Release/Local\ Memory.app/Contents/Resources/MemoryEnrichment_MemoryEnrichment.bundle /Users/justinhou/Development/deepshelves/.build/S6UIDerivedData/Build/Products/Release/MemoryEnrichment_MemoryEnrichment.bundle (in target 'LocalMemoryApp' from project 'LocalMemory')
    cd /Users/justinhou/Development/deepshelves
    builtin-copy -exclude .DS_Store -exclude CVS -exclude .svn -exclude .git -exclude .hg -resolve-src-symlinks /Users/justinhou/Development/deepshelves/.build/S6UIDerivedData/Build/Products/Release/MemoryEnrichment_MemoryEnrichment.bundle /Users/justinhou/Development/deepshelves/.build/S6UIDerivedData/Build/Products/Release/Local\ Memory.app/Contents/Resources

Copy /Users/justinhou/Development/deepshelves/.build/S6UIDerivedData/Build/Products/Release/Local\ Memory.app/Contents/Resources/GRDB_GRDB.bundle /Users/justinhou/Development/deepshelves/.build/S6UIDerivedData/Build/Products/Release/GRDB_GRDB.bundle (in target 'LocalMemoryApp' from project 'LocalMemory')
    cd /Users/justinhou/Development/deepshelves
    builtin-copy -exclude .DS_Store -exclude CVS -exclude .svn -exclude .git -exclude .hg -resolve-src-symlinks /Users/justinhou/Development/deepshelves/.build/S6UIDerivedData/Build/Products/Release/GRDB_GRDB.bundle /Users/justinhou/Development/deepshelves/.build/S6UIDerivedData/Build/Products/Release/Local\ Memory.app/Contents/Resources

Copy /Users/justinhou/Development/deepshelves/.build/S6UIDerivedData/Build/Products/Release/Local\ Memory.app/Contents/Frameworks/SQLCipher.framework /Users/justinhou/Development/deepshelves/.build/Dependencies/SQLCipher.swift/SQLCipher.xcframework/macos-arm64_x86_64/SQLCipher.framework (in target 'LocalMemoryApp' from project 'LocalMemory')
    cd /Users/justinhou/Development/deepshelves
    builtin-copy -exclude .DS_Store -exclude CVS -exclude .svn -exclude .git -exclude .hg -exclude Headers -exclude PrivateHeaders -exclude Modules -exclude \*.tbd -resolve-src-symlinks -remove-static-executable /Users/justinhou/Development/deepshelves/.build/Dependencies/SQLCipher.swift/SQLCipher.xcframework/macos-arm64_x86_64/SQLCipher.framework /Users/justinhou/Development/deepshelves/.build/S6UIDerivedData/Build/Products/Release/Local\ Memory.app/Contents/Frameworks

CodeSign /Users/justinhou/Development/deepshelves/.build/S6UIDerivedData/Build/Products/Release/Local\ Memory.app/Contents/Frameworks/SQLCipher.framework/Versions/A (in target 'LocalMemoryApp' from project 'LocalMemory')
    cd /Users/justinhou/Development/deepshelves

    Signing Identity:     "Apple Development: justin_hou25@icloud.com (K8SNDR5HV9)"
    Provisioning Profile: "Mac Team Provisioning Profile: com.justinhou.deepshelves.localmemory"
                          (df1a559d-5ee8-4e23-a735-ac82b10e7562)

    /usr/bin/codesign --force --sign 5F2CF76A05528002A43A04B748E50F81D795A4E9 -o runtime --timestamp\=none --preserve-metadata\=identifier,entitlements,flags --generate-entitlement-der /Users/justinhou/Development/deepshelves/.build/S6UIDerivedData/Build/Products/Release/Local\ Memory.app/Contents/Frameworks/SQLCipher.framework/Versions/A
/Users/justinhou/Development/deepshelves/.build/S6UIDerivedData/Build/Products/Release/Local Memory.app/Contents/Frameworks/SQLCipher.framework/Versions/A: replacing existing signature

ProcessInfoPlistFile /Users/justinhou/Development/deepshelves/.build/S6UIDerivedData/Build/Products/Release/Local\ Memory.app/Contents/Info.plist /Users/justinhou/Development/deepshelves/Apps/LocalMemoryApp/Info.plist (in target 'LocalMemoryApp' from project 'LocalMemory')
    cd /Users/justinhou/Development/deepshelves
    builtin-infoPlistUtility /Users/justinhou/Development/deepshelves/Apps/LocalMemoryApp/Info.plist -producttype com.apple.product-type.application -genpkginfo /Users/justinhou/Development/deepshelves/.build/S6UIDerivedData/Build/Products/Release/Local\ Memory.app/Contents/PkgInfo -expandbuildsettings -platform macosx -scanforprivacyfile /Users/justinhou/Development/deepshelves/.build/S6UIDerivedData/Build/Products/Release/Local\ Memory.app/Contents/Frameworks/SQLCipher.framework -scanforprivacyfile /Users/justinhou/Development/deepshelves/.build/S6UIDerivedData/Build/Products/Release/Local\ Memory.app/Contents/Resources/GRDB_GRDB.bundle -scanforprivacyfile /Users/justinhou/Development/deepshelves/.build/S6UIDerivedData/Build/Products/Release/Local\ Memory.app/Contents/Resources/MemoryEnrichment_MemoryEnrichment.bundle -o /Users/justinhou/Development/deepshelves/.build/S6UIDerivedData/Build/Products/Release/Local\ Memory.app/Contents/Info.plist

SwiftDriver\ Compilation LocalMemoryApp normal arm64 com.apple.xcode.tools.swift.compiler (in target 'LocalMemoryApp' from project 'LocalMemory')
    cd /Users/justinhou/Development/deepshelves
    builtin-Swift-Compilation -- /Applications/Xcode.app/Contents/Developer/Toolchains/XcodeDefault.xctoolchain/usr/bin/swiftc -module-name Local_Memory -O -whole-module-optimization @/Users/justinhou/Development/deepshelves/.build/S6UIDerivedData/Build/Intermediates.noindex/LocalMemory.build/Release/LocalMemoryApp.build/Objects-normal/arm64/Local\ Memory.SwiftFileList -enable-experimental-feature DebugDescriptionMacro -sdk /Applications/Xcode.app/Contents/Developer/Platforms/MacOSX.platform/Developer/SDKs/MacOSX26.5.sdk -target arm64-apple-macos15.0 -g -module-cache-path /Users/justinhou/Development/deepshelves/.build/S6UIDerivedData/ModuleCache.noindex -Xfrontend -serialize-debugging-options -warnings-as-errors -swift-version 6 -I /Users/justinhou/Development/deepshelves/.build/S6UIDerivedData/Build/Products/Release -F /Users/justinhou/Development/deepshelves/.build/S6UIDerivedData/Build/Products/Release/PackageFrameworks -F /Users/justinhou/Development/deepshelves/.build/S6UIDerivedData/Build/Products/Release/PackageFrameworks -F /Users/justinhou/Development/deepshelves/.build/S6UIDerivedData/Build/Products/Release/PackageFrameworks -F /Users/justinhou/Development/deepshelves/.build/S6UIDerivedData/Build/Products/Release/PackageFrameworks -F /Users/justinhou/Development/deepshelves/.build/S6UIDerivedData/Build/Products/Release/PackageFrameworks -F /Users/justinhou/Development/deepshelves/.build/S6UIDerivedData/Build/Products/Release/PackageFrameworks -F /Users/justinhou/Development/deepshelves/.build/S6UIDerivedData/Build/Products/Release/PackageFrameworks -F /Users/justinhou/Development/deepshelves/.build/S6UIDerivedData/Build/Products/Release -c -num-threads 12 -Xcc -ivfsstatcache -Xcc /Users/justinhou/Development/deepshelves/.build/S6UIDerivedData/SDKStatCaches.noindex/macosx26.5-25F70-e082c4a02f00227109f4ed75e425c832.sdkstatcache -output-file-map /Users/justinhou/Development/deepshelves/.build/S6UIDerivedData/Build/Intermediates.noindex/LocalMemory.build/Release/LocalMemoryApp.build/Objects-normal/arm64/LocalMemoryApp-OutputFileMap.json -use-frontend-parseable-output -save-temps -no-color-diagnostics -explicit-module-build -module-cache-path /Users/justinhou/Development/deepshelves/.build/S6UIDerivedData/Build/Intermediates.noindex/SwiftExplicitPrecompiledModules -clang-scanner-module-cache-path /Users/justinhou/Development/deepshelves/.build/S6UIDerivedData/ModuleCache.noindex -sdk-module-cache-path /Users/justinhou/Development/deepshelves/.build/S6UIDerivedData/ModuleCache.noindex -serialize-diagnostics -emit-dependencies -emit-module -emit-module-path /Users/justinhou/Development/deepshelves/.build/S6UIDerivedData/Build/Intermediates.noindex/LocalMemory.build/Release/LocalMemoryApp.build/Objects-normal/arm64/Local_Memory.swiftmodule -validate-clang-modules-once -clang-build-session-file /Users/justinhou/Development/deepshelves/.build/S6UIDerivedData/ModuleCache.noindex/Session.modulevalidation -Xcc -I/Users/justinhou/Development/deepshelves/.build/S6UIDerivedData/Build/Intermediates.noindex/LocalMemory.build/Release/LocalMemoryApp.build/swift-overrides.hmap -emit-const-values -Xfrontend -const-gather-protocols-file -Xfrontend /Users/justinhou/Development/deepshelves/.build/S6UIDerivedData/Build/Intermediates.noindex/LocalMemory.build/Release/LocalMemoryApp.build/Objects-normal/arm64/LocalMemoryApp_const_extract_protocols.json -Xcc -iquote -Xcc /Users/justinhou/Development/deepshelves/.build/S6UIDerivedData/Build/Intermediates.noindex/LocalMemory.build/Release/LocalMemoryApp.build/Local\ Memory-generated-files.hmap -Xcc -I/Users/justinhou/Development/deepshelves/.build/S6UIDerivedData/Build/Intermediates.noindex/LocalMemory.build/Release/LocalMemoryApp.build/Local\ Memory-own-target-headers.hmap -Xcc -I/Users/justinhou/Development/deepshelves/.build/S6UIDerivedData/Build/Intermediates.noindex/LocalMemory.build/Release/LocalMemoryApp.build/Local\ Memory-all-non-framework-target-headers.hmap -Xcc -ivfsoverlay -Xcc /Users/justinhou/Development/deepshelves/.build/S6UIDerivedData/Build/Intermediates.noindex/LocalMemory.build/Release/LocalMemory-a2f6a35635c1f574034e85928886420d-VFS/all-product-headers.yaml -Xcc -iquote -Xcc /Users/justinhou/Development/deepshelves/.build/S6UIDerivedData/Build/Intermediates.noindex/LocalMemory.build/Release/LocalMemoryApp.build/Local\ Memory-project-headers.hmap -Xcc -I/Users/justinhou/Development/deepshelves/.build/Dependencies/GRDB.swift-a285e4ca87ec6b3584c97b0ec25fc61fec02de60/Sources/GRDBSQLCipher/include -Xcc -I/Users/justinhou/Development/deepshelves/.build/S6UIDerivedData/Build/Products/Release/include -Xcc -I/Users/justinhou/Development/deepshelves/.build/S6UIDerivedData/Build/Intermediates.noindex/LocalMemory.build/Release/LocalMemoryApp.build/DerivedSources-normal/arm64 -Xcc -I/Users/justinhou/Development/deepshelves/.build/S6UIDerivedData/Build/Intermediates.noindex/LocalMemory.build/Release/LocalMemoryApp.build/DerivedSources/arm64 -Xcc -I/Users/justinhou/Development/deepshelves/.build/S6UIDerivedData/Build/Intermediates.noindex/LocalMemory.build/Release/LocalMemoryApp.build/DerivedSources -emit-objc-header -emit-objc-header-path /Users/justinhou/Development/deepshelves/.build/S6UIDerivedData/Build/Intermediates.noindex/LocalMemory.build/Release/LocalMemoryApp.build/Objects-normal/arm64/Local_Memory-Swift.h -working-directory /Users/justinhou/Development/deepshelves -no-emit-module-separately-wmo

SwiftExplicitDependencyGeneratePcm arm64 /Users/justinhou/Development/deepshelves/.build/S6UIDerivedData/ModuleCache.noindex/SwiftShims-60LLYTW9USEK7UO4R025VDRKO.pcm

SwiftExplicitDependencyGeneratePcm arm64 /Users/justinhou/Development/deepshelves/.build/S6UIDerivedData/ModuleCache.noindex/ptrauth-9Q5NKSQJOMV9JPBZ5666O16TL.pcm

SwiftExplicitDependencyGeneratePcm arm64 /Users/justinhou/Development/deepshelves/.build/S6UIDerivedData/ModuleCache.noindex/_SwiftConcurrencyShims-410LZ88E9CYJ14BS7NJOTSSBW.pcm

SwiftExplicitDependencyGeneratePcm arm64 /Users/justinhou/Development/deepshelves/.build/S6UIDerivedData/ModuleCache.noindex/DeveloperToolsSupport-7U5KZ7NCTO836N5YNDR4DK14R.pcm

SwiftExplicitDependencyGeneratePcm arm64 /Users/justinhou/Development/deepshelves/.build/S6UIDerivedData/ModuleCache.noindex/_AvailabilityInternal-T8GTYGGE29UGSHBNBESV1K6R.pcm

SwiftExplicitDependencyGeneratePcm arm64 /Users/justinhou/Development/deepshelves/.build/S6UIDerivedData/ModuleCache.noindex/_Builtin_stdarg-87ER9HC6443E2U6RAQDB4A6ZL.pcm

SwiftExplicitDependencyGeneratePcm arm64 /Users/justinhou/Development/deepshelves/.build/S6UIDerivedData/ModuleCache.noindex/ptrcheck-20A90NHAV7ER498PDDGQDIH9N.pcm

SwiftExplicitDependencyGeneratePcm arm64 /Users/justinhou/Development/deepshelves/.build/S6UIDerivedData/ModuleCache.noindex/_Builtin_float-4XVHR1KB3X49XQ3WN0WQ0EL10.pcm

SwiftExplicitDependencyGeneratePcm arm64 /Users/justinhou/Development/deepshelves/.build/S6UIDerivedData/ModuleCache.noindex/_Builtin_stddef-BCC6KYENB6V8MSWJ3Q1N5AT66.pcm

SwiftExplicitDependencyGeneratePcm arm64 /Users/justinhou/Development/deepshelves/.build/S6UIDerivedData/ModuleCache.noindex/_Builtin_stdbool-DW6MA43E13JSBIIBTP5PCOAP6.pcm

SwiftExplicitDependencyGeneratePcm arm64 /Users/justinhou/Development/deepshelves/.build/S6UIDerivedData/ModuleCache.noindex/_DarwinFoundation1-XAQHTA49C592PHE2OZIEPHQH.pcm

SwiftExplicitDependencyGeneratePcm arm64 /Users/justinhou/Development/deepshelves/.build/S6UIDerivedData/ModuleCache.noindex/_DarwinFoundation2-7TOSYINVCWVIS38SRJAWGYCU4.pcm

SwiftExplicitDependencyGeneratePcm arm64 /Users/justinhou/Development/deepshelves/.build/S6UIDerivedData/ModuleCache.noindex/_Builtin_limits-DB1VMX7S68HCBAJBF3YDLAXC7.pcm

SwiftExplicitDependencyGeneratePcm arm64 /Users/justinhou/Development/deepshelves/.build/S6UIDerivedData/ModuleCache.noindex/string_h-7K7WVUR3OY740MMLAT7SLAYY0.pcm

SwiftExplicitDependencyGeneratePcm arm64 /Users/justinhou/Development/deepshelves/.build/S6UIDerivedData/ModuleCache.noindex/_Builtin_stdint-6YA6JPNM2CLAPMAVS04UM31HZ.pcm

SwiftExplicitDependencyGeneratePcm arm64 /Users/justinhou/Development/deepshelves/.build/S6UIDerivedData/ModuleCache.noindex/_Builtin_tgmath-8VWXMNBN0R4IYU3MECSKKFXE3.pcm

SwiftExplicitDependencyGeneratePcm arm64 /Users/justinhou/Development/deepshelves/.build/S6UIDerivedData/ModuleCache.noindex/sys_types-9YAKL3H27WYABQLR4D39509G0.pcm

SwiftExplicitDependencyGeneratePcm arm64 /Users/justinhou/Development/deepshelves/.build/S6UIDerivedData/ModuleCache.noindex/OpenGL-6G2X2LEI22U11O7I1PCD201G3.pcm

SwiftExplicitDependencyGeneratePcm arm64 /Users/justinhou/Development/deepshelves/.build/S6UIDerivedData/ModuleCache.noindex/libDER-8DMNZA13BV9XZYJCX7CVE7N6G.pcm

SwiftExplicitDependencyGeneratePcm arm64 /Users/justinhou/Development/deepshelves/.build/S6UIDerivedData/ModuleCache.noindex/_DarwinFoundation3-90QCA2FFM0Q32IF9D2O9D5327.pcm

SwiftExplicitDependencyGeneratePcm arm64 /Users/justinhou/Development/deepshelves/.build/S6UIDerivedData/ModuleCache.noindex/_Builtin_stdatomic-AZA9R97UXQ6A2O017GP4YZWQP.pcm

SwiftExplicitDependencyGeneratePcm arm64 /Users/justinhou/Development/deepshelves/.build/S6UIDerivedData/ModuleCache.noindex/_Builtin_intrinsics-8SSQSOMS28E3WCQOL44F297UO.pcm

SwiftExplicitDependencyGeneratePcm arm64 /Users/justinhou/Development/deepshelves/.build/S6UIDerivedData/ModuleCache.noindex/_Builtin_inttypes-85OXLXC6G35RGFRXPS70BMR34.pcm

SwiftExplicitDependencyGeneratePcm arm64 /Users/justinhou/Development/deepshelves/.build/S6UIDerivedData/ModuleCache.noindex/Darwin-CXZC9PWWUHW7EI2I7H7AG9U0L.pcm

SwiftExplicitDependencyGeneratePcm arm64 /Users/justinhou/Development/deepshelves/.build/S6UIDerivedData/ModuleCache.noindex/simd-DN3ZTJL1G9G5V419BZFBOUL90.pcm

SwiftExplicitDependencyGeneratePcm arm64 /Users/justinhou/Development/deepshelves/.build/S6UIDerivedData/ModuleCache.noindex/libkern-4VG0WUXWGS7ABMBQNDHFMRK3W.pcm

SwiftExplicitDependencyGeneratePcm arm64 /Users/justinhou/Development/deepshelves/.build/S6UIDerivedData/ModuleCache.noindex/launch-1BQ5JRZ7T9VCEK2BNW3M648IP.pcm

SwiftExplicitDependencyGeneratePcm arm64 /Users/justinhou/Development/deepshelves/.build/S6UIDerivedData/ModuleCache.noindex/MachO-CQ5U6BEZJCMBDI0CRWOGY4FY.pcm

SwiftExplicitDependencyGeneratePcm arm64 /Users/justinhou/Development/deepshelves/.build/S6UIDerivedData/ModuleCache.noindex/CUPS-ERTM4FWG7T1SWKP6I8LQD6LMV.pcm

SwiftExplicitDependencyGeneratePcm arm64 /Users/justinhou/Development/deepshelves/.build/S6UIDerivedData/ModuleCache.noindex/Spatial-5RZ1N6O7T3NL0SMVEW6408D7A.pcm

SwiftExplicitDependencyGeneratePcm arm64 /Users/justinhou/Development/deepshelves/.build/S6UIDerivedData/ModuleCache.noindex/ObjectiveC-1CVZ0LNEM49J91OHY3XBNATRJ.pcm

SwiftExplicitDependencyGeneratePcm arm64 /Users/justinhou/Development/deepshelves/.build/S6UIDerivedData/ModuleCache.noindex/os_object-5K6FT0VY5L2IC99I4ZBIUQSQO.pcm

SwiftExplicitDependencyGeneratePcm arm64 /Users/justinhou/Development/deepshelves/.build/S6UIDerivedData/ModuleCache.noindex/os_workgroup-2AUR550FHH1BQLE8GQ9FI8NSJ.pcm

SwiftExplicitDependencyGeneratePcm arm64 /Users/justinhou/Development/deepshelves/.build/S6UIDerivedData/ModuleCache.noindex/Dispatch-AWXITZ0VEB8G3BGL355EZNNTF.pcm

SwiftExplicitDependencyGeneratePcm arm64 /Users/justinhou/Development/deepshelves/.build/S6UIDerivedData/ModuleCache.noindex/CoreFoundation-4RLKBYKQ5CE7G1H4SK6R2EA8Q.pcm

SwiftExplicitDependencyGeneratePcm arm64 /Users/justinhou/Development/deepshelves/.build/S6UIDerivedData/ModuleCache.noindex/XPC-4T7W1K53QAC10AF3AQ44E8NXA.pcm

SwiftExplicitDependencyGeneratePcm arm64 /Users/justinhou/Development/deepshelves/.build/S6UIDerivedData/ModuleCache.noindex/os-8NUZ3PCK9OPL35SJ46EB33YHP.pcm

SwiftExplicitDependencyGeneratePcm arm64 /Users/justinhou/Development/deepshelves/.build/S6UIDerivedData/ModuleCache.noindex/CFNetwork-9CQI3HGW4YH8SJXHG6CJLPLN3.pcm

SwiftExplicitDependencyGeneratePcm arm64 /Users/justinhou/Development/deepshelves/.build/S6UIDerivedData/ModuleCache.noindex/Security-1691ONHRMYO4HOAX0MPCZ2MLW.pcm

SwiftExplicitDependencyGeneratePcm arm64 /Users/justinhou/Development/deepshelves/.build/S6UIDerivedData/ModuleCache.noindex/CoreAudioTypes-1LJLM6IYLA1M88S6IKG8FX8PL.pcm

SwiftExplicitDependencyGeneratePcm arm64 /Users/justinhou/Development/deepshelves/.build/S6UIDerivedData/ModuleCache.noindex/IOKit-31SLQWL04P2SXH9VPUTVE13G0.pcm

SwiftExplicitDependencyGeneratePcm arm64 /Users/justinhou/Development/deepshelves/.build/S6UIDerivedData/ModuleCache.noindex/ColorSync-B5XXZ80NG8APSMJFNGNJFLB1A.pcm

SwiftExplicitDependencyGeneratePcm arm64 /Users/justinhou/Development/deepshelves/.build/S6UIDerivedData/ModuleCache.noindex/DiskArbitration-84V8003Q8KZP402RELQPGY0DJ.pcm

SwiftExplicitDependencyGeneratePcm arm64 /Users/justinhou/Development/deepshelves/.build/S6UIDerivedData/ModuleCache.noindex/CoreGraphics-5OMGGGE13WTMH1ND5ROFA1QXF.pcm

SwiftExplicitDependencyGeneratePcm arm64 /Users/justinhou/Development/deepshelves/.build/S6UIDerivedData/ModuleCache.noindex/CoreServices-6S682447QYU054L9TC6J5SZD6.pcm

SwiftExplicitDependencyGeneratePcm arm64 /Users/justinhou/Development/deepshelves/.build/S6UIDerivedData/ModuleCache.noindex/CoreText-99LVBIMTAGFNJDW8Q4SJHYRRK.pcm

SwiftExplicitDependencyGeneratePcm arm64 /Users/justinhou/Development/deepshelves/.build/S6UIDerivedData/ModuleCache.noindex/ImageIO-ETGHB0YFOYXUX2LODH2L5NXQN.pcm

SwiftExplicitDependencyGeneratePcm arm64 /Users/justinhou/Development/deepshelves/.build/S6UIDerivedData/ModuleCache.noindex/Foundation-C4DR5RX5V6T81E28NHPA4MTKK.pcm

SwiftExplicitDependencyGeneratePcm arm64 /Users/justinhou/Development/deepshelves/.build/S6UIDerivedData/ModuleCache.noindex/CoreData-AF381LBL1T8Q3781X77ET7H03.pcm

SwiftExplicitDependencyGeneratePcm arm64 /Users/justinhou/Development/deepshelves/.build/S6UIDerivedData/ModuleCache.noindex/ApplicationServices-C85O06S3W0B3ALP89ZCA3MJJ2.pcm

SwiftExplicitDependencyGeneratePcm arm64 /Users/justinhou/Development/deepshelves/.build/S6UIDerivedData/ModuleCache.noindex/IOSurface-DZ0SPSQ74AI420FT1ZPBYRTIK.pcm

SwiftExplicitDependencyGeneratePcm arm64 /Users/justinhou/Development/deepshelves/.build/S6UIDerivedData/ModuleCache.noindex/LocalAuthentication-AGQOBNE3X8H9P1R37NK0GP37B.pcm

SwiftExplicitDependencyGeneratePcm arm64 /Users/justinhou/Development/deepshelves/.build/S6UIDerivedData/ModuleCache.noindex/CoreMIDI-4P1X4HMF32UTKM3YSTJBMA4N8.pcm

SwiftExplicitDependencyGeneratePcm arm64 /Users/justinhou/Development/deepshelves/.build/S6UIDerivedData/ModuleCache.noindex/CoreTransferable-8I0NZORKSI6M4O3IFNARU857B.pcm

SwiftExplicitDependencyGeneratePcm arm64 /Users/justinhou/Development/deepshelves/.build/S6UIDerivedData/ModuleCache.noindex/CoreAudio-AGH5HHWCBJOUQDVUZIVIPB4K8.pcm

SwiftExplicitDependencyGeneratePcm arm64 /Users/justinhou/Development/deepshelves/.build/S6UIDerivedData/ModuleCache.noindex/OSLog-3YNB8E86VHG32LP1CCTPESCEY.pcm

SwiftExplicitDependencyGeneratePcm arm64 /Users/justinhou/Development/deepshelves/.build/S6UIDerivedData/Build/Intermediates.noindex/SwiftExplicitPrecompiledModules/SQLCipher-EB846LUO9PE66TU1I68KEFS6I.pcm

SwiftExplicitDependencyGeneratePcm arm64 /Users/justinhou/Development/deepshelves/.build/S6UIDerivedData/ModuleCache.noindex/UniformTypeIdentifiers-5FXEN3GXIP6NUGOA1SOCCQRY3.pcm

SwiftExplicitDependencyGeneratePcm arm64 /Users/justinhou/Development/deepshelves/.build/S6UIDerivedData/ModuleCache.noindex/Accessibility-1NL42NVW9DYWW1BA0G88UVRZZ.pcm

SwiftExplicitDependencyGeneratePcm arm64 /Users/justinhou/Development/deepshelves/.build/S6UIDerivedData/ModuleCache.noindex/DataDetection-CIWBU6TC59Y1EU16PRNK1MQB9.pcm

SwiftExplicitDependencyGeneratePcm arm64 /Users/justinhou/Development/deepshelves/.build/S6UIDerivedData/ModuleCache.noindex/Symbols-5TTS4GVLC3PFEMUEGOT2MRTKI.pcm

SwiftExplicitDependencyGeneratePcm arm64 /Users/justinhou/Development/deepshelves/.build/S6UIDerivedData/ModuleCache.noindex/Metal-F3VOBUD7YEXHJQFQXF9I6PC7J.pcm

SwiftExplicitDependencyGeneratePcm arm64 /Users/justinhou/Development/deepshelves/.build/S6UIDerivedData/Build/Intermediates.noindex/SwiftExplicitPrecompiledModules/GRDBSQLCipher-99RHJ8QJ7GD0FPIA9BX62007Y.pcm

SwiftExplicitDependencyGeneratePcm arm64 /Users/justinhou/Development/deepshelves/.build/S6UIDerivedData/ModuleCache.noindex/Carbon-CUGT1SBS5KGKZF8Z7JFFBQ621.pcm

SwiftExplicitDependencyGeneratePcm arm64 /Users/justinhou/Development/deepshelves/.build/S6UIDerivedData/ModuleCache.noindex/CoreVideo-ACJX5VG7CWOJE5LP70G0LIROT.pcm

SwiftExplicitDependencyGeneratePcm arm64 /Users/justinhou/Development/deepshelves/.build/S6UIDerivedData/ModuleCache.noindex/AudioToolbox-2P6Y61B5JSZLC6XAHS09GYBT2.pcm

SwiftExplicitDependencyGeneratePcm arm64 /Users/justinhou/Development/deepshelves/.build/S6UIDerivedData/ModuleCache.noindex/CoreImage-224DFB8M1505AW7PAGHYPM8FC.pcm

SwiftExplicitDependencyGeneratePcm arm64 /Users/justinhou/Development/deepshelves/.build/S6UIDerivedData/ModuleCache.noindex/CoreMedia-48FNIHV86WC7E5AJQIX636D3K.pcm

SwiftExplicitDependencyGeneratePcm arm64 /Users/justinhou/Development/deepshelves/.build/S6UIDerivedData/ModuleCache.noindex/CoreML-4F28HLUW2753AX0KQQS1S6F3R.pcm

SwiftExplicitDependencyGeneratePcm arm64 /Users/justinhou/Development/deepshelves/.build/S6UIDerivedData/ModuleCache.noindex/QuartzCore-7KNES39G3CTKV52VY33COIJDA.pcm

SwiftExplicitDependencyGeneratePcm arm64 /Users/justinhou/Development/deepshelves/.build/S6UIDerivedData/ModuleCache.noindex/Accelerate-BSTMAO37L5MMBU7D9MTTIOEGK.pcm

SwiftExplicitDependencyGeneratePcm arm64 /Users/justinhou/Development/deepshelves/.build/S6UIDerivedData/ModuleCache.noindex/SwiftUICore-CDQ3YZTTQCY92YEA1OSKY9UYK.pcm

SwiftExplicitDependencyGeneratePcm arm64 /Users/justinhou/Development/deepshelves/.build/S6UIDerivedData/ModuleCache.noindex/Vision-7J8DX6BQ0409CESYFDGUSOGFH.pcm

SwiftExplicitDependencyGeneratePcm arm64 /Users/justinhou/Development/deepshelves/.build/S6UIDerivedData/ModuleCache.noindex/MediaToolbox-EDN72V3HDILOAL8OPN6ZS8NWI.pcm

SwiftExplicitDependencyGeneratePcm arm64 /Users/justinhou/Development/deepshelves/.build/S6UIDerivedData/ModuleCache.noindex/AVFAudio-C8YCQW56AZ2ONN34SIB5OEL78.pcm

SwiftExplicitDependencyGeneratePcm arm64 /Users/justinhou/Development/deepshelves/.build/S6UIDerivedData/ModuleCache.noindex/VideoToolbox-5R6X80O3S5WVCL5VNSP219VD2.pcm

SwiftExplicitDependencyGeneratePcm arm64 /Users/justinhou/Development/deepshelves/.build/S6UIDerivedData/ModuleCache.noindex/AppKit-5JDU29XPK72KK34YEW481YOM7.pcm

SwiftExplicitDependencyGeneratePcm arm64 /Users/justinhou/Development/deepshelves/.build/S6UIDerivedData/ModuleCache.noindex/AVFoundation-7OOBWO2GE9H5G3PR7NFILD9IZ.pcm

SwiftExplicitDependencyGeneratePcm arm64 /Users/justinhou/Development/deepshelves/.build/S6UIDerivedData/ModuleCache.noindex/ScreenCaptureKit-BCCRP6USP3Q8VLIGSHCBEKRS9.pcm

SwiftExplicitDependencyGeneratePcm arm64 /Users/justinhou/Development/deepshelves/.build/S6UIDerivedData/ModuleCache.noindex/SwiftUI-7KBOMV9MQDQ04LXU7PIP8S7EH.pcm

SwiftCompile normal arm64 Compiling\ CaptureSpikeHarness.swift,\ ContextSpikeHarness.swift,\ LM008ChildModes.swift,\ LocalMemoryApp.swift,\ S6SpikeHarness.swift /Users/justinhou/Development/deepshelves/Apps/LocalMemoryApp/CaptureSpikeHarness.swift /Users/justinhou/Development/deepshelves/Apps/LocalMemoryApp/ContextSpikeHarness.swift /Users/justinhou/Development/deepshelves/Apps/LocalMemoryApp/LM008ChildModes.swift /Users/justinhou/Development/deepshelves/Apps/LocalMemoryApp/LocalMemoryApp.swift /Users/justinhou/Development/deepshelves/Apps/LocalMemoryApp/S6SpikeHarness.swift /Applications/Xcode.app/Contents/Developer/Toolchains/XcodeDefault.xctoolchain/usr/lib/swift/macosx/prebuilt-modules/26.5/CoreImage.swiftmodule/arm64e-apple-macos.swiftmodule /Users/justinhou/Development/deepshelves/.build/S6UIDerivedData/Build/Products/Release/MemoryCapture.swiftmodule/arm64-apple-macos.swiftmodule /Applications/Xcode.app/Contents/Developer/Toolchains/XcodeDefault.xctoolchain/usr/lib/swift/macosx/prebuilt-modules/26.5/simd.swiftmodule/arm64e-apple-macos.swiftmodule /Users/justinhou/Development/deepshelves/.build/S6UIDerivedData/Build/Products/Release/MemoryDesignSystem.swiftmodule/arm64-apple-macos.swiftmodule /Applications/Xcode.app/Contents/Developer/Toolchains/XcodeDefault.xctoolchain/usr/lib/swift/macosx/prebuilt-modules/26.5/OSLog.swiftmodule/arm64e-apple-macos.swiftmodule /Applications/Xcode.app/Contents/Developer/Toolchains/XcodeDefault.xctoolchain/usr/lib/swift/macosx/prebuilt-modules/26.5/DeveloperToolsSupport.swiftmodule/arm64e-apple-macos.swiftmodule /Applications/Xcode.app/Contents/Developer/Toolchains/XcodeDefault.xctoolchain/usr/lib/swift/macosx/prebuilt-modules/26.5/_Concurrency.swiftmodule/arm64e-apple-macos.swiftmodule /Applications/Xcode.app/Contents/Developer/Toolchains/XcodeDefault.xctoolchain/usr/lib/swift/macosx/prebuilt-modules/26.5/Foundation.swiftmodule/arm64e-apple-macos.swiftmodule /Applications/Xcode.app/Contents/Developer/Toolchains/XcodeDefault.xctoolchain/usr/lib/swift/macosx/prebuilt-modules/26.5/CoreMIDI.swiftmodule/arm64e-apple-macos.swiftmodule /Users/justinhou/Development/deepshelves/.build/S6UIDerivedData/Build/Products/Release/MemoryEnrichment.swiftmodule/arm64-apple-macos.swiftmodule /Applications/Xcode.app/Contents/Developer/Toolchains/XcodeDefault.xctoolchain/usr/lib/swift/macosx/prebuilt-modules/26.5/os.swiftmodule/arm64e-apple-macos.swiftmodule /Applications/Xcode.app/Contents/Developer/Toolchains/XcodeDefault.xctoolchain/usr/lib/swift/macosx/prebuilt-modules/26.5/Darwin.swiftmodule/arm64e-apple-macos.swiftmodule /Applications/Xcode.app/Contents/Developer/Toolchains/XcodeDefault.xctoolchain/usr/lib/swift/macosx/prebuilt-modules/26.5/CoreVideo.swiftmodule/arm64e-apple-macos.swiftmodule /Applications/Xcode.app/Contents/Developer/Toolchains/XcodeDefault.xctoolchain/usr/lib/swift/macosx/prebuilt-modules/26.5/CoreText.swiftmodule/arm64e-apple-macos.swiftmodule /Applications/Xcode.app/Contents/Developer/Toolchains/XcodeDefault.xctoolchain/usr/lib/swift/macosx/prebuilt-modules/26.5/AudioToolbox.swiftmodule/arm64e-apple-macos.swiftmodule /Applications/Xcode.app/Contents/Developer/Toolchains/XcodeDefault.xctoolchain/usr/lib/swift/macosx/prebuilt-modules/26.5/LocalAuthentication.swiftmodule/arm64e-apple-macos.swiftmodule /Applications/Xcode.app/Contents/Developer/Toolchains/XcodeDefault.xctoolchain/usr/lib/swift/macosx/prebuilt-modules/26.5/_DarwinFoundation3.swiftmodule/arm64e-apple-macos.swiftmodule /Applications/Xcode.app/Contents/Developer/Toolchains/XcodeDefault.xctoolchain/usr/lib/swift/macosx/prebuilt-modules/26.5/Accelerate.swiftmodule/arm64e-apple-macos.swiftmodule /Applications/Xcode.app/Contents/Developer/Toolchains/XcodeDefault.xctoolchain/usr/lib/swift/macosx/prebuilt-modules/26.5/Dispatch.swiftmodule/arm64e-apple-macos.swiftmodule /Applications/Xcode.app/Contents/Developer/Toolchains/XcodeDefault.xctoolchain/usr/lib/swift/macosx/prebuilt-modules/26.5/Swift.swiftmodule/arm64e-apple-macos.swiftmodule /Applications/Xcode.app/Contents/Developer/Toolchains/XcodeDefault.xctoolchain/usr/lib/swift/macosx/prebuilt-modules/26.5/CryptoKit.swiftmodule/arm64e-apple-macos.swiftmodule /Applications/Xcode.app/Contents/Developer/Toolchains/XcodeDefault.xctoolchain/usr/lib/swift/macosx/prebuilt-modules/26.5/_StringProcessing.swiftmodule/arm64e-apple-macos.swiftmodule /Applications/Xcode.app/Contents/Developer/Toolchains/XcodeDefault.xctoolchain/usr/lib/swift/macosx/prebuilt-modules/26.5/CoreAudio.swiftmodule/arm64e-apple-macos.swiftmodule /Applications/Xcode.app/Contents/Developer/Toolchains/XcodeDefault.xctoolchain/usr/lib/swift/macosx/prebuilt-modules/26.5/CoreData.swiftmodule/arm64e-apple-macos.swiftmodule /Users/justinhou/Development/deepshelves/.build/S6UIDerivedData/Build/Products/Release/GRDB.swiftmodule/arm64-apple-macos.swiftmodule /Applications/Xcode.app/Contents/Developer/Toolchains/XcodeDefault.xctoolchain/usr/lib/swift/macosx/prebuilt-modules/26.5/Metal.swiftmodule/arm64e-apple-macos.swiftmodule /Applications/Xcode.app/Contents/Developer/Toolchains/XcodeDefault.xctoolchain/usr/lib/swift/macosx/prebuilt-modules/26.5/Synchronization.swiftmodule/arm64e-apple-macos.swiftmodule /Applications/Xcode.app/Contents/Developer/Toolchains/XcodeDefault.xctoolchain/usr/lib/swift/macosx/prebuilt-modules/26.5/CoreMedia.swiftmodule/arm64e-apple-macos.swiftmodule /Applications/Xcode.app/Contents/Developer/Toolchains/XcodeDefault.xctoolchain/usr/lib/swift/macosx/prebuilt-modules/26.5/AppKit.swiftmodule/arm64e-apple-macos.swiftmodule /Applications/Xcode.app/Contents/Developer/Toolchains/XcodeDefault.xctoolchain/usr/lib/swift/macosx/prebuilt-modules/26.5/_Builtin_float.swiftmodule/arm64e-apple-macos.swiftmodule /Applications/Xcode.app/Contents/Developer/Toolchains/XcodeDefault.xctoolchain/usr/lib/swift/macosx/prebuilt-modules/26.5/CoreGraphics.swiftmodule/arm64e-apple-macos.swiftmodule /Applications/Xcode.app/Contents/Developer/Toolchains/XcodeDefault.xctoolchain/usr/lib/swift/macosx/prebuilt-modules/26.5/IOKit.swiftmodule/arm64e-apple-macos.swiftmodule /Applications/Xcode.app/Contents/Developer/Toolchains/XcodeDefault.xctoolchain/usr/lib/swift/macosx/prebuilt-modules/26.5/SwiftUI.swiftmodule/arm64e-apple-macos.swiftmodule /Applications/Xcode.app/Contents/Developer/Toolchains/XcodeDefault.xctoolchain/usr/lib/swift/macosx/prebuilt-modules/26.5/ObjectiveC.swiftmodule/arm64e-apple-macos.swiftmodule /Applications/Xcode.app/Contents/Developer/Toolchains/XcodeDefault.xctoolchain/usr/lib/swift/macosx/prebuilt-modules/26.5/Combine.swiftmodule/arm64e-apple-macos.swiftmodule /Applications/Xcode.app/Contents/Developer/Toolchains/XcodeDefault.xctoolchain/usr/lib/swift/macosx/prebuilt-modules/26.5/Symbols.swiftmodule/arm64e-apple-macos.swiftmodule /Applications/Xcode.app/Contents/Developer/Toolchains/XcodeDefault.xctoolchain/usr/lib/swift/macosx/prebuilt-modules/26.5/Vision.swiftmodule/arm64e-apple-macos.swiftmodule /Users/justinhou/Development/deepshelves/.build/S6UIDerivedData/Build/Products/Release/MemoryStore.swiftmodule/arm64-apple-macos.swiftmodule /Applications/Xcode.app/Contents/Developer/Toolchains/XcodeDefault.xctoolchain/usr/lib/swift/macosx/prebuilt-modules/26.5/Spatial.swiftmodule/arm64e-apple-macos.swiftmodule /Applications/Xcode.app/Contents/Developer/Toolchains/XcodeDefault.xctoolchain/usr/lib/swift/macosx/prebuilt-modules/26.5/AVFAudio.swiftmodule/arm64e-apple-macos.swiftmodule /Applications/Xcode.app/Contents/Developer/Toolchains/XcodeDefault.xctoolchain/usr/lib/swift/macosx/prebuilt-modules/26.5/DataDetection.swiftmodule/arm64e-apple-macos.swiftmodule /Applications/Xcode.app/Contents/Developer/Toolchains/XcodeDefault.xctoolchain/usr/lib/swift/macosx/prebuilt-modules/26.5/UniformTypeIdentifiers.swiftmodule/arm64e-apple-macos.swiftmodule /Applications/Xcode.app/Contents/Developer/Toolchains/XcodeDefault.xctoolchain/usr/lib/swift/macosx/prebuilt-modules/26.5/CoreML.swiftmodule/arm64e-apple-macos.swiftmodule /Applications/Xcode.app/Contents/Developer/Toolchains/XcodeDefault.xctoolchain/usr/lib/swift/macosx/prebuilt-modules/26.5/XPC.swiftmodule/arm64e-apple-macos.swiftmodule /Applications/Xcode.app/Contents/Developer/Toolchains/XcodeDefault.xctoolchain/usr/lib/swift/macosx/prebuilt-modules/26.5/_DarwinFoundation1.swiftmodule/arm64e-apple-macos.swiftmodule /Applications/Xcode.app/Contents/Developer/Toolchains/XcodeDefault.xctoolchain/usr/lib/swift/macosx/prebuilt-modules/26.5/CoreTransferable.swiftmodule/arm64e-apple-macos.swiftmodule /Applications/Xcode.app/Contents/Developer/Toolchains/XcodeDefault.xctoolchain/usr/lib/swift/macosx/prebuilt-modules/26.5/SwiftUICore.swiftmodule/arm64e-apple-macos.swiftmodule /Applications/Xcode.app/Contents/Developer/Toolchains/XcodeDefault.xctoolchain/usr/lib/swift/macosx/prebuilt-modules/26.5/VideoToolbox.swiftmodule/arm64e-apple-macos.swiftmodule /Applications/Xcode.app/Contents/Developer/Toolchains/XcodeDefault.xctoolchain/usr/lib/swift/macosx/prebuilt-modules/26.5/CoreFoundation.swiftmodule/arm64e-apple-macos.swiftmodule /Users/justinhou/Development/deepshelves/.build/S6UIDerivedData/Build/Products/Release/MemoryContracts.swiftmodule/arm64-apple-macos.swiftmodule /Applications/Xcode.app/Contents/Developer/Toolchains/XcodeDefault.xctoolchain/usr/lib/swift/macosx/prebuilt-modules/26.5/ScreenCaptureKit.swiftmodule/arm64e-apple-macos.swiftmodule /Applications/Xcode.app/Contents/Developer/Toolchains/XcodeDefault.xctoolchain/usr/lib/swift/macosx/prebuilt-modules/26.5/AVFoundation.swiftmodule/arm64e-apple-macos.swiftmodule /Applications/Xcode.app/Contents/Developer/Toolchains/XcodeDefault.xctoolchain/usr/lib/swift/macosx/prebuilt-modules/26.5/System.swiftmodule/arm64e-apple-macos.swiftmodule /Applications/Xcode.app/Contents/Developer/Toolchains/XcodeDefault.xctoolchain/usr/lib/swift/macosx/prebuilt-modules/26.5/Accessibility.swiftmodule/arm64e-apple-macos.swiftmodule /Applications/Xcode.app/Contents/Developer/Toolchains/XcodeDefault.xctoolchain/usr/lib/swift/macosx/prebuilt-modules/26.5/_DarwinFoundation2.swiftmodule/arm64e-apple-macos.swiftmodule /Applications/Xcode.app/Contents/Developer/Toolchains/XcodeDefault.xctoolchain/usr/lib/swift/macosx/prebuilt-modules/26.5/QuartzCore.swiftmodule/arm64e-apple-macos.swiftmodule /Applications/Xcode.app/Contents/Developer/Toolchains/XcodeDefault.xctoolchain/usr/lib/swift/macosx/prebuilt-modules/26.5/Observation.swiftmodule/arm64e-apple-macos.swiftmodule /Users/justinhou/Development/deepshelves/.build/S6UIDerivedData/ModuleCache.noindex/SwiftShims-60LLYTW9USEK7UO4R025VDRKO.pcm /Users/justinhou/Development/deepshelves/.build/S6UIDerivedData/ModuleCache.noindex/Foundation-C4DR5RX5V6T81E28NHPA4MTKK.pcm /Users/justinhou/Development/deepshelves/.build/S6UIDerivedData/ModuleCache.noindex/CoreML-4F28HLUW2753AX0KQQS1S6F3R.pcm /Users/justinhou/Development/deepshelves/.build/S6UIDerivedData/ModuleCache.noindex/CoreImage-224DFB8M1505AW7PAGHYPM8FC.pcm /Users/justinhou/Development/deepshelves/.build/S6UIDerivedData/ModuleCache.noindex/CoreGraphics-5OMGGGE13WTMH1ND5ROFA1QXF.pcm /Users/justinhou/Development/deepshelves/.build/S6UIDerivedData/ModuleCache.noindex/libDER-8DMNZA13BV9XZYJCX7CVE7N6G.pcm /Users/justinhou/Development/deepshelves/.build/S6UIDerivedData/ModuleCache.noindex/XPC-4T7W1K53QAC10AF3AQ44E8NXA.pcm /Users/justinhou/Development/deepshelves/.build/S6UIDerivedData/ModuleCache.noindex/Vision-7J8DX6BQ0409CESYFDGUSOGFH.pcm /Users/justinhou/Development/deepshelves/.build/S6UIDerivedData/ModuleCache.noindex/QuartzCore-7KNES39G3CTKV52VY33COIJDA.pcm /Users/justinhou/Development/deepshelves/.build/S6UIDerivedData/ModuleCache.noindex/ColorSync-B5XXZ80NG8APSMJFNGNJFLB1A.pcm /Users/justinhou/Development/deepshelves/.build/S6UIDerivedData/ModuleCache.noindex/SwiftUI-7KBOMV9MQDQ04LXU7PIP8S7EH.pcm /Users/justinhou/Development/deepshelves/.build/S6UIDerivedData/ModuleCache.noindex/CoreData-AF381LBL1T8Q3781X77ET7H03.pcm /Users/justinhou/Development/deepshelves/.build/S6UIDerivedData/ModuleCache.noindex/os_object-5K6FT0VY5L2IC99I4ZBIUQSQO.pcm /Users/justinhou/Development/deepshelves/.build/S6UIDerivedData/ModuleCache.noindex/OSLog-3YNB8E86VHG32LP1CCTPESCEY.pcm /Users/justinhou/Development/deepshelves/.build/S6UIDerivedData/ModuleCache.noindex/IOSurface-DZ0SPSQ74AI420FT1ZPBYRTIK.pcm /Users/justinhou/Development/deepshelves/.build/S6UIDerivedData/ModuleCache.noindex/simd-DN3ZTJL1G9G5V419BZFBOUL90.pcm /Users/justinhou/Development/deepshelves/.build/S6UIDerivedData/ModuleCache.noindex/_Builtin_stdarg-87ER9HC6443E2U6RAQDB4A6ZL.pcm /Users/justinhou/Development/deepshelves/.build/S6UIDerivedData/ModuleCache.noindex/Darwin-CXZC9PWWUHW7EI2I7H7AG9U0L.pcm /Users/justinhou/Development/deepshelves/.build/S6UIDerivedData/ModuleCache.noindex/_DarwinFoundation2-7TOSYINVCWVIS38SRJAWGYCU4.pcm /Users/justinhou/Development/deepshelves/.build/S6UIDerivedData/ModuleCache.noindex/ptrauth-9Q5NKSQJOMV9JPBZ5666O16TL.pcm /Users/justinhou/Development/deepshelves/.build/S6UIDerivedData/ModuleCache.noindex/Security-1691ONHRMYO4HOAX0MPCZ2MLW.pcm /Users/justinhou/Development/deepshelves/.build/S6UIDerivedData/ModuleCache.noindex/LocalAuthentication-AGQOBNE3X8H9P1R37NK0GP37B.pcm /Users/justinhou/Development/deepshelves/.build/S6UIDerivedData/ModuleCache.noindex/_Builtin_float-4XVHR1KB3X49XQ3WN0WQ0EL10.pcm /Users/justinhou/Development/deepshelves/.build/S6UIDerivedData/ModuleCache.noindex/DiskArbitration-84V8003Q8KZP402RELQPGY0DJ.pcm /Users/justinhou/Development/deepshelves/.build/S6UIDerivedData/ModuleCache.noindex/_Builtin_inttypes-85OXLXC6G35RGFRXPS70BMR34.pcm /Users/justinhou/Development/deepshelves/.build/S6UIDerivedData/ModuleCache.noindex/CoreAudioTypes-1LJLM6IYLA1M88S6IKG8FX8PL.pcm /Users/justinhou/Development/deepshelves/.build/S6UIDerivedData/ModuleCache.noindex/Accessibility-1NL42NVW9DYWW1BA0G88UVRZZ.pcm /Users/justinhou/Development/deepshelves/.build/S6UIDerivedData/ModuleCache.noindex/CoreMedia-48FNIHV86WC7E5AJQIX636D3K.pcm /Users/justinhou/Development/deepshelves/.build/S6UIDerivedData/ModuleCache.noindex/_Builtin_limits-DB1VMX7S68HCBAJBF3YDLAXC7.pcm /Users/justinhou/Development/deepshelves/.build/S6UIDerivedData/ModuleCache.noindex/SwiftUICore-CDQ3YZTTQCY92YEA1OSKY9UYK.pcm /Users/justinhou/Development/deepshelves/.build/S6UIDerivedData/ModuleCache.noindex/sys_types-9YAKL3H27WYABQLR4D39509G0.pcm /Users/justinhou/Development/deepshelves/.build/S6UIDerivedData/Build/Intermediates.noindex/SwiftExplicitPrecompiledModules/SQLCipher-EB846LUO9PE66TU1I68KEFS6I.pcm /Users/justinhou/Development/deepshelves/.build/S6UIDerivedData/ModuleCache.noindex/ImageIO-ETGHB0YFOYXUX2LODH2L5NXQN.pcm /Users/justinhou/Development/deepshelves/.build/S6UIDerivedData/ModuleCache.noindex/_AvailabilityInternal-T8GTYGGE29UGSHBNBESV1K6R.pcm /Users/justinhou/Development/deepshelves/.build/S6UIDerivedData/ModuleCache.noindex/AVFoundation-7OOBWO2GE9H5G3PR7NFILD9IZ.pcm /Users/justinhou/Development/deepshelves/.build/S6UIDerivedData/ModuleCache.noindex/CoreTransferable-8I0NZORKSI6M4O3IFNARU857B.pcm /Users/justinhou/Development/deepshelves/.build/S6UIDerivedData/ModuleCache.noindex/MediaToolbox-EDN72V3HDILOAL8OPN6ZS8NWI.pcm /Users/justinhou/Development/deepshelves/.build/S6UIDerivedData/ModuleCache.noindex/launch-1BQ5JRZ7T9VCEK2BNW3M648IP.pcm /Users/justinhou/Development/deepshelves/.build/S6UIDerivedData/ModuleCache.noindex/_Builtin_stdatomic-AZA9R97UXQ6A2O017GP4YZWQP.pcm /Users/justinhou/Development/deepshelves/.build/S6UIDerivedData/ModuleCache.noindex/_Builtin_intrinsics-8SSQSOMS28E3WCQOL44F297UO.pcm /Users/justinhou/Development/deepshelves/.build/S6UIDerivedData/ModuleCache.noindex/_Builtin_tgmath-8VWXMNBN0R4IYU3MECSKKFXE3.pcm /Users/justinhou/Development/deepshelves/.build/S6UIDerivedData/ModuleCache.noindex/CoreMIDI-4P1X4HMF32UTKM3YSTJBMA4N8.pcm /Users/justinhou/Development/deepshelves/.build/S6UIDerivedData/ModuleCache.noindex/CFNetwork-9CQI3HGW4YH8SJXHG6CJLPLN3.pcm /Users/justinhou/Development/deepshelves/.build/S6UIDerivedData/ModuleCache.noindex/UniformTypeIdentifiers-5FXEN3GXIP6NUGOA1SOCCQRY3.pcm /Users/justinhou/Development/deepshelves/.build/S6UIDerivedData/ModuleCache.noindex/ApplicationServices-C85O06S3W0B3ALP89ZCA3MJJ2.pcm /Users/justinhou/Development/deepshelves/.build/S6UIDerivedData/ModuleCache.noindex/AudioToolbox-2P6Y61B5JSZLC6XAHS09GYBT2.pcm /Users/justinhou/Development/deepshelves/.build/S6UIDerivedData/ModuleCache.noindex/_DarwinFoundation1-XAQHTA49C592PHE2OZIEPHQH.pcm /Users/justinhou/Development/deepshelves/.build/S6UIDerivedData/ModuleCache.noindex/os-8NUZ3PCK9OPL35SJ46EB33YHP.pcm /Users/justinhou/Development/deepshelves/.build/S6UIDerivedData/ModuleCache.noindex/_Builtin_stddef-BCC6KYENB6V8MSWJ3Q1N5AT66.pcm /Users/justinhou/Development/deepshelves/.build/S6UIDerivedData/ModuleCache.noindex/libkern-4VG0WUXWGS7ABMBQNDHFMRK3W.pcm /Users/justinhou/Development/deepshelves/.build/S6UIDerivedData/ModuleCache.noindex/os_workgroup-2AUR550FHH1BQLE8GQ9FI8NSJ.pcm /Users/justinhou/Development/deepshelves/.build/S6UIDerivedData/ModuleCache.noindex/OpenGL-6G2X2LEI22U11O7I1PCD201G3.pcm /Users/justinhou/Development/deepshelves/.build/S6UIDerivedData/ModuleCache.noindex/VideoToolbox-5R6X80O3S5WVCL5VNSP219VD2.pcm /Users/justinhou/Development/deepshelves/.build/S6UIDerivedData/ModuleCache.noindex/CoreFoundation-4RLKBYKQ5CE7G1H4SK6R2EA8Q.pcm /Users/justinhou/Development/deepshelves/.build/S6UIDerivedData/ModuleCache.noindex/Spatial-5RZ1N6O7T3NL0SMVEW6408D7A.pcm /Users/justinhou/Development/deepshelves/.build/S6UIDerivedData/Build/Intermediates.noindex/SwiftExplicitPrecompiledModules/GRDBSQLCipher-99RHJ8QJ7GD0FPIA9BX62007Y.pcm /Users/justinhou/Development/deepshelves/.build/S6UIDerivedData/ModuleCache.noindex/CoreAudio-AGH5HHWCBJOUQDVUZIVIPB4K8.pcm /Users/justinhou/Development/deepshelves/.build/S6UIDerivedData/ModuleCache.noindex/DeveloperToolsSupport-7U5KZ7NCTO836N5YNDR4DK14R.pcm /Users/justinhou/Development/deepshelves/.build/S6UIDerivedData/ModuleCache.noindex/string_h-7K7WVUR3OY740MMLAT7SLAYY0.pcm /Users/justinhou/Development/deepshelves/.build/S6UIDerivedData/ModuleCache.noindex/CoreServices-6S682447QYU054L9TC6J5SZD6.pcm /Users/justinhou/Development/deepshelves/.build/S6UIDerivedData/ModuleCache.noindex/Carbon-CUGT1SBS5KGKZF8Z7JFFBQ621.pcm /Users/justinhou/Development/deepshelves/.build/S6UIDerivedData/ModuleCache.noindex/AppKit-5JDU29XPK72KK34YEW481YOM7.pcm /Users/justinhou/Development/deepshelves/.build/S6UIDerivedData/ModuleCache.noindex/AVFAudio-C8YCQW56AZ2ONN34SIB5OEL78.pcm /Users/justinhou/Development/deepshelves/.build/S6UIDerivedData/ModuleCache.noindex/_DarwinFoundation3-90QCA2FFM0Q32IF9D2O9D5327.pcm /Users/justinhou/Development/deepshelves/.build/S6UIDerivedData/ModuleCache.noindex/ObjectiveC-1CVZ0LNEM49J91OHY3XBNATRJ.pcm /Users/justinhou/Development/deepshelves/.build/S6UIDerivedData/ModuleCache.noindex/Metal-F3VOBUD7YEXHJQFQXF9I6PC7J.pcm /Users/justinhou/Development/deepshelves/.build/S6UIDerivedData/ModuleCache.noindex/Symbols-5TTS4GVLC3PFEMUEGOT2MRTKI.pcm /Users/justinhou/Development/deepshelves/.build/S6UIDerivedData/ModuleCache.noindex/MachO-CQ5U6BEZJCMBDI0CRWOGY4FY.pcm /Users/justinhou/Development/deepshelves/.build/S6UIDerivedData/ModuleCache.noindex/_SwiftConcurrencyShims-410LZ88E9CYJ14BS7NJOTSSBW.pcm /Users/justinhou/Development/deepshelves/.build/S6UIDerivedData/ModuleCache.noindex/CoreVideo-ACJX5VG7CWOJE5LP70G0LIROT.pcm /Users/justinhou/Development/deepshelves/.build/S6UIDerivedData/ModuleCache.noindex/DataDetection-CIWBU6TC59Y1EU16PRNK1MQB9.pcm /Users/justinhou/Development/deepshelves/.build/S6UIDerivedData/ModuleCache.noindex/_Builtin_stdint-6YA6JPNM2CLAPMAVS04UM31HZ.pcm /Users/justinhou/Development/deepshelves/.build/S6UIDerivedData/ModuleCache.noindex/CUPS-ERTM4FWG7T1SWKP6I8LQD6LMV.pcm /Users/justinhou/Development/deepshelves/.build/S6UIDerivedData/ModuleCache.noindex/ptrcheck-20A90NHAV7ER498PDDGQDIH9N.pcm /Users/justinhou/Development/deepshelves/.build/S6UIDerivedData/ModuleCache.noindex/_Builtin_stdbool-DW6MA43E13JSBIIBTP5PCOAP6.pcm /Users/justinhou/Development/deepshelves/.build/S6UIDerivedData/ModuleCache.noindex/IOKit-31SLQWL04P2SXH9VPUTVE13G0.pcm /Users/justinhou/Development/deepshelves/.build/S6UIDerivedData/ModuleCache.noindex/Dispatch-AWXITZ0VEB8G3BGL355EZNNTF.pcm /Users/justinhou/Development/deepshelves/.build/S6UIDerivedData/ModuleCache.noindex/ScreenCaptureKit-BCCRP6USP3Q8VLIGSHCBEKRS9.pcm /Users/justinhou/Development/deepshelves/.build/S6UIDerivedData/ModuleCache.noindex/CoreText-99LVBIMTAGFNJDW8Q4SJHYRRK.pcm /Users/justinhou/Development/deepshelves/.build/S6UIDerivedData/ModuleCache.noindex/Accelerate-BSTMAO37L5MMBU7D9MTTIOEGK.pcm /Users/justinhou/Development/deepshelves/.build/S6UIDerivedData/Build/Intermediates.noindex/LocalMemory.build/Release/LocalMemoryApp.build/Objects-normal/arm64/Local_Memory-dependencies-1.json (in target 'LocalMemoryApp' from project 'LocalMemory')

CompileSwift normal arm64 (in target 'LocalMemoryApp' from project 'LocalMemory')
    cd /Users/justinhou/Development/deepshelves


SwiftDriverJobDiscovery normal arm64 Compiling CaptureSpikeHarness.swift, ContextSpikeHarness.swift, LM008ChildModes.swift, LocalMemoryApp.swift, S6SpikeHarness.swift (in target 'LocalMemoryApp' from project 'LocalMemory')

SwiftDriver\ Compilation\ Requirements LocalMemoryApp normal arm64 com.apple.xcode.tools.swift.compiler (in target 'LocalMemoryApp' from project 'LocalMemory')
    cd /Users/justinhou/Development/deepshelves
    builtin-Swift-Compilation-Requirements -- /Applications/Xcode.app/Contents/Developer/Toolchains/XcodeDefault.xctoolchain/usr/bin/swiftc -module-name Local_Memory -O -whole-module-optimization @/Users/justinhou/Development/deepshelves/.build/S6UIDerivedData/Build/Intermediates.noindex/LocalMemory.build/Release/LocalMemoryApp.build/Objects-normal/arm64/Local\ Memory.SwiftFileList -enable-experimental-feature DebugDescriptionMacro -sdk /Applications/Xcode.app/Contents/Developer/Platforms/MacOSX.platform/Developer/SDKs/MacOSX26.5.sdk -target arm64-apple-macos15.0 -g -module-cache-path /Users/justinhou/Development/deepshelves/.build/S6UIDerivedData/ModuleCache.noindex -Xfrontend -serialize-debugging-options -warnings-as-errors -swift-version 6 -I /Users/justinhou/Development/deepshelves/.build/S6UIDerivedData/Build/Products/Release -F /Users/justinhou/Development/deepshelves/.build/S6UIDerivedData/Build/Products/Release/PackageFrameworks -F /Users/justinhou/Development/deepshelves/.build/S6UIDerivedData/Build/Products/Release/PackageFrameworks -F /Users/justinhou/Development/deepshelves/.build/S6UIDerivedData/Build/Products/Release/PackageFrameworks -F /Users/justinhou/Development/deepshelves/.build/S6UIDerivedData/Build/Products/Release/PackageFrameworks -F /Users/justinhou/Development/deepshelves/.build/S6UIDerivedData/Build/Products/Release/PackageFrameworks -F /Users/justinhou/Development/deepshelves/.build/S6UIDerivedData/Build/Products/Release/PackageFrameworks -F /Users/justinhou/Development/deepshelves/.build/S6UIDerivedData/Build/Products/Release/PackageFrameworks -F /Users/justinhou/Development/deepshelves/.build/S6UIDerivedData/Build/Products/Release -c -num-threads 12 -Xcc -ivfsstatcache -Xcc /Users/justinhou/Development/deepshelves/.build/S6UIDerivedData/SDKStatCaches.noindex/macosx26.5-25F70-e082c4a02f00227109f4ed75e425c832.sdkstatcache -output-file-map /Users/justinhou/Development/deepshelves/.build/S6UIDerivedData/Build/Intermediates.noindex/LocalMemory.build/Release/LocalMemoryApp.build/Objects-normal/arm64/LocalMemoryApp-OutputFileMap.json -use-frontend-parseable-output -save-temps -no-color-diagnostics -explicit-module-build -module-cache-path /Users/justinhou/Development/deepshelves/.build/S6UIDerivedData/Build/Intermediates.noindex/SwiftExplicitPrecompiledModules -clang-scanner-module-cache-path /Users/justinhou/Development/deepshelves/.build/S6UIDerivedData/ModuleCache.noindex -sdk-module-cache-path /Users/justinhou/Development/deepshelves/.build/S6UIDerivedData/ModuleCache.noindex -serialize-diagnostics -emit-dependencies -emit-module -emit-module-path /Users/justinhou/Development/deepshelves/.build/S6UIDerivedData/Build/Intermediates.noindex/LocalMemory.build/Release/LocalMemoryApp.build/Objects-normal/arm64/Local_Memory.swiftmodule -validate-clang-modules-once -clang-build-session-file /Users/justinhou/Development/deepshelves/.build/S6UIDerivedData/ModuleCache.noindex/Session.modulevalidation -Xcc -I/Users/justinhou/Development/deepshelves/.build/S6UIDerivedData/Build/Intermediates.noindex/LocalMemory.build/Release/LocalMemoryApp.build/swift-overrides.hmap -emit-const-values -Xfrontend -const-gather-protocols-file -Xfrontend /Users/justinhou/Development/deepshelves/.build/S6UIDerivedData/Build/Intermediates.noindex/LocalMemory.build/Release/LocalMemoryApp.build/Objects-normal/arm64/LocalMemoryApp_const_extract_protocols.json -Xcc -iquote -Xcc /Users/justinhou/Development/deepshelves/.build/S6UIDerivedData/Build/Intermediates.noindex/LocalMemory.build/Release/LocalMemoryApp.build/Local\ Memory-generated-files.hmap -Xcc -I/Users/justinhou/Development/deepshelves/.build/S6UIDerivedData/Build/Intermediates.noindex/LocalMemory.build/Release/LocalMemoryApp.build/Local\ Memory-own-target-headers.hmap -Xcc -I/Users/justinhou/Development/deepshelves/.build/S6UIDerivedData/Build/Intermediates.noindex/LocalMemory.build/Release/LocalMemoryApp.build/Local\ Memory-all-non-framework-target-headers.hmap -Xcc -ivfsoverlay -Xcc /Users/justinhou/Development/deepshelves/.build/S6UIDerivedData/Build/Intermediates.noindex/LocalMemory.build/Release/LocalMemory-a2f6a35635c1f574034e85928886420d-VFS/all-product-headers.yaml -Xcc -iquote -Xcc /Users/justinhou/Development/deepshelves/.build/S6UIDerivedData/Build/Intermediates.noindex/LocalMemory.build/Release/LocalMemoryApp.build/Local\ Memory-project-headers.hmap -Xcc -I/Users/justinhou/Development/deepshelves/.build/Dependencies/GRDB.swift-a285e4ca87ec6b3584c97b0ec25fc61fec02de60/Sources/GRDBSQLCipher/include -Xcc -I/Users/justinhou/Development/deepshelves/.build/S6UIDerivedData/Build/Products/Release/include -Xcc -I/Users/justinhou/Development/deepshelves/.build/S6UIDerivedData/Build/Intermediates.noindex/LocalMemory.build/Release/LocalMemoryApp.build/DerivedSources-normal/arm64 -Xcc -I/Users/justinhou/Development/deepshelves/.build/S6UIDerivedData/Build/Intermediates.noindex/LocalMemory.build/Release/LocalMemoryApp.build/DerivedSources/arm64 -Xcc -I/Users/justinhou/Development/deepshelves/.build/S6UIDerivedData/Build/Intermediates.noindex/LocalMemory.build/Release/LocalMemoryApp.build/DerivedSources -emit-objc-header -emit-objc-header-path /Users/justinhou/Development/deepshelves/.build/S6UIDerivedData/Build/Intermediates.noindex/LocalMemory.build/Release/LocalMemoryApp.build/Objects-normal/arm64/Local_Memory-Swift.h -working-directory /Users/justinhou/Development/deepshelves -no-emit-module-separately-wmo

SwiftMergeGeneratedHeaders /Users/justinhou/Development/deepshelves/.build/S6UIDerivedData/Build/Intermediates.noindex/LocalMemory.build/Release/LocalMemoryApp.build/DerivedSources/Local_Memory-Swift.h /Users/justinhou/Development/deepshelves/.build/S6UIDerivedData/Build/Intermediates.noindex/LocalMemory.build/Release/LocalMemoryApp.build/Objects-normal/arm64/Local_Memory-Swift.h (in target 'LocalMemoryApp' from project 'LocalMemory')
    cd /Users/justinhou/Development/deepshelves
    builtin-swiftHeaderTool -arch arm64 /Users/justinhou/Development/deepshelves/.build/S6UIDerivedData/Build/Intermediates.noindex/LocalMemory.build/Release/LocalMemoryApp.build/Objects-normal/arm64/Local_Memory-Swift.h -o /Users/justinhou/Development/deepshelves/.build/S6UIDerivedData/Build/Intermediates.noindex/LocalMemory.build/Release/LocalMemoryApp.build/DerivedSources/Local_Memory-Swift.h

Copy /Users/justinhou/Development/deepshelves/.build/S6UIDerivedData/Build/Products/Release/Local_Memory.swiftmodule/arm64-apple-macos.abi.json /Users/justinhou/Development/deepshelves/.build/S6UIDerivedData/Build/Intermediates.noindex/LocalMemory.build/Release/LocalMemoryApp.build/Objects-normal/arm64/Local_Memory.abi.json (in target 'LocalMemoryApp' from project 'LocalMemory')
    cd /Users/justinhou/Development/deepshelves
    builtin-copy -exclude .DS_Store -exclude CVS -exclude .svn -exclude .git -exclude .hg -resolve-src-symlinks -rename /Users/justinhou/Development/deepshelves/.build/S6UIDerivedData/Build/Intermediates.noindex/LocalMemory.build/Release/LocalMemoryApp.build/Objects-normal/arm64/Local_Memory.abi.json /Users/justinhou/Development/deepshelves/.build/S6UIDerivedData/Build/Products/Release/Local_Memory.swiftmodule/arm64-apple-macos.abi.json

Copy /Users/justinhou/Development/deepshelves/.build/S6UIDerivedData/Build/Products/Release/Local_Memory.swiftmodule/arm64-apple-macos.swiftdoc /Users/justinhou/Development/deepshelves/.build/S6UIDerivedData/Build/Intermediates.noindex/LocalMemory.build/Release/LocalMemoryApp.build/Objects-normal/arm64/Local_Memory.swiftdoc (in target 'LocalMemoryApp' from project 'LocalMemory')
    cd /Users/justinhou/Development/deepshelves
    builtin-copy -exclude .DS_Store -exclude CVS -exclude .svn -exclude .git -exclude .hg -resolve-src-symlinks -rename /Users/justinhou/Development/deepshelves/.build/S6UIDerivedData/Build/Intermediates.noindex/LocalMemory.build/Release/LocalMemoryApp.build/Objects-normal/arm64/Local_Memory.swiftdoc /Users/justinhou/Development/deepshelves/.build/S6UIDerivedData/Build/Products/Release/Local_Memory.swiftmodule/arm64-apple-macos.swiftdoc

Copy /Users/justinhou/Development/deepshelves/.build/S6UIDerivedData/Build/Products/Release/Local_Memory.swiftmodule/arm64-apple-macos.swiftmodule /Users/justinhou/Development/deepshelves/.build/S6UIDerivedData/Build/Intermediates.noindex/LocalMemory.build/Release/LocalMemoryApp.build/Objects-normal/arm64/Local_Memory.swiftmodule (in target 'LocalMemoryApp' from project 'LocalMemory')
    cd /Users/justinhou/Development/deepshelves
    builtin-copy -exclude .DS_Store -exclude CVS -exclude .svn -exclude .git -exclude .hg -resolve-src-symlinks -rename /Users/justinhou/Development/deepshelves/.build/S6UIDerivedData/Build/Intermediates.noindex/LocalMemory.build/Release/LocalMemoryApp.build/Objects-normal/arm64/Local_Memory.swiftmodule /Users/justinhou/Development/deepshelves/.build/S6UIDerivedData/Build/Products/Release/Local_Memory.swiftmodule/arm64-apple-macos.swiftmodule

Copy /Users/justinhou/Development/deepshelves/.build/S6UIDerivedData/Build/Products/Release/Local_Memory.swiftmodule/Project/arm64-apple-macos.swiftsourceinfo /Users/justinhou/Development/deepshelves/.build/S6UIDerivedData/Build/Intermediates.noindex/LocalMemory.build/Release/LocalMemoryApp.build/Objects-normal/arm64/Local_Memory.swiftsourceinfo (in target 'LocalMemoryApp' from project 'LocalMemory')
    cd /Users/justinhou/Development/deepshelves
    builtin-copy -exclude .DS_Store -exclude CVS -exclude .svn -exclude .git -exclude .hg -resolve-src-symlinks -rename /Users/justinhou/Development/deepshelves/.build/S6UIDerivedData/Build/Intermediates.noindex/LocalMemory.build/Release/LocalMemoryApp.build/Objects-normal/arm64/Local_Memory.swiftsourceinfo /Users/justinhou/Development/deepshelves/.build/S6UIDerivedData/Build/Products/Release/Local_Memory.swiftmodule/Project/arm64-apple-macos.swiftsourceinfo

Ld /Users/justinhou/Development/deepshelves/.build/S6UIDerivedData/Build/Products/Release/Local\ Memory.app/Contents/MacOS/Local\ Memory normal (in target 'LocalMemoryApp' from project 'LocalMemory')
    cd /Users/justinhou/Development/deepshelves
    /Applications/Xcode.app/Contents/Developer/Toolchains/XcodeDefault.xctoolchain/usr/bin/clang -Xlinker -reproducible -target arm64-apple-macos15.0 -isysroot /Applications/Xcode.app/Contents/Developer/Platforms/MacOSX.platform/Developer/SDKs/MacOSX26.5.sdk -Os -L/Users/justinhou/Development/deepshelves/.build/S6UIDerivedData/Build/Intermediates.noindex/EagerLinkingTBDs/Release -L/Users/justinhou/Development/deepshelves/.build/S6UIDerivedData/Build/Products/Release -F/Users/justinhou/Development/deepshelves/.build/S6UIDerivedData/Build/Intermediates.noindex/EagerLinkingTBDs/Release -F/Users/justinhou/Development/deepshelves/.build/S6UIDerivedData/Build/Products/Release/PackageFrameworks -F/Users/justinhou/Development/deepshelves/.build/S6UIDerivedData/Build/Products/Release/PackageFrameworks -F/Users/justinhou/Development/deepshelves/.build/S6UIDerivedData/Build/Products/Release/PackageFrameworks -F/Users/justinhou/Development/deepshelves/.build/S6UIDerivedData/Build/Products/Release/PackageFrameworks -F/Users/justinhou/Development/deepshelves/.build/S6UIDerivedData/Build/Products/Release/PackageFrameworks -F/Users/justinhou/Development/deepshelves/.build/S6UIDerivedData/Build/Products/Release/PackageFrameworks -F/Users/justinhou/Development/deepshelves/.build/S6UIDerivedData/Build/Products/Release/PackageFrameworks -F/Users/justinhou/Development/deepshelves/.build/S6UIDerivedData/Build/Products/Release -filelist /Users/justinhou/Development/deepshelves/.build/S6UIDerivedData/Build/Intermediates.noindex/LocalMemory.build/Release/LocalMemoryApp.build/Objects-normal/arm64/Local\ Memory.LinkFileList -Xlinker -rpath -Xlinker /usr/lib/swift -Xlinker -rpath -Xlinker @executable_path/../Frameworks -Xlinker -object_path_lto -Xlinker /Users/justinhou/Development/deepshelves/.build/S6UIDerivedData/Build/Intermediates.noindex/LocalMemory.build/Release/LocalMemoryApp.build/Objects-normal/arm64/Local\ Memory_lto.o -Xlinker -dependency_info -Xlinker /Users/justinhou/Development/deepshelves/.build/S6UIDerivedData/Build/Intermediates.noindex/LocalMemory.build/Release/LocalMemoryApp.build/Objects-normal/arm64/Local\ Memory_dependency_info.dat -fobjc-link-runtime -L/Applications/Xcode.app/Contents/Developer/Toolchains/XcodeDefault.xctoolchain/usr/lib/swift/macosx -L/usr/lib/swift -Xlinker -add_ast_path -Xlinker /Users/justinhou/Development/deepshelves/.build/S6UIDerivedData/Build/Intermediates.noindex/LocalMemory.build/Release/LocalMemoryApp.build/Objects-normal/arm64/Local_Memory.swiftmodule @/Users/justinhou/Development/deepshelves/.build/S6UIDerivedData/Build/Intermediates.noindex/LocalMemory.build/Release/LocalMemoryApp.build/Objects-normal/arm64/Local_Memory-linker-args.resp -Wl,-no_warn_duplicate_libraries -Wl,-no_warn_duplicate_libraries -Wl,-no_warn_duplicate_libraries -Wl,-no_warn_duplicate_libraries -Wl,-no_warn_duplicate_libraries -Wl,-no_warn_duplicate_libraries -Wl,-no_warn_duplicate_libraries -framework SQLCipher -framework SQLCipher -Xlinker -no_adhoc_codesign -o /Users/justinhou/Development/deepshelves/.build/S6UIDerivedData/Build/Products/Release/Local\ Memory.app/Contents/MacOS/Local\ Memory -Xlinker -add_ast_path -Xlinker /Users/justinhou/Development/deepshelves/.build/S6UIDerivedData/Build/Intermediates.noindex/MemoryCapture.build/Release/MemoryCapture.build/Objects-normal/arm64/MemoryCapture.swiftmodule @/Users/justinhou/Development/deepshelves/.build/S6UIDerivedData/Build/Intermediates.noindex/MemoryCapture.build/Release/MemoryCapture.build/Objects-normal/arm64/MemoryCapture-linker-args.resp -Xlinker -add_ast_path -Xlinker /Users/justinhou/Development/deepshelves/.build/S6UIDerivedData/Build/Intermediates.noindex/MemoryContracts.build/Release/MemoryContracts.build/Objects-normal/arm64/MemoryContracts.swiftmodule @/Users/justinhou/Development/deepshelves/.build/S6UIDerivedData/Build/Intermediates.noindex/MemoryContracts.build/Release/MemoryContracts.build/Objects-normal/arm64/MemoryContracts-linker-args.resp -Xlinker -add_ast_path -Xlinker /Users/justinhou/Development/deepshelves/.build/S6UIDerivedData/Build/Intermediates.noindex/MemoryDesignSystem.build/Release/MemoryDesignSystem.build/Objects-normal/arm64/MemoryDesignSystem.swiftmodule @/Users/justinhou/Development/deepshelves/.build/S6UIDerivedData/Build/Intermediates.noindex/MemoryDesignSystem.build/Release/MemoryDesignSystem.build/Objects-normal/arm64/MemoryDesignSystem-linker-args.resp -Xlinker -add_ast_path -Xlinker /Users/justinhou/Development/deepshelves/.build/S6UIDerivedData/Build/Intermediates.noindex/MemoryEnrichment.build/Release/MemoryEnrichment.build/Objects-normal/arm64/MemoryEnrichment.swiftmodule @/Users/justinhou/Development/deepshelves/.build/S6UIDerivedData/Build/Intermediates.noindex/MemoryEnrichment.build/Release/MemoryEnrichment.build/Objects-normal/arm64/MemoryEnrichment-linker-args.resp -Xlinker -add_ast_path -Xlinker /Users/justinhou/Development/deepshelves/.build/S6UIDerivedData/Build/Intermediates.noindex/MemoryStore.build/Release/MemoryStore.build/Objects-normal/arm64/MemoryStore.swiftmodule @/Users/justinhou/Development/deepshelves/.build/S6UIDerivedData/Build/Intermediates.noindex/MemoryStore.build/Release/MemoryStore.build/Objects-normal/arm64/MemoryStore-linker-args.resp -Xlinker -add_ast_path -Xlinker /Users/justinhou/Development/deepshelves/.build/S6UIDerivedData/Build/Intermediates.noindex/GRDB.build/Release/GRDB.build/Objects-normal/arm64/GRDB.swiftmodule @/Users/justinhou/Development/deepshelves/.build/S6UIDerivedData/Build/Intermediates.noindex/GRDB.build/Release/GRDB.build/Objects-normal/arm64/GRDB-linker-args.resp

ProcessProductPackaging "" /Users/justinhou/Development/deepshelves/.build/S6UIDerivedData/Build/Intermediates.noindex/LocalMemory.build/Release/LocalMemoryUITests.build/LocalMemoryUITests.xctest.xcent (in target 'LocalMemoryUITests' from project 'LocalMemory')
    cd /Users/justinhou/Development/deepshelves

    Entitlements:

    {
    "com.apple.application-identifier" = "NS5L7NNR8U.";
    "com.apple.security.app-sandbox" = 1;
    "com.apple.security.get-task-allow" = 1;
    "com.apple.security.network.client" = 1;
    "com.apple.security.temporary-exception.files.absolute-path.read-only" =     (
        "/"
    );
    "com.apple.security.temporary-exception.mach-lookup.global-name" =     (
        "com.apple.testmanagerd",
        "com.apple.dt.testmanagerd.runner",
        "com.apple.coresymbolicationd",
        "com.apple.coredevice.version",
        "com.apple.coredevice.service",
        "com.apple.remoted"
    );
    "com.apple.security.temporary-exception.mach-lookup.local-name" =     (
        "com.apple.axserver"
    );
    "com.apple.security.temporary-exception.sbpl" =     (
        "(allow hid-control)",
        "(allow signal)"
    );
}

    builtin-productPackagingUtility -entitlements -format xml -o /Users/justinhou/Development/deepshelves/.build/S6UIDerivedData/Build/Intermediates.noindex/LocalMemory.build/Release/LocalMemoryUITests.build/LocalMemoryUITests.xctest.xcent

ProcessProductPackagingDER /Users/justinhou/Development/deepshelves/.build/S6UIDerivedData/Build/Intermediates.noindex/LocalMemory.build/Release/LocalMemoryUITests.build/LocalMemoryUITests.xctest.xcent /Users/justinhou/Development/deepshelves/.build/S6UIDerivedData/Build/Intermediates.noindex/LocalMemory.build/Release/LocalMemoryUITests.build/LocalMemoryUITests.xctest.xcent.der (in target 'LocalMemoryUITests' from project 'LocalMemory')
    cd /Users/justinhou/Development/deepshelves
    /usr/bin/derq query -f xml -i /Users/justinhou/Development/deepshelves/.build/S6UIDerivedData/Build/Intermediates.noindex/LocalMemory.build/Release/LocalMemoryUITests.build/LocalMemoryUITests.xctest.xcent -o /Users/justinhou/Development/deepshelves/.build/S6UIDerivedData/Build/Intermediates.noindex/LocalMemory.build/Release/LocalMemoryUITests.build/LocalMemoryUITests.xctest.xcent.der --raw

SwiftDriver LocalMemoryUITests normal arm64 com.apple.xcode.tools.swift.compiler (in target 'LocalMemoryUITests' from project 'LocalMemory')
    cd /Users/justinhou/Development/deepshelves
    builtin-SwiftDriver -- /Applications/Xcode.app/Contents/Developer/Toolchains/XcodeDefault.xctoolchain/usr/bin/swiftc -module-name LocalMemoryUITests -O -whole-module-optimization @/Users/justinhou/Development/deepshelves/.build/S6UIDerivedData/Build/Intermediates.noindex/LocalMemory.build/Release/LocalMemoryUITests.build/Objects-normal/arm64/LocalMemoryUITests.SwiftFileList -module-alias Testing\=_Testing_Unavailable -plugin-path /Applications/Xcode.app/Contents/Developer/Toolchains/XcodeDefault.xctoolchain/usr/lib/swift/host/plugins/testing -enable-experimental-feature DebugDescriptionMacro -sdk /Applications/Xcode.app/Contents/Developer/Platforms/MacOSX.platform/Developer/SDKs/MacOSX26.5.sdk -target arm64-apple-macos15.0 -g -module-cache-path /Users/justinhou/Development/deepshelves/.build/S6UIDerivedData/ModuleCache.noindex -Xfrontend -serialize-debugging-options -warnings-as-errors -swift-version 6 -I /Users/justinhou/Development/deepshelves/.build/S6UIDerivedData/Build/Products/Release -Isystem /Applications/Xcode.app/Contents/Developer/Platforms/MacOSX.platform/Developer/usr/lib -F /Users/justinhou/Development/deepshelves/.build/S6UIDerivedData/Build/Products/Release -F /Applications/Xcode.app/Contents/Developer/Platforms/MacOSX.platform/Developer/Library/Frameworks -c -num-threads 12 -Xcc -ivfsstatcache -Xcc /Users/justinhou/Development/deepshelves/.build/S6UIDerivedData/SDKStatCaches.noindex/macosx26.5-25F70-e082c4a02f00227109f4ed75e425c832.sdkstatcache -output-file-map /Users/justinhou/Development/deepshelves/.build/S6UIDerivedData/Build/Intermediates.noindex/LocalMemory.build/Release/LocalMemoryUITests.build/Objects-normal/arm64/LocalMemoryUITests-OutputFileMap.json -use-frontend-parseable-output -save-temps -no-color-diagnostics -explicit-module-build -module-cache-path /Users/justinhou/Development/deepshelves/.build/S6UIDerivedData/Build/Intermediates.noindex/SwiftExplicitPrecompiledModules -clang-scanner-module-cache-path /Users/justinhou/Development/deepshelves/.build/S6UIDerivedData/ModuleCache.noindex -sdk-module-cache-path /Users/justinhou/Development/deepshelves/.build/S6UIDerivedData/ModuleCache.noindex -serialize-diagnostics -emit-dependencies -emit-module -emit-module-path /Users/justinhou/Development/deepshelves/.build/S6UIDerivedData/Build/Intermediates.noindex/LocalMemory.build/Release/LocalMemoryUITests.build/Objects-normal/arm64/LocalMemoryUITests.swiftmodule -validate-clang-modules-once -clang-build-session-file /Users/justinhou/Development/deepshelves/.build/S6UIDerivedData/ModuleCache.noindex/Session.modulevalidation -Xcc -I/Users/justinhou/Development/deepshelves/.build/S6UIDerivedData/Build/Intermediates.noindex/LocalMemory.build/Release/LocalMemoryUITests.build/swift-overrides.hmap -emit-const-values -Xfrontend -const-gather-protocols-file -Xfrontend /Users/justinhou/Development/deepshelves/.build/S6UIDerivedData/Build/Intermediates.noindex/LocalMemory.build/Release/LocalMemoryUITests.build/Objects-normal/arm64/LocalMemoryUITests_const_extract_protocols.json -Xcc -iquote -Xcc /Users/justinhou/Development/deepshelves/.build/S6UIDerivedData/Build/Intermediates.noindex/LocalMemory.build/Release/LocalMemoryUITests.build/LocalMemoryUITests-generated-files.hmap -Xcc -I/Users/justinhou/Development/deepshelves/.build/S6UIDerivedData/Build/Intermediates.noindex/LocalMemory.build/Release/LocalMemoryUITests.build/LocalMemoryUITests-own-target-headers.hmap -Xcc -I/Users/justinhou/Development/deepshelves/.build/S6UIDerivedData/Build/Intermediates.noindex/LocalMemory.build/Release/LocalMemoryUITests.build/LocalMemoryUITests-all-non-framework-target-headers.hmap -Xcc -ivfsoverlay -Xcc /Users/justinhou/Development/deepshelves/.build/S6UIDerivedData/Build/Intermediates.noindex/LocalMemory.build/Release/LocalMemory-a2f6a35635c1f574034e85928886420d-VFS/all-product-headers.yaml -Xcc -iquote -Xcc /Users/justinhou/Development/deepshelves/.build/S6UIDerivedData/Build/Intermediates.noindex/LocalMemory.build/Release/LocalMemoryUITests.build/LocalMemoryUITests-project-headers.hmap -Xcc -I/Users/justinhou/Development/deepshelves/.build/S6UIDerivedData/Build/Products/Release/include -Xcc -I/Users/justinhou/Development/deepshelves/.build/S6UIDerivedData/Build/Intermediates.noindex/LocalMemory.build/Release/LocalMemoryUITests.build/DerivedSources-normal/arm64 -Xcc -I/Users/justinhou/Development/deepshelves/.build/S6UIDerivedData/Build/Intermediates.noindex/LocalMemory.build/Release/LocalMemoryUITests.build/DerivedSources/arm64 -Xcc -I/Users/justinhou/Development/deepshelves/.build/S6UIDerivedData/Build/Intermediates.noindex/LocalMemory.build/Release/LocalMemoryUITests.build/DerivedSources -emit-objc-header -emit-objc-header-path /Users/justinhou/Development/deepshelves/.build/S6UIDerivedData/Build/Intermediates.noindex/LocalMemory.build/Release/LocalMemoryUITests.build/Objects-normal/arm64/LocalMemoryUITests-Swift.h -working-directory /Users/justinhou/Development/deepshelves -no-emit-module-separately-wmo

CopySwiftLibs /Users/justinhou/Development/deepshelves/.build/S6UIDerivedData/Build/Products/Release/Local\ Memory.app (in target 'LocalMemoryApp' from project 'LocalMemory')
    cd /Users/justinhou/Development/deepshelves
    builtin-swiftStdLibTool --copy --verbose --sign 5F2CF76A05528002A43A04B748E50F81D795A4E9 --scan-executable /Users/justinhou/Development/deepshelves/.build/S6UIDerivedData/Build/Products/Release/Local\ Memory.app/Contents/MacOS/Local\ Memory --scan-folder /Users/justinhou/Development/deepshelves/.build/S6UIDerivedData/Build/Products/Release/Local\ Memory.app/Contents/Frameworks --scan-folder /Users/justinhou/Development/deepshelves/.build/S6UIDerivedData/Build/Products/Release/Local\ Memory.app/Contents/PlugIns --scan-folder /Users/justinhou/Development/deepshelves/.build/S6UIDerivedData/Build/Products/Release/Local\ Memory.app/Contents/Library/SystemExtensions --scan-folder /Users/justinhou/Development/deepshelves/.build/S6UIDerivedData/Build/Products/Release/Local\ Memory.app/Contents/Extensions --platform macosx --toolchain /Applications/Xcode.app/Contents/Developer/Toolchains/XcodeDefault.xctoolchain --destination /Users/justinhou/Development/deepshelves/.build/S6UIDerivedData/Build/Products/Release/Local\ Memory.app/Contents/Frameworks --strip-bitcode --strip-bitcode-tool /Applications/Xcode.app/Contents/Developer/Toolchains/XcodeDefault.xctoolchain/usr/bin/bitcode_strip --emit-dependency-info /Users/justinhou/Development/deepshelves/.build/S6UIDerivedData/Build/Intermediates.noindex/LocalMemory.build/Release/LocalMemoryApp.build/SwiftStdLibToolInputDependencies.dep --filter-for-swift-os --back-deploy-swift-span

ExtractAppIntentsMetadata (in target 'LocalMemoryApp' from project 'LocalMemory')
    cd /Users/justinhou/Development/deepshelves
    /Applications/Xcode.app/Contents/Developer/Toolchains/XcodeDefault.xctoolchain/usr/bin/appintentsmetadataprocessor --toolchain-dir /Applications/Xcode.app/Contents/Developer/Toolchains/XcodeDefault.xctoolchain --module-name Local_Memory --sdk-root /Applications/Xcode.app/Contents/Developer/Platforms/MacOSX.platform/Developer/SDKs/MacOSX26.5.sdk --xcode-version 17F42 --platform-family macOS --deployment-target 15.0 --bundle-identifier com.justinhou.deepshelves.localmemory --output /Users/justinhou/Development/deepshelves/.build/S6UIDerivedData/Build/Products/Release/Local\ Memory.app/Contents/Resources --target-triple arm64-apple-macos15.0 --binary-file /Users/justinhou/Development/deepshelves/.build/S6UIDerivedData/Build/Products/Release/Local\ Memory.app/Contents/MacOS/Local\ Memory --dependency-file /Users/justinhou/Development/deepshelves/.build/S6UIDerivedData/Build/Intermediates.noindex/LocalMemory.build/Release/LocalMemoryApp.build/Objects-normal/arm64/Local\ Memory_dependency_info.dat --stringsdata-file /Users/justinhou/Development/deepshelves/.build/S6UIDerivedData/Build/Intermediates.noindex/LocalMemory.build/Release/LocalMemoryApp.build/Objects-normal/arm64/ExtractedAppShortcutsMetadata.stringsdata --source-file-list /Users/justinhou/Development/deepshelves/.build/S6UIDerivedData/Build/Intermediates.noindex/LocalMemory.build/Release/LocalMemoryApp.build/Objects-normal/arm64/Local\ Memory.SwiftFileList --metadata-file-list /Users/justinhou/Development/deepshelves/.build/S6UIDerivedData/Build/Intermediates.noindex/LocalMemory.build/Release/LocalMemoryApp.build/Local\ Memory.DependencyMetadataFileList --static-metadata-file-list /Users/justinhou/Development/deepshelves/.build/S6UIDerivedData/Build/Intermediates.noindex/LocalMemory.build/Release/LocalMemoryApp.build/Local\ Memory.DependencyStaticMetadataFileList --swift-const-vals-list /Users/justinhou/Development/deepshelves/.build/S6UIDerivedData/Build/Intermediates.noindex/LocalMemory.build/Release/LocalMemoryApp.build/Objects-normal/arm64/Local\ Memory.SwiftConstValuesFileList --compile-time-extraction --deployment-aware-processing --validate-assistant-intents --no-app-shortcuts-localization
2026-08-28 00:27:30.658 appintentsmetadataprocessor[37989:22996377] Starting appintentsmetadataprocessor export
2026-08-28 00:27:30.661 appintentsmetadataprocessor[37989:22996377] warning: Metadata extraction skipped. No AppIntents.framework dependency found.

GenerateDSYMFile /Users/justinhou/Development/deepshelves/.build/S6UIDerivedData/Build/Products/Release/Local\ Memory.app.dSYM /Users/justinhou/Development/deepshelves/.build/S6UIDerivedData/Build/Products/Release/Local\ Memory.app/Contents/MacOS/Local\ Memory (in target 'LocalMemoryApp' from project 'LocalMemory')
    cd /Users/justinhou/Development/deepshelves
    /Applications/Xcode.app/Contents/Developer/Toolchains/XcodeDefault.xctoolchain/usr/bin/dsymutil /Users/justinhou/Development/deepshelves/.build/S6UIDerivedData/Build/Products/Release/Local\ Memory.app/Contents/MacOS/Local\ Memory -o /Users/justinhou/Development/deepshelves/.build/S6UIDerivedData/Build/Products/Release/Local\ Memory.app.dSYM

SwiftDriver\ Compilation LocalMemoryUITests normal arm64 com.apple.xcode.tools.swift.compiler (in target 'LocalMemoryUITests' from project 'LocalMemory')
    cd /Users/justinhou/Development/deepshelves
    builtin-Swift-Compilation -- /Applications/Xcode.app/Contents/Developer/Toolchains/XcodeDefault.xctoolchain/usr/bin/swiftc -module-name LocalMemoryUITests -O -whole-module-optimization @/Users/justinhou/Development/deepshelves/.build/S6UIDerivedData/Build/Intermediates.noindex/LocalMemory.build/Release/LocalMemoryUITests.build/Objects-normal/arm64/LocalMemoryUITests.SwiftFileList -module-alias Testing\=_Testing_Unavailable -plugin-path /Applications/Xcode.app/Contents/Developer/Toolchains/XcodeDefault.xctoolchain/usr/lib/swift/host/plugins/testing -enable-experimental-feature DebugDescriptionMacro -sdk /Applications/Xcode.app/Contents/Developer/Platforms/MacOSX.platform/Developer/SDKs/MacOSX26.5.sdk -target arm64-apple-macos15.0 -g -module-cache-path /Users/justinhou/Development/deepshelves/.build/S6UIDerivedData/ModuleCache.noindex -Xfrontend -serialize-debugging-options -warnings-as-errors -swift-version 6 -I /Users/justinhou/Development/deepshelves/.build/S6UIDerivedData/Build/Products/Release -Isystem /Applications/Xcode.app/Contents/Developer/Platforms/MacOSX.platform/Developer/usr/lib -F /Users/justinhou/Development/deepshelves/.build/S6UIDerivedData/Build/Products/Release -F /Applications/Xcode.app/Contents/Developer/Platforms/MacOSX.platform/Developer/Library/Frameworks -c -num-threads 12 -Xcc -ivfsstatcache -Xcc /Users/justinhou/Development/deepshelves/.build/S6UIDerivedData/SDKStatCaches.noindex/macosx26.5-25F70-e082c4a02f00227109f4ed75e425c832.sdkstatcache -output-file-map /Users/justinhou/Development/deepshelves/.build/S6UIDerivedData/Build/Intermediates.noindex/LocalMemory.build/Release/LocalMemoryUITests.build/Objects-normal/arm64/LocalMemoryUITests-OutputFileMap.json -use-frontend-parseable-output -save-temps -no-color-diagnostics -explicit-module-build -module-cache-path /Users/justinhou/Development/deepshelves/.build/S6UIDerivedData/Build/Intermediates.noindex/SwiftExplicitPrecompiledModules -clang-scanner-module-cache-path /Users/justinhou/Development/deepshelves/.build/S6UIDerivedData/ModuleCache.noindex -sdk-module-cache-path /Users/justinhou/Development/deepshelves/.build/S6UIDerivedData/ModuleCache.noindex -serialize-diagnostics -emit-dependencies -emit-module -emit-module-path /Users/justinhou/Development/deepshelves/.build/S6UIDerivedData/Build/Intermediates.noindex/LocalMemory.build/Release/LocalMemoryUITests.build/Objects-normal/arm64/LocalMemoryUITests.swiftmodule -validate-clang-modules-once -clang-build-session-file /Users/justinhou/Development/deepshelves/.build/S6UIDerivedData/ModuleCache.noindex/Session.modulevalidation -Xcc -I/Users/justinhou/Development/deepshelves/.build/S6UIDerivedData/Build/Intermediates.noindex/LocalMemory.build/Release/LocalMemoryUITests.build/swift-overrides.hmap -emit-const-values -Xfrontend -const-gather-protocols-file -Xfrontend /Users/justinhou/Development/deepshelves/.build/S6UIDerivedData/Build/Intermediates.noindex/LocalMemory.build/Release/LocalMemoryUITests.build/Objects-normal/arm64/LocalMemoryUITests_const_extract_protocols.json -Xcc -iquote -Xcc /Users/justinhou/Development/deepshelves/.build/S6UIDerivedData/Build/Intermediates.noindex/LocalMemory.build/Release/LocalMemoryUITests.build/LocalMemoryUITests-generated-files.hmap -Xcc -I/Users/justinhou/Development/deepshelves/.build/S6UIDerivedData/Build/Intermediates.noindex/LocalMemory.build/Release/LocalMemoryUITests.build/LocalMemoryUITests-own-target-headers.hmap -Xcc -I/Users/justinhou/Development/deepshelves/.build/S6UIDerivedData/Build/Intermediates.noindex/LocalMemory.build/Release/LocalMemoryUITests.build/LocalMemoryUITests-all-non-framework-target-headers.hmap -Xcc -ivfsoverlay -Xcc /Users/justinhou/Development/deepshelves/.build/S6UIDerivedData/Build/Intermediates.noindex/LocalMemory.build/Release/LocalMemory-a2f6a35635c1f574034e85928886420d-VFS/all-product-headers.yaml -Xcc -iquote -Xcc /Users/justinhou/Development/deepshelves/.build/S6UIDerivedData/Build/Intermediates.noindex/LocalMemory.build/Release/LocalMemoryUITests.build/LocalMemoryUITests-project-headers.hmap -Xcc -I/Users/justinhou/Development/deepshelves/.build/S6UIDerivedData/Build/Products/Release/include -Xcc -I/Users/justinhou/Development/deepshelves/.build/S6UIDerivedData/Build/Intermediates.noindex/LocalMemory.build/Release/LocalMemoryUITests.build/DerivedSources-normal/arm64 -Xcc -I/Users/justinhou/Development/deepshelves/.build/S6UIDerivedData/Build/Intermediates.noindex/LocalMemory.build/Release/LocalMemoryUITests.build/DerivedSources/arm64 -Xcc -I/Users/justinhou/Development/deepshelves/.build/S6UIDerivedData/Build/Intermediates.noindex/LocalMemory.build/Release/LocalMemoryUITests.build/DerivedSources -emit-objc-header -emit-objc-header-path /Users/justinhou/Development/deepshelves/.build/S6UIDerivedData/Build/Intermediates.noindex/LocalMemory.build/Release/LocalMemoryUITests.build/Objects-normal/arm64/LocalMemoryUITests-Swift.h -working-directory /Users/justinhou/Development/deepshelves -no-emit-module-separately-wmo

SwiftExplicitDependencyGeneratePcm arm64 /Users/justinhou/Development/deepshelves/.build/S6UIDerivedData/Build/Intermediates.noindex/SwiftExplicitPrecompiledModules/XCUIAutomation-IRK3CN08AK31CZYC1U0QI2CJ.pcm

SwiftExplicitDependencyGeneratePcm arm64 /Users/justinhou/Development/deepshelves/.build/S6UIDerivedData/Build/Intermediates.noindex/SwiftExplicitPrecompiledModules/XCTest-F0878QOQYV38CRUN0C8M4KHO5.pcm

SwiftExplicitDependencyCompileModuleFromInterface arm64 /Users/justinhou/Development/deepshelves/.build/S6UIDerivedData/Build/Intermediates.noindex/SwiftExplicitPrecompiledModules/XCUIAutomation-15OHV6KKIOR0P.swiftmodule

SwiftExplicitDependencyCompileModuleFromInterface arm64 /Users/justinhou/Development/deepshelves/.build/S6UIDerivedData/Build/Intermediates.noindex/SwiftExplicitPrecompiledModules/XCTest-1S8UA567ICJJA.swiftmodule

SwiftCompile normal arm64 Compiling\ BootstrapUITests.swift,\ S6PerformanceUITests.swift /Users/justinhou/Development/deepshelves/Tests/UI/BootstrapUITests.swift /Users/justinhou/Development/deepshelves/Tests/UI/S6PerformanceUITests.swift /Applications/Xcode.app/Contents/Developer/Toolchains/XcodeDefault.xctoolchain/usr/lib/swift/macosx/prebuilt-modules/26.5/Accessibility.swiftmodule/arm64e-apple-macos.swiftmodule /Applications/Xcode.app/Contents/Developer/Toolchains/XcodeDefault.xctoolchain/usr/lib/swift/macosx/prebuilt-modules/26.5/CoreImage.swiftmodule/arm64e-apple-macos.swiftmodule /Applications/Xcode.app/Contents/Developer/Toolchains/XcodeDefault.xctoolchain/usr/lib/swift/macosx/prebuilt-modules/26.5/CoreVideo.swiftmodule/arm64e-apple-macos.swiftmodule /Applications/Xcode.app/Contents/Developer/Toolchains/XcodeDefault.xctoolchain/usr/lib/swift/macosx/prebuilt-modules/26.5/_StringProcessing.swiftmodule/arm64e-apple-macos.swiftmodule /Applications/Xcode.app/Contents/Developer/Toolchains/XcodeDefault.xctoolchain/usr/lib/swift/macosx/prebuilt-modules/26.5/_DarwinFoundation2.swiftmodule/arm64e-apple-macos.swiftmodule /Applications/Xcode.app/Contents/Developer/Toolchains/XcodeDefault.xctoolchain/usr/lib/swift/macosx/prebuilt-modules/26.5/AppKit.swiftmodule/arm64e-apple-macos.swiftmodule /Applications/Xcode.app/Contents/Developer/Toolchains/XcodeDefault.xctoolchain/usr/lib/swift/macosx/prebuilt-modules/26.5/_Concurrency.swiftmodule/arm64e-apple-macos.swiftmodule /Applications/Xcode.app/Contents/Developer/Toolchains/XcodeDefault.xctoolchain/usr/lib/swift/macosx/prebuilt-modules/26.5/Darwin.swiftmodule/arm64e-apple-macos.swiftmodule /Users/justinhou/Development/deepshelves/.build/S6UIDerivedData/Build/Intermediates.noindex/SwiftExplicitPrecompiledModules/XCTest-1S8UA567ICJJA.swiftmodule /Applications/Xcode.app/Contents/Developer/Toolchains/XcodeDefault.xctoolchain/usr/lib/swift/macosx/prebuilt-modules/26.5/_DarwinFoundation3.swiftmodule/arm64e-apple-macos.swiftmodule /Applications/Xcode.app/Contents/Developer/Toolchains/XcodeDefault.xctoolchain/usr/lib/swift/macosx/prebuilt-modules/26.5/DeveloperToolsSupport.swiftmodule/arm64e-apple-macos.swiftmodule /Users/justinhou/Development/deepshelves/.build/S6UIDerivedData/Build/Intermediates.noindex/SwiftExplicitPrecompiledModules/XCUIAutomation-15OHV6KKIOR0P.swiftmodule /Applications/Xcode.app/Contents/Developer/Toolchains/XcodeDefault.xctoolchain/usr/lib/swift/macosx/prebuilt-modules/26.5/Observation.swiftmodule/arm64e-apple-macos.swiftmodule /Applications/Xcode.app/Contents/Developer/Toolchains/XcodeDefault.xctoolchain/usr/lib/swift/macosx/prebuilt-modules/26.5/CoreGraphics.swiftmodule/arm64e-apple-macos.swiftmodule /Applications/Xcode.app/Contents/Developer/Toolchains/XcodeDefault.xctoolchain/usr/lib/swift/macosx/prebuilt-modules/26.5/CoreData.swiftmodule/arm64e-apple-macos.swiftmodule /Applications/Xcode.app/Contents/Developer/Toolchains/XcodeDefault.xctoolchain/usr/lib/swift/macosx/prebuilt-modules/26.5/DataDetection.swiftmodule/arm64e-apple-macos.swiftmodule /Applications/Xcode.app/Contents/Developer/Toolchains/XcodeDefault.xctoolchain/usr/lib/swift/macosx/prebuilt-modules/26.5/Metal.swiftmodule/arm64e-apple-macos.swiftmodule /Applications/Xcode.app/Contents/Developer/Toolchains/XcodeDefault.xctoolchain/usr/lib/swift/macosx/prebuilt-modules/26.5/UniformTypeIdentifiers.swiftmodule/arm64e-apple-macos.swiftmodule /Applications/Xcode.app/Contents/Developer/Toolchains/XcodeDefault.xctoolchain/usr/lib/swift/macosx/prebuilt-modules/26.5/CoreText.swiftmodule/arm64e-apple-macos.swiftmodule /Applications/Xcode.app/Contents/Developer/Toolchains/XcodeDefault.xctoolchain/usr/lib/swift/macosx/prebuilt-modules/26.5/CoreTransferable.swiftmodule/arm64e-apple-macos.swiftmodule /Applications/Xcode.app/Contents/Developer/Toolchains/XcodeDefault.xctoolchain/usr/lib/swift/macosx/prebuilt-modules/26.5/Symbols.swiftmodule/arm64e-apple-macos.swiftmodule /Applications/Xcode.app/Contents/Developer/Toolchains/XcodeDefault.xctoolchain/usr/lib/swift/macosx/prebuilt-modules/26.5/Dispatch.swiftmodule/arm64e-apple-macos.swiftmodule /Applications/Xcode.app/Contents/Developer/Toolchains/XcodeDefault.xctoolchain/usr/lib/swift/macosx/prebuilt-modules/26.5/Swift.swiftmodule/arm64e-apple-macos.swiftmodule /Applications/Xcode.app/Contents/Developer/Toolchains/XcodeDefault.xctoolchain/usr/lib/swift/macosx/prebuilt-modules/26.5/Combine.swiftmodule/arm64e-apple-macos.swiftmodule /Applications/Xcode.app/Contents/Developer/Toolchains/XcodeDefault.xctoolchain/usr/lib/swift/macosx/prebuilt-modules/26.5/CoreFoundation.swiftmodule/arm64e-apple-macos.swiftmodule /Applications/Xcode.app/Contents/Developer/Toolchains/XcodeDefault.xctoolchain/usr/lib/swift/macosx/prebuilt-modules/26.5/SwiftUICore.swiftmodule/arm64e-apple-macos.swiftmodule /Applications/Xcode.app/Contents/Developer/Toolchains/XcodeDefault.xctoolchain/usr/lib/swift/macosx/prebuilt-modules/26.5/QuartzCore.swiftmodule/arm64e-apple-macos.swiftmodule /Applications/Xcode.app/Contents/Developer/Toolchains/XcodeDefault.xctoolchain/usr/lib/swift/macosx/prebuilt-modules/26.5/Foundation.swiftmodule/arm64e-apple-macos.swiftmodule /Applications/Xcode.app/Contents/Developer/Toolchains/XcodeDefault.xctoolchain/usr/lib/swift/macosx/prebuilt-modules/26.5/_Builtin_float.swiftmodule/arm64e-apple-macos.swiftmodule /Applications/Xcode.app/Contents/Developer/Toolchains/XcodeDefault.xctoolchain/usr/lib/swift/macosx/prebuilt-modules/26.5/OSLog.swiftmodule/arm64e-apple-macos.swiftmodule /Applications/Xcode.app/Contents/Developer/Toolchains/XcodeDefault.xctoolchain/usr/lib/swift/macosx/prebuilt-modules/26.5/System.swiftmodule/arm64e-apple-macos.swiftmodule /Applications/Xcode.app/Contents/Developer/Toolchains/XcodeDefault.xctoolchain/usr/lib/swift/macosx/prebuilt-modules/26.5/XPC.swiftmodule/arm64e-apple-macos.swiftmodule /Applications/Xcode.app/Contents/Developer/Toolchains/XcodeDefault.xctoolchain/usr/lib/swift/macosx/prebuilt-modules/26.5/_DarwinFoundation1.swiftmodule/arm64e-apple-macos.swiftmodule /Applications/Xcode.app/Contents/Developer/Toolchains/XcodeDefault.xctoolchain/usr/lib/swift/macosx/prebuilt-modules/26.5/IOKit.swiftmodule/arm64e-apple-macos.swiftmodule /Applications/Xcode.app/Contents/Developer/Toolchains/XcodeDefault.xctoolchain/usr/lib/swift/macosx/prebuilt-modules/26.5/Spatial.swiftmodule/arm64e-apple-macos.swiftmodule /Applications/Xcode.app/Contents/Developer/Toolchains/XcodeDefault.xctoolchain/usr/lib/swift/macosx/prebuilt-modules/26.5/simd.swiftmodule/arm64e-apple-macos.swiftmodule /Applications/Xcode.app/Contents/Developer/Toolchains/XcodeDefault.xctoolchain/usr/lib/swift/macosx/prebuilt-modules/26.5/ObjectiveC.swiftmodule/arm64e-apple-macos.swiftmodule /Applications/Xcode.app/Contents/Developer/Toolchains/XcodeDefault.xctoolchain/usr/lib/swift/macosx/prebuilt-modules/26.5/os.swiftmodule/arm64e-apple-macos.swiftmodule /Users/justinhou/Development/deepshelves/.build/S6UIDerivedData/ModuleCache.noindex/AppKit-5JDU29XPK72KK34YEW481YOM7.pcm /Users/justinhou/Development/deepshelves/.build/S6UIDerivedData/ModuleCache.noindex/SwiftShims-60LLYTW9USEK7UO4R025VDRKO.pcm /Users/justinhou/Development/deepshelves/.build/S6UIDerivedData/ModuleCache.noindex/Metal-F3VOBUD7YEXHJQFQXF9I6PC7J.pcm /Users/justinhou/Development/deepshelves/.build/S6UIDerivedData/ModuleCache.noindex/_Builtin_tgmath-8VWXMNBN0R4IYU3MECSKKFXE3.pcm /Users/justinhou/Development/deepshelves/.build/S6UIDerivedData/ModuleCache.noindex/SwiftUICore-CDQ3YZTTQCY92YEA1OSKY9UYK.pcm /Users/justinhou/Development/deepshelves/.build/S6UIDerivedData/ModuleCache.noindex/CoreGraphics-5OMGGGE13WTMH1ND5ROFA1QXF.pcm /Users/justinhou/Development/deepshelves/.build/S6UIDerivedData/ModuleCache.noindex/_Builtin_stdbool-DW6MA43E13JSBIIBTP5PCOAP6.pcm /Users/justinhou/Development/deepshelves/.build/S6UIDerivedData/ModuleCache.noindex/MachO-CQ5U6BEZJCMBDI0CRWOGY4FY.pcm /Users/justinhou/Development/deepshelves/.build/S6UIDerivedData/ModuleCache.noindex/Security-1691ONHRMYO4HOAX0MPCZ2MLW.pcm /Users/justinhou/Development/deepshelves/.build/S6UIDerivedData/ModuleCache.noindex/os_object-5K6FT0VY5L2IC99I4ZBIUQSQO.pcm /Users/justinhou/Development/deepshelves/.build/S6UIDerivedData/ModuleCache.noindex/Darwin-CXZC9PWWUHW7EI2I7H7AG9U0L.pcm /Users/justinhou/Development/deepshelves/.build/S6UIDerivedData/ModuleCache.noindex/OSLog-3YNB8E86VHG32LP1CCTPESCEY.pcm /Users/justinhou/Development/deepshelves/.build/S6UIDerivedData/ModuleCache.noindex/XPC-4T7W1K53QAC10AF3AQ44E8NXA.pcm /Users/justinhou/Development/deepshelves/.build/S6UIDerivedData/ModuleCache.noindex/ObjectiveC-1CVZ0LNEM49J91OHY3XBNATRJ.pcm /Users/justinhou/Development/deepshelves/.build/S6UIDerivedData/ModuleCache.noindex/_Builtin_float-4XVHR1KB3X49XQ3WN0WQ0EL10.pcm /Users/justinhou/Development/deepshelves/.build/S6UIDerivedData/ModuleCache.noindex/ptrauth-9Q5NKSQJOMV9JPBZ5666O16TL.pcm /Users/justinhou/Development/deepshelves/.build/S6UIDerivedData/ModuleCache.noindex/_SwiftConcurrencyShims-410LZ88E9CYJ14BS7NJOTSSBW.pcm /Users/justinhou/Development/deepshelves/.build/S6UIDerivedData/ModuleCache.noindex/QuartzCore-7KNES39G3CTKV52VY33COIJDA.pcm /Users/justinhou/Development/deepshelves/.build/S6UIDerivedData/ModuleCache.noindex/CoreData-AF381LBL1T8Q3781X77ET7H03.pcm /Users/justinhou/Development/deepshelves/.build/S6UIDerivedData/ModuleCache.noindex/IOSurface-DZ0SPSQ74AI420FT1ZPBYRTIK.pcm /Users/justinhou/Development/deepshelves/.build/S6UIDerivedData/ModuleCache.noindex/OpenGL-6G2X2LEI22U11O7I1PCD201G3.pcm /Users/justinhou/Development/deepshelves/.build/S6UIDerivedData/ModuleCache.noindex/_Builtin_stdatomic-AZA9R97UXQ6A2O017GP4YZWQP.pcm /Users/justinhou/Development/deepshelves/.build/S6UIDerivedData/ModuleCache.noindex/ColorSync-B5XXZ80NG8APSMJFNGNJFLB1A.pcm /Users/justinhou/Development/deepshelves/.build/S6UIDerivedData/ModuleCache.noindex/CoreFoundation-4RLKBYKQ5CE7G1H4SK6R2EA8Q.pcm /Users/justinhou/Development/deepshelves/.build/S6UIDerivedData/ModuleCache.noindex/Foundation-C4DR5RX5V6T81E28NHPA4MTKK.pcm /Users/justinhou/Development/deepshelves/.build/S6UIDerivedData/ModuleCache.noindex/simd-DN3ZTJL1G9G5V419BZFBOUL90.pcm /Users/justinhou/Development/deepshelves/.build/S6UIDerivedData/ModuleCache.noindex/_Builtin_stdint-6YA6JPNM2CLAPMAVS04UM31HZ.pcm /Users/justinhou/Development/deepshelves/.build/S6UIDerivedData/ModuleCache.noindex/CoreText-99LVBIMTAGFNJDW8Q4SJHYRRK.pcm /Users/justinhou/Development/deepshelves/.build/S6UIDerivedData/ModuleCache.noindex/DataDetection-CIWBU6TC59Y1EU16PRNK1MQB9.pcm /Users/justinhou/Development/deepshelves/.build/S6UIDerivedData/ModuleCache.noindex/Symbols-5TTS4GVLC3PFEMUEGOT2MRTKI.pcm /Users/justinhou/Development/deepshelves/.build/S6UIDerivedData/ModuleCache.noindex/_Builtin_limits-DB1VMX7S68HCBAJBF3YDLAXC7.pcm /Users/justinhou/Development/deepshelves/.build/S6UIDerivedData/ModuleCache.noindex/CoreTransferable-8I0NZORKSI6M4O3IFNARU857B.pcm /Users/justinhou/Development/deepshelves/.build/S6UIDerivedData/ModuleCache.noindex/_DarwinFoundation1-XAQHTA49C592PHE2OZIEPHQH.pcm /Users/justinhou/Development/deepshelves/.build/S6UIDerivedData/ModuleCache.noindex/ptrcheck-20A90NHAV7ER498PDDGQDIH9N.pcm /Users/justinhou/Development/deepshelves/.build/S6UIDerivedData/ModuleCache.noindex/_DarwinFoundation3-90QCA2FFM0Q32IF9D2O9D5327.pcm /Users/justinhou/Development/deepshelves/.build/S6UIDerivedData/ModuleCache.noindex/DiskArbitration-84V8003Q8KZP402RELQPGY0DJ.pcm /Users/justinhou/Development/deepshelves/.build/S6UIDerivedData/ModuleCache.noindex/ImageIO-ETGHB0YFOYXUX2LODH2L5NXQN.pcm /Users/justinhou/Development/deepshelves/.build/S6UIDerivedData/ModuleCache.noindex/os_workgroup-2AUR550FHH1BQLE8GQ9FI8NSJ.pcm /Users/justinhou/Development/deepshelves/.build/S6UIDerivedData/ModuleCache.noindex/_Builtin_inttypes-85OXLXC6G35RGFRXPS70BMR34.pcm /Users/justinhou/Development/deepshelves/.build/S6UIDerivedData/ModuleCache.noindex/sys_types-9YAKL3H27WYABQLR4D39509G0.pcm /Users/justinhou/Development/deepshelves/.build/S6UIDerivedData/ModuleCache.noindex/_Builtin_intrinsics-8SSQSOMS28E3WCQOL44F297UO.pcm /Users/justinhou/Development/deepshelves/.build/S6UIDerivedData/ModuleCache.noindex/libkern-4VG0WUXWGS7ABMBQNDHFMRK3W.pcm /Users/justinhou/Development/deepshelves/.build/S6UIDerivedData/ModuleCache.noindex/_Builtin_stdarg-87ER9HC6443E2U6RAQDB4A6ZL.pcm /Users/justinhou/Development/deepshelves/.build/S6UIDerivedData/ModuleCache.noindex/_Builtin_stddef-BCC6KYENB6V8MSWJ3Q1N5AT66.pcm /Users/justinhou/Development/deepshelves/.build/S6UIDerivedData/ModuleCache.noindex/IOKit-31SLQWL04P2SXH9VPUTVE13G0.pcm /Users/justinhou/Development/deepshelves/.build/S6UIDerivedData/ModuleCache.noindex/Dispatch-AWXITZ0VEB8G3BGL355EZNNTF.pcm /Users/justinhou/Development/deepshelves/.build/S6UIDerivedData/ModuleCache.noindex/os-8NUZ3PCK9OPL35SJ46EB33YHP.pcm /Users/justinhou/Development/deepshelves/.build/S6UIDerivedData/ModuleCache.noindex/_AvailabilityInternal-T8GTYGGE29UGSHBNBESV1K6R.pcm /Users/justinhou/Development/deepshelves/.build/S6UIDerivedData/ModuleCache.noindex/DeveloperToolsSupport-7U5KZ7NCTO836N5YNDR4DK14R.pcm /Users/justinhou/Development/deepshelves/.build/S6UIDerivedData/ModuleCache.noindex/ApplicationServices-C85O06S3W0B3ALP89ZCA3MJJ2.pcm /Users/justinhou/Development/deepshelves/.build/S6UIDerivedData/ModuleCache.noindex/Spatial-5RZ1N6O7T3NL0SMVEW6408D7A.pcm /Users/justinhou/Development/deepshelves/.build/S6UIDerivedData/ModuleCache.noindex/libDER-8DMNZA13BV9XZYJCX7CVE7N6G.pcm /Users/justinhou/Development/deepshelves/.build/S6UIDerivedData/ModuleCache.noindex/CFNetwork-9CQI3HGW4YH8SJXHG6CJLPLN3.pcm /Users/justinhou/Development/deepshelves/.build/S6UIDerivedData/Build/Intermediates.noindex/SwiftExplicitPrecompiledModules/XCUIAutomation-IRK3CN08AK31CZYC1U0QI2CJ.pcm /Users/justinhou/Development/deepshelves/.build/S6UIDerivedData/Build/Intermediates.noindex/SwiftExplicitPrecompiledModules/XCTest-F0878QOQYV38CRUN0C8M4KHO5.pcm /Users/justinhou/Development/deepshelves/.build/S6UIDerivedData/ModuleCache.noindex/_DarwinFoundation2-7TOSYINVCWVIS38SRJAWGYCU4.pcm /Users/justinhou/Development/deepshelves/.build/S6UIDerivedData/ModuleCache.noindex/CoreServices-6S682447QYU054L9TC6J5SZD6.pcm /Users/justinhou/Development/deepshelves/.build/S6UIDerivedData/ModuleCache.noindex/CoreVideo-ACJX5VG7CWOJE5LP70G0LIROT.pcm /Users/justinhou/Development/deepshelves/.build/S6UIDerivedData/ModuleCache.noindex/CUPS-ERTM4FWG7T1SWKP6I8LQD6LMV.pcm /Users/justinhou/Development/deepshelves/.build/S6UIDerivedData/ModuleCache.noindex/Accessibility-1NL42NVW9DYWW1BA0G88UVRZZ.pcm /Users/justinhou/Development/deepshelves/.build/S6UIDerivedData/ModuleCache.noindex/UniformTypeIdentifiers-5FXEN3GXIP6NUGOA1SOCCQRY3.pcm /Users/justinhou/Development/deepshelves/.build/S6UIDerivedData/ModuleCache.noindex/launch-1BQ5JRZ7T9VCEK2BNW3M648IP.pcm /Users/justinhou/Development/deepshelves/.build/S6UIDerivedData/ModuleCache.noindex/CoreImage-224DFB8M1505AW7PAGHYPM8FC.pcm /Users/justinhou/Development/deepshelves/.build/S6UIDerivedData/Build/Intermediates.noindex/LocalMemory.build/Release/LocalMemoryUITests.build/Objects-normal/arm64/LocalMemoryUITests-dependencies-1.json (in target 'LocalMemoryUITests' from project 'LocalMemory')
CompileSwift normal arm64 (in target 'LocalMemoryUITests' from project 'LocalMemory')
    cd /Users/justinhou/Development/deepshelves


CodeSign /Users/justinhou/Development/deepshelves/.build/S6UIDerivedData/Build/Products/Release/Local\ Memory.app (in target 'LocalMemoryApp' from project 'LocalMemory')
    cd /Users/justinhou/Development/deepshelves

    Signing Identity:     "Apple Development: justin_hou25@icloud.com (K8SNDR5HV9)"
    Provisioning Profile: "Mac Team Provisioning Profile: com.justinhou.deepshelves.localmemory"
                          (df1a559d-5ee8-4e23-a735-ac82b10e7562)

    /usr/bin/codesign --force --sign 5F2CF76A05528002A43A04B748E50F81D795A4E9 -o runtime --entitlements /Users/justinhou/Development/deepshelves/.build/S6UIDerivedData/Build/Intermediates.noindex/LocalMemory.build/Release/LocalMemoryApp.build/Local\ Memory.app.xcent --timestamp\=none --generate-entitlement-der /Users/justinhou/Development/deepshelves/.build/S6UIDerivedData/Build/Products/Release/Local\ Memory.app

SwiftDriverJobDiscovery normal arm64 Compiling BootstrapUITests.swift, S6PerformanceUITests.swift (in target 'LocalMemoryUITests' from project 'LocalMemory')

SwiftDriver\ Compilation\ Requirements LocalMemoryUITests normal arm64 com.apple.xcode.tools.swift.compiler (in target 'LocalMemoryUITests' from project 'LocalMemory')
    cd /Users/justinhou/Development/deepshelves
    builtin-Swift-Compilation-Requirements -- /Applications/Xcode.app/Contents/Developer/Toolchains/XcodeDefault.xctoolchain/usr/bin/swiftc -module-name LocalMemoryUITests -O -whole-module-optimization @/Users/justinhou/Development/deepshelves/.build/S6UIDerivedData/Build/Intermediates.noindex/LocalMemory.build/Release/LocalMemoryUITests.build/Objects-normal/arm64/LocalMemoryUITests.SwiftFileList -module-alias Testing\=_Testing_Unavailable -plugin-path /Applications/Xcode.app/Contents/Developer/Toolchains/XcodeDefault.xctoolchain/usr/lib/swift/host/plugins/testing -enable-experimental-feature DebugDescriptionMacro -sdk /Applications/Xcode.app/Contents/Developer/Platforms/MacOSX.platform/Developer/SDKs/MacOSX26.5.sdk -target arm64-apple-macos15.0 -g -module-cache-path /Users/justinhou/Development/deepshelves/.build/S6UIDerivedData/ModuleCache.noindex -Xfrontend -serialize-debugging-options -warnings-as-errors -swift-version 6 -I /Users/justinhou/Development/deepshelves/.build/S6UIDerivedData/Build/Products/Release -Isystem /Applications/Xcode.app/Contents/Developer/Platforms/MacOSX.platform/Developer/usr/lib -F /Users/justinhou/Development/deepshelves/.build/S6UIDerivedData/Build/Products/Release -F /Applications/Xcode.app/Contents/Developer/Platforms/MacOSX.platform/Developer/Library/Frameworks -c -num-threads 12 -Xcc -ivfsstatcache -Xcc /Users/justinhou/Development/deepshelves/.build/S6UIDerivedData/SDKStatCaches.noindex/macosx26.5-25F70-e082c4a02f00227109f4ed75e425c832.sdkstatcache -output-file-map /Users/justinhou/Development/deepshelves/.build/S6UIDerivedData/Build/Intermediates.noindex/LocalMemory.build/Release/LocalMemoryUITests.build/Objects-normal/arm64/LocalMemoryUITests-OutputFileMap.json -use-frontend-parseable-output -save-temps -no-color-diagnostics -explicit-module-build -module-cache-path /Users/justinhou/Development/deepshelves/.build/S6UIDerivedData/Build/Intermediates.noindex/SwiftExplicitPrecompiledModules -clang-scanner-module-cache-path /Users/justinhou/Development/deepshelves/.build/S6UIDerivedData/ModuleCache.noindex -sdk-module-cache-path /Users/justinhou/Development/deepshelves/.build/S6UIDerivedData/ModuleCache.noindex -serialize-diagnostics -emit-dependencies -emit-module -emit-module-path /Users/justinhou/Development/deepshelves/.build/S6UIDerivedData/Build/Intermediates.noindex/LocalMemory.build/Release/LocalMemoryUITests.build/Objects-normal/arm64/LocalMemoryUITests.swiftmodule -validate-clang-modules-once -clang-build-session-file /Users/justinhou/Development/deepshelves/.build/S6UIDerivedData/ModuleCache.noindex/Session.modulevalidation -Xcc -I/Users/justinhou/Development/deepshelves/.build/S6UIDerivedData/Build/Intermediates.noindex/LocalMemory.build/Release/LocalMemoryUITests.build/swift-overrides.hmap -emit-const-values -Xfrontend -const-gather-protocols-file -Xfrontend /Users/justinhou/Development/deepshelves/.build/S6UIDerivedData/Build/Intermediates.noindex/LocalMemory.build/Release/LocalMemoryUITests.build/Objects-normal/arm64/LocalMemoryUITests_const_extract_protocols.json -Xcc -iquote -Xcc /Users/justinhou/Development/deepshelves/.build/S6UIDerivedData/Build/Intermediates.noindex/LocalMemory.build/Release/LocalMemoryUITests.build/LocalMemoryUITests-generated-files.hmap -Xcc -I/Users/justinhou/Development/deepshelves/.build/S6UIDerivedData/Build/Intermediates.noindex/LocalMemory.build/Release/LocalMemoryUITests.build/LocalMemoryUITests-own-target-headers.hmap -Xcc -I/Users/justinhou/Development/deepshelves/.build/S6UIDerivedData/Build/Intermediates.noindex/LocalMemory.build/Release/LocalMemoryUITests.build/LocalMemoryUITests-all-non-framework-target-headers.hmap -Xcc -ivfsoverlay -Xcc /Users/justinhou/Development/deepshelves/.build/S6UIDerivedData/Build/Intermediates.noindex/LocalMemory.build/Release/LocalMemory-a2f6a35635c1f574034e85928886420d-VFS/all-product-headers.yaml -Xcc -iquote -Xcc /Users/justinhou/Development/deepshelves/.build/S6UIDerivedData/Build/Intermediates.noindex/LocalMemory.build/Release/LocalMemoryUITests.build/LocalMemoryUITests-project-headers.hmap -Xcc -I/Users/justinhou/Development/deepshelves/.build/S6UIDerivedData/Build/Products/Release/include -Xcc -I/Users/justinhou/Development/deepshelves/.build/S6UIDerivedData/Build/Intermediates.noindex/LocalMemory.build/Release/LocalMemoryUITests.build/DerivedSources-normal/arm64 -Xcc -I/Users/justinhou/Development/deepshelves/.build/S6UIDerivedData/Build/Intermediates.noindex/LocalMemory.build/Release/LocalMemoryUITests.build/DerivedSources/arm64 -Xcc -I/Users/justinhou/Development/deepshelves/.build/S6UIDerivedData/Build/Intermediates.noindex/LocalMemory.build/Release/LocalMemoryUITests.build/DerivedSources -emit-objc-header -emit-objc-header-path /Users/justinhou/Development/deepshelves/.build/S6UIDerivedData/Build/Intermediates.noindex/LocalMemory.build/Release/LocalMemoryUITests.build/Objects-normal/arm64/LocalMemoryUITests-Swift.h -working-directory /Users/justinhou/Development/deepshelves -no-emit-module-separately-wmo

SwiftMergeGeneratedHeaders /Users/justinhou/Development/deepshelves/.build/S6UIDerivedData/Build/Intermediates.noindex/LocalMemory.build/Release/LocalMemoryUITests.build/DerivedSources/LocalMemoryUITests-Swift.h /Users/justinhou/Development/deepshelves/.build/S6UIDerivedData/Build/Intermediates.noindex/LocalMemory.build/Release/LocalMemoryUITests.build/Objects-normal/arm64/LocalMemoryUITests-Swift.h (in target 'LocalMemoryUITests' from project 'LocalMemory')
    cd /Users/justinhou/Development/deepshelves
    builtin-swiftHeaderTool -arch arm64 /Users/justinhou/Development/deepshelves/.build/S6UIDerivedData/Build/Intermediates.noindex/LocalMemory.build/Release/LocalMemoryUITests.build/Objects-normal/arm64/LocalMemoryUITests-Swift.h -o /Users/justinhou/Development/deepshelves/.build/S6UIDerivedData/Build/Intermediates.noindex/LocalMemory.build/Release/LocalMemoryUITests.build/DerivedSources/LocalMemoryUITests-Swift.h

Copy /Users/justinhou/Development/deepshelves/.build/S6UIDerivedData/Build/Products/Release/LocalMemoryUITests.swiftmodule/arm64-apple-macos.swiftdoc /Users/justinhou/Development/deepshelves/.build/S6UIDerivedData/Build/Intermediates.noindex/LocalMemory.build/Release/LocalMemoryUITests.build/Objects-normal/arm64/LocalMemoryUITests.swiftdoc (in target 'LocalMemoryUITests' from project 'LocalMemory')
    cd /Users/justinhou/Development/deepshelves
    builtin-copy -exclude .DS_Store -exclude CVS -exclude .svn -exclude .git -exclude .hg -resolve-src-symlinks -rename /Users/justinhou/Development/deepshelves/.build/S6UIDerivedData/Build/Intermediates.noindex/LocalMemory.build/Release/LocalMemoryUITests.build/Objects-normal/arm64/LocalMemoryUITests.swiftdoc /Users/justinhou/Development/deepshelves/.build/S6UIDerivedData/Build/Products/Release/LocalMemoryUITests.swiftmodule/arm64-apple-macos.swiftdoc

Copy /Users/justinhou/Development/deepshelves/.build/S6UIDerivedData/Build/Products/Release/LocalMemoryUITests.swiftmodule/arm64-apple-macos.swiftmodule /Users/justinhou/Development/deepshelves/.build/S6UIDerivedData/Build/Intermediates.noindex/LocalMemory.build/Release/LocalMemoryUITests.build/Objects-normal/arm64/LocalMemoryUITests.swiftmodule (in target 'LocalMemoryUITests' from project 'LocalMemory')
    cd /Users/justinhou/Development/deepshelves
    builtin-copy -exclude .DS_Store -exclude CVS -exclude .svn -exclude .git -exclude .hg -resolve-src-symlinks -rename /Users/justinhou/Development/deepshelves/.build/S6UIDerivedData/Build/Intermediates.noindex/LocalMemory.build/Release/LocalMemoryUITests.build/Objects-normal/arm64/LocalMemoryUITests.swiftmodule /Users/justinhou/Development/deepshelves/.build/S6UIDerivedData/Build/Products/Release/LocalMemoryUITests.swiftmodule/arm64-apple-macos.swiftmodule

Copy /Users/justinhou/Development/deepshelves/.build/S6UIDerivedData/Build/Products/Release/LocalMemoryUITests.swiftmodule/arm64-apple-macos.abi.json /Users/justinhou/Development/deepshelves/.build/S6UIDerivedData/Build/Intermediates.noindex/LocalMemory.build/Release/LocalMemoryUITests.build/Objects-normal/arm64/LocalMemoryUITests.abi.json (in target 'LocalMemoryUITests' from project 'LocalMemory')
    cd /Users/justinhou/Development/deepshelves
    builtin-copy -exclude .DS_Store -exclude CVS -exclude .svn -exclude .git -exclude .hg -resolve-src-symlinks -rename /Users/justinhou/Development/deepshelves/.build/S6UIDerivedData/Build/Intermediates.noindex/LocalMemory.build/Release/LocalMemoryUITests.build/Objects-normal/arm64/LocalMemoryUITests.abi.json /Users/justinhou/Development/deepshelves/.build/S6UIDerivedData/Build/Products/Release/LocalMemoryUITests.swiftmodule/arm64-apple-macos.abi.json

Copy /Users/justinhou/Development/deepshelves/.build/S6UIDerivedData/Build/Products/Release/LocalMemoryUITests.swiftmodule/Project/arm64-apple-macos.swiftsourceinfo /Users/justinhou/Development/deepshelves/.build/S6UIDerivedData/Build/Intermediates.noindex/LocalMemory.build/Release/LocalMemoryUITests.build/Objects-normal/arm64/LocalMemoryUITests.swiftsourceinfo (in target 'LocalMemoryUITests' from project 'LocalMemory')
    cd /Users/justinhou/Development/deepshelves
    builtin-copy -exclude .DS_Store -exclude CVS -exclude .svn -exclude .git -exclude .hg -resolve-src-symlinks -rename /Users/justinhou/Development/deepshelves/.build/S6UIDerivedData/Build/Intermediates.noindex/LocalMemory.build/Release/LocalMemoryUITests.build/Objects-normal/arm64/LocalMemoryUITests.swiftsourceinfo /Users/justinhou/Development/deepshelves/.build/S6UIDerivedData/Build/Products/Release/LocalMemoryUITests.swiftmodule/Project/arm64-apple-macos.swiftsourceinfo

RegisterExecutionPolicyException /Users/justinhou/Development/deepshelves/.build/S6UIDerivedData/Build/Products/Release/Local\ Memory.app (in target 'LocalMemoryApp' from project 'LocalMemory')
    cd /Users/justinhou/Development/deepshelves
    builtin-RegisterExecutionPolicyException /Users/justinhou/Development/deepshelves/.build/S6UIDerivedData/Build/Products/Release/Local\ Memory.app

Validate /Users/justinhou/Development/deepshelves/.build/S6UIDerivedData/Build/Products/Release/Local\ Memory.app (in target 'LocalMemoryApp' from project 'LocalMemory')
    cd /Users/justinhou/Development/deepshelves
    builtin-validationUtility /Users/justinhou/Development/deepshelves/.build/S6UIDerivedData/Build/Products/Release/Local\ Memory.app -no-validate-extension -infoplist-subpath Contents/Info.plist

Touch /Users/justinhou/Development/deepshelves/.build/S6UIDerivedData/Build/Products/Release/Local\ Memory.app (in target 'LocalMemoryApp' from project 'LocalMemory')
    cd /Users/justinhou/Development/deepshelves
    /usr/bin/touch -c /Users/justinhou/Development/deepshelves/.build/S6UIDerivedData/Build/Products/Release/Local\ Memory.app

RegisterWithLaunchServices /Users/justinhou/Development/deepshelves/.build/S6UIDerivedData/Build/Products/Release/Local\ Memory.app (in target 'LocalMemoryApp' from project 'LocalMemory')
    cd /Users/justinhou/Development/deepshelves
    /System/Library/Frameworks/CoreServices.framework/Versions/Current/Frameworks/LaunchServices.framework/Versions/Current/Support/lsregister -f -R -trusted /Users/justinhou/Development/deepshelves/.build/S6UIDerivedData/Build/Products/Release/Local\ Memory.app

ProcessInfoPlistFile /Users/justinhou/Development/deepshelves/.build/S6UIDerivedData/Build/Products/Release/LocalMemoryUITests-Runner.app/Contents/PlugIns/LocalMemoryUITests.xctest/Contents/Info.plist /Users/justinhou/Development/deepshelves/.build/S6UIDerivedData/Build/Intermediates.noindex/LocalMemory.build/Release/LocalMemoryUITests.build/empty-LocalMemoryUITests.plist (in target 'LocalMemoryUITests' from project 'LocalMemory')
    cd /Users/justinhou/Development/deepshelves
    builtin-infoPlistUtility /Users/justinhou/Development/deepshelves/.build/S6UIDerivedData/Build/Intermediates.noindex/LocalMemory.build/Release/LocalMemoryUITests.build/empty-LocalMemoryUITests.plist -producttype com.apple.product-type.bundle.ui-testing -expandbuildsettings -platform macosx -additionalcontentfile /Users/justinhou/Development/deepshelves/.build/S6UIDerivedData/Build/Intermediates.noindex/LocalMemory.build/Release/LocalMemoryUITests.build/ProductTypeInfoPlistAdditions.plist -o /Users/justinhou/Development/deepshelves/.build/S6UIDerivedData/Build/Products/Release/LocalMemoryUITests-Runner.app/Contents/PlugIns/LocalMemoryUITests.xctest/Contents/Info.plist

Ld /Users/justinhou/Development/deepshelves/.build/S6UIDerivedData/Build/Products/Release/LocalMemoryUITests-Runner.app/Contents/PlugIns/LocalMemoryUITests.xctest/Contents/MacOS/LocalMemoryUITests normal (in target 'LocalMemoryUITests' from project 'LocalMemory')
    cd /Users/justinhou/Development/deepshelves
    /Applications/Xcode.app/Contents/Developer/Toolchains/XcodeDefault.xctoolchain/usr/bin/clang -Xlinker -reproducible -target arm64-apple-macos15.0 -bundle -isysroot /Applications/Xcode.app/Contents/Developer/Platforms/MacOSX.platform/Developer/SDKs/MacOSX26.5.sdk -Os -L/Users/justinhou/Development/deepshelves/.build/S6UIDerivedData/Build/Intermediates.noindex/EagerLinkingTBDs/Release -L/Users/justinhou/Development/deepshelves/.build/S6UIDerivedData/Build/Products/Release -L/Applications/Xcode.app/Contents/Developer/Platforms/MacOSX.platform/Developer/usr/lib -F/Users/justinhou/Development/deepshelves/.build/S6UIDerivedData/Build/Intermediates.noindex/EagerLinkingTBDs/Release -F/Users/justinhou/Development/deepshelves/.build/S6UIDerivedData/Build/Products/Release -iframework /Applications/Xcode.app/Contents/Developer/Platforms/MacOSX.platform/Developer/Library/Frameworks -filelist /Users/justinhou/Development/deepshelves/.build/S6UIDerivedData/Build/Intermediates.noindex/LocalMemory.build/Release/LocalMemoryUITests.build/Objects-normal/arm64/LocalMemoryUITests.LinkFileList -Xlinker -rpath -Xlinker /usr/lib/swift -Xlinker -rpath -Xlinker @loader_path/../Frameworks -Xlinker -rpath -Xlinker @executable_path/Frameworks -Xlinker -rpath -Xlinker @loader_path/Frameworks -Xlinker -object_path_lto -Xlinker /Users/justinhou/Development/deepshelves/.build/S6UIDerivedData/Build/Intermediates.noindex/LocalMemory.build/Release/LocalMemoryUITests.build/Objects-normal/arm64/LocalMemoryUITests_lto.o -Xlinker -dependency_info -Xlinker /Users/justinhou/Development/deepshelves/.build/S6UIDerivedData/Build/Intermediates.noindex/LocalMemory.build/Release/LocalMemoryUITests.build/Objects-normal/arm64/LocalMemoryUITests_dependency_info.dat -fobjc-link-runtime -L/Applications/Xcode.app/Contents/Developer/Toolchains/XcodeDefault.xctoolchain/usr/lib/swift/macosx -L/usr/lib/swift -Xlinker -add_ast_path -Xlinker /Users/justinhou/Development/deepshelves/.build/S6UIDerivedData/Build/Intermediates.noindex/LocalMemory.build/Release/LocalMemoryUITests.build/Objects-normal/arm64/LocalMemoryUITests.swiftmodule @/Users/justinhou/Development/deepshelves/.build/S6UIDerivedData/Build/Intermediates.noindex/LocalMemory.build/Release/LocalMemoryUITests.build/Objects-normal/arm64/LocalMemoryUITests-linker-args.resp -Xlinker -needed_framework -Xlinker XCTest -framework XCTest -Xlinker -needed-lXCTestSwiftSupport -lXCTestSwiftSupport -Xlinker -no_adhoc_codesign -o /Users/justinhou/Development/deepshelves/.build/S6UIDerivedData/Build/Products/Release/LocalMemoryUITests-Runner.app/Contents/PlugIns/LocalMemoryUITests.xctest/Contents/MacOS/LocalMemoryUITests

CopySwiftLibs /Users/justinhou/Development/deepshelves/.build/S6UIDerivedData/Build/Products/Release/LocalMemoryUITests-Runner.app/Contents/PlugIns/LocalMemoryUITests.xctest (in target 'LocalMemoryUITests' from project 'LocalMemory')
    cd /Users/justinhou/Development/deepshelves
    builtin-swiftStdLibTool --copy --verbose --sign 5F2CF76A05528002A43A04B748E50F81D795A4E9 --scan-executable /Users/justinhou/Development/deepshelves/.build/S6UIDerivedData/Build/Products/Release/LocalMemoryUITests-Runner.app/Contents/PlugIns/LocalMemoryUITests.xctest/Contents/MacOS/LocalMemoryUITests --scan-folder /Users/justinhou/Development/deepshelves/.build/S6UIDerivedData/Build/Products/Release/LocalMemoryUITests-Runner.app/Contents/PlugIns/LocalMemoryUITests.xctest/Contents/Frameworks --scan-folder /Users/justinhou/Development/deepshelves/.build/S6UIDerivedData/Build/Products/Release/LocalMemoryUITests-Runner.app/Contents/PlugIns/LocalMemoryUITests.xctest/Contents/PlugIns --scan-folder /Users/justinhou/Development/deepshelves/.build/S6UIDerivedData/Build/Products/Release/LocalMemoryUITests-Runner.app/Contents/PlugIns/LocalMemoryUITests.xctest/Contents/Library/SystemExtensions --scan-folder /Users/justinhou/Development/deepshelves/.build/S6UIDerivedData/Build/Products/Release/LocalMemoryUITests-Runner.app/Contents/PlugIns/LocalMemoryUITests.xctest/Contents/Extensions --platform macosx --toolchain /Applications/Xcode.app/Contents/Developer/Toolchains/XcodeDefault.xctoolchain --destination /Users/justinhou/Development/deepshelves/.build/S6UIDerivedData/Build/Products/Release/LocalMemoryUITests-Runner.app/Contents/PlugIns/LocalMemoryUITests.xctest/Contents/Frameworks --strip-bitcode --scan-executable /Applications/Xcode.app/Contents/Developer/Platforms/MacOSX.platform/Developer/usr/lib/libXCTestSwiftSupport.dylib --strip-bitcode-tool /Applications/Xcode.app/Contents/Developer/Toolchains/XcodeDefault.xctoolchain/usr/bin/bitcode_strip --emit-dependency-info /Users/justinhou/Development/deepshelves/.build/S6UIDerivedData/Build/Intermediates.noindex/LocalMemory.build/Release/LocalMemoryUITests.build/SwiftStdLibToolInputDependencies.dep --filter-for-swift-os --back-deploy-swift-span

ExtractAppIntentsMetadata (in target 'LocalMemoryUITests' from project 'LocalMemory')
    cd /Users/justinhou/Development/deepshelves
    /Applications/Xcode.app/Contents/Developer/Toolchains/XcodeDefault.xctoolchain/usr/bin/appintentsmetadataprocessor --toolchain-dir /Applications/Xcode.app/Contents/Developer/Toolchains/XcodeDefault.xctoolchain --module-name LocalMemoryUITests --sdk-root /Applications/Xcode.app/Contents/Developer/Platforms/MacOSX.platform/Developer/SDKs/MacOSX26.5.sdk --xcode-version 17F42 --platform-family macOS --deployment-target 15.0 --output /Users/justinhou/Development/deepshelves/.build/S6UIDerivedData/Build/Products/Release/LocalMemoryUITests-Runner.app/Contents/PlugIns/LocalMemoryUITests.xctest/Contents/Resources --target-triple arm64-apple-macos15.0 --binary-file /Users/justinhou/Development/deepshelves/.build/S6UIDerivedData/Build/Products/Release/LocalMemoryUITests-Runner.app/Contents/PlugIns/LocalMemoryUITests.xctest/Contents/MacOS/LocalMemoryUITests --dependency-file /Users/justinhou/Development/deepshelves/.build/S6UIDerivedData/Build/Intermediates.noindex/LocalMemory.build/Release/LocalMemoryUITests.build/Objects-normal/arm64/LocalMemoryUITests_dependency_info.dat --stringsdata-file /Users/justinhou/Development/deepshelves/.build/S6UIDerivedData/Build/Intermediates.noindex/LocalMemory.build/Release/LocalMemoryUITests.build/Objects-normal/arm64/ExtractedAppShortcutsMetadata.stringsdata --source-file-list /Users/justinhou/Development/deepshelves/.build/S6UIDerivedData/Build/Intermediates.noindex/LocalMemory.build/Release/LocalMemoryUITests.build/Objects-normal/arm64/LocalMemoryUITests.SwiftFileList --metadata-file-list /Users/justinhou/Development/deepshelves/.build/S6UIDerivedData/Build/Intermediates.noindex/LocalMemory.build/Release/LocalMemoryUITests.build/LocalMemoryUITests.DependencyMetadataFileList --static-metadata-file-list /Users/justinhou/Development/deepshelves/.build/S6UIDerivedData/Build/Intermediates.noindex/LocalMemory.build/Release/LocalMemoryUITests.build/LocalMemoryUITests.DependencyStaticMetadataFileList --swift-const-vals-list /Users/justinhou/Development/deepshelves/.build/S6UIDerivedData/Build/Intermediates.noindex/LocalMemory.build/Release/LocalMemoryUITests.build/Objects-normal/arm64/LocalMemoryUITests.SwiftConstValuesFileList --compile-time-extraction --deployment-aware-processing --validate-assistant-intents --no-app-shortcuts-localization
2026-08-28 00:27:38.575 appintentsmetadataprocessor[38011:22996604] Starting appintentsmetadataprocessor export
2026-08-28 00:27:38.578 appintentsmetadataprocessor[38011:22996604] warning: Metadata extraction skipped. No AppIntents.framework dependency found.

GenerateDSYMFile /Users/justinhou/Development/deepshelves/.build/S6UIDerivedData/Build/Products/Release/LocalMemoryUITests-Runner.app/Contents/PlugIns/LocalMemoryUITests.xctest.dSYM /Users/justinhou/Development/deepshelves/.build/S6UIDerivedData/Build/Products/Release/LocalMemoryUITests-Runner.app/Contents/PlugIns/LocalMemoryUITests.xctest/Contents/MacOS/LocalMemoryUITests (in target 'LocalMemoryUITests' from project 'LocalMemory')
    cd /Users/justinhou/Development/deepshelves
    /Applications/Xcode.app/Contents/Developer/Toolchains/XcodeDefault.xctoolchain/usr/bin/dsymutil /Users/justinhou/Development/deepshelves/.build/S6UIDerivedData/Build/Products/Release/LocalMemoryUITests-Runner.app/Contents/PlugIns/LocalMemoryUITests.xctest/Contents/MacOS/LocalMemoryUITests -o /Users/justinhou/Development/deepshelves/.build/S6UIDerivedData/Build/Products/Release/LocalMemoryUITests-Runner.app/Contents/PlugIns/LocalMemoryUITests.xctest.dSYM

CopyPlistFile /Users/justinhou/Development/deepshelves/.build/S6UIDerivedData/Build/Products/Release/LocalMemoryUITests-Runner.app/Contents/Info.plist /Applications/Xcode.app/Contents/Developer/Platforms/MacOSX.platform/Developer/Library/Xcode/Agents/XCTRunner.app/Contents/Info.plist (in target 'LocalMemoryUITests' from project 'LocalMemory')
    cd /Users/justinhou/Development/deepshelves
    builtin-copyPlist --validate --convert xml1 --macro-expansion WRAPPEDPRODUCTNAME LocalMemoryUITests-Runner --macro-expansion WRAPPEDPRODUCTBUNDLEIDENTIFIER .xctrunner --macro-expansion TESTPRODUCTNAME LocalMemoryUITests --macro-expansion TESTPRODUCTBUNDLEIDENTIFIER  --copy-value UIDeviceFamily /Users/justinhou/Development/deepshelves/.build/S6UIDerivedData/Build/Products/Release/LocalMemoryUITests-Runner.app/Contents/PlugIns/LocalMemoryUITests.xctest/Contents/Info.plist --outdir /Users/justinhou/Development/deepshelves/.build/S6UIDerivedData/Build/Products/Release/LocalMemoryUITests-Runner.app/Contents -- /Applications/Xcode.app/Contents/Developer/Platforms/MacOSX.platform/Developer/Library/Xcode/Agents/XCTRunner.app/Contents/Info.plist

Copy /Users/justinhou/Development/deepshelves/.build/S6UIDerivedData/Build/Products/Release/LocalMemoryUITests-Runner.app/Contents/PkgInfo /Applications/Xcode.app/Contents/Developer/Platforms/MacOSX.platform/Developer/Library/Xcode/Agents/XCTRunner.app/Contents/PkgInfo (in target 'LocalMemoryUITests' from project 'LocalMemory')
    cd /Users/justinhou/Development/deepshelves
    builtin-copy -exclude .DS_Store -exclude CVS -exclude .svn -exclude .git -exclude .hg -resolve-src-symlinks /Applications/Xcode.app/Contents/Developer/Platforms/MacOSX.platform/Developer/Library/Xcode/Agents/XCTRunner.app/Contents/PkgInfo /Users/justinhou/Development/deepshelves/.build/S6UIDerivedData/Build/Products/Release/LocalMemoryUITests-Runner.app/Contents

CopyAndPreserveArchs /Users/justinhou/Development/deepshelves/.build/S6UIDerivedData/Build/Products/Release/LocalMemoryUITests-Runner.app/Contents/MacOS/LocalMemoryUITests-Runner (in target 'LocalMemoryUITests' from project 'LocalMemory')
    cd /Users/justinhou/Development/deepshelves
    /Applications/Xcode.app/Contents/Developer/Toolchains/XcodeDefault.xctoolchain/usr/bin/lipo /Applications/Xcode.app/Contents/Developer/Platforms/MacOSX.platform/Developer/Library/Xcode/Agents/XCTRunner.app/Contents/MacOS/XCTRunner -output /Users/justinhou/Development/deepshelves/.build/S6UIDerivedData/Build/Products/Release/LocalMemoryUITests-Runner.app/Contents/MacOS/LocalMemoryUITests-Runner -extract arm64

MkDir /Users/justinhou/Development/deepshelves/.build/S6UIDerivedData/Build/Products/Release/LocalMemoryUITests-Runner.app (in target 'LocalMemoryUITests' from project 'LocalMemory')
    cd /Users/justinhou/Development/deepshelves
    /bin/mkdir -p /Users/justinhou/Development/deepshelves/.build/S6UIDerivedData/Build/Products/Release/LocalMemoryUITests-Runner.app

Copy /Users/justinhou/Development/deepshelves/.build/S6UIDerivedData/Build/Products/Release/LocalMemoryUITests-Runner.app/Contents/Frameworks/XCTestSupport.framework /Applications/Xcode.app/Contents/Developer/Platforms/MacOSX.platform/Developer/Library/PrivateFrameworks/XCTestSupport.framework (in target 'LocalMemoryUITests' from project 'LocalMemory')
    cd /Users/justinhou/Development/deepshelves
    builtin-copy -exclude .DS_Store -exclude CVS -exclude .svn -exclude .git -exclude .hg -exclude Headers -exclude PrivateHeaders -exclude Modules -exclude \*.tbd -resolve-src-symlinks /Applications/Xcode.app/Contents/Developer/Platforms/MacOSX.platform/Developer/Library/PrivateFrameworks/XCTestSupport.framework /Users/justinhou/Development/deepshelves/.build/S6UIDerivedData/Build/Products/Release/LocalMemoryUITests-Runner.app/Contents/Frameworks

Copy /Users/justinhou/Development/deepshelves/.build/S6UIDerivedData/Build/Products/Release/LocalMemoryUITests-Runner.app/Contents/Frameworks/XCTAutomationSupport.framework /Applications/Xcode.app/Contents/Developer/Platforms/MacOSX.platform/Developer/Library/PrivateFrameworks/XCTAutomationSupport.framework (in target 'LocalMemoryUITests' from project 'LocalMemory')
    cd /Users/justinhou/Development/deepshelves
    builtin-copy -exclude .DS_Store -exclude CVS -exclude .svn -exclude .git -exclude .hg -exclude Headers -exclude PrivateHeaders -exclude Modules -exclude \*.tbd -resolve-src-symlinks /Applications/Xcode.app/Contents/Developer/Platforms/MacOSX.platform/Developer/Library/PrivateFrameworks/XCTAutomationSupport.framework /Users/justinhou/Development/deepshelves/.build/S6UIDerivedData/Build/Products/Release/LocalMemoryUITests-Runner.app/Contents/Frameworks

Copy /Users/justinhou/Development/deepshelves/.build/S6UIDerivedData/Build/Products/Release/LocalMemoryUITests-Runner.app/Contents/Frameworks/XCTestCore.framework /Applications/Xcode.app/Contents/Developer/Platforms/MacOSX.platform/Developer/Library/PrivateFrameworks/XCTestCore.framework (in target 'LocalMemoryUITests' from project 'LocalMemory')
    cd /Users/justinhou/Development/deepshelves
    builtin-copy -exclude .DS_Store -exclude CVS -exclude .svn -exclude .git -exclude .hg -exclude Headers -exclude PrivateHeaders -exclude Modules -exclude \*.tbd -resolve-src-symlinks /Applications/Xcode.app/Contents/Developer/Platforms/MacOSX.platform/Developer/Library/PrivateFrameworks/XCTestCore.framework /Users/justinhou/Development/deepshelves/.build/S6UIDerivedData/Build/Products/Release/LocalMemoryUITests-Runner.app/Contents/Frameworks

Copy /Users/justinhou/Development/deepshelves/.build/S6UIDerivedData/Build/Products/Release/LocalMemoryUITests-Runner.app/Contents/Frameworks/XCUnit.framework /Applications/Xcode.app/Contents/Developer/Platforms/MacOSX.platform/Developer/Library/PrivateFrameworks/XCUnit.framework (in target 'LocalMemoryUITests' from project 'LocalMemory')
    cd /Users/justinhou/Development/deepshelves
    builtin-copy -exclude .DS_Store -exclude CVS -exclude .svn -exclude .git -exclude .hg -exclude Headers -exclude PrivateHeaders -exclude Modules -exclude \*.tbd -resolve-src-symlinks /Applications/Xcode.app/Contents/Developer/Platforms/MacOSX.platform/Developer/Library/PrivateFrameworks/XCUnit.framework /Users/justinhou/Development/deepshelves/.build/S6UIDerivedData/Build/Products/Release/LocalMemoryUITests-Runner.app/Contents/Frameworks

Copy /Users/justinhou/Development/deepshelves/.build/S6UIDerivedData/Build/Products/Release/LocalMemoryUITests-Runner.app/Contents/Frameworks/libXCTestSwiftSupport.dylib /Applications/Xcode.app/Contents/Developer/Platforms/MacOSX.platform/Developer/usr/lib/libXCTestSwiftSupport.dylib (in target 'LocalMemoryUITests' from project 'LocalMemory')
    cd /Users/justinhou/Development/deepshelves
    builtin-copy -exclude .DS_Store -exclude CVS -exclude .svn -exclude .git -exclude .hg -exclude Headers -exclude PrivateHeaders -exclude Modules -exclude \*.tbd -resolve-src-symlinks /Applications/Xcode.app/Contents/Developer/Platforms/MacOSX.platform/Developer/usr/lib/libXCTestSwiftSupport.dylib /Users/justinhou/Development/deepshelves/.build/S6UIDerivedData/Build/Products/Release/LocalMemoryUITests-Runner.app/Contents/Frameworks

Copy /Users/justinhou/Development/deepshelves/.build/S6UIDerivedData/Build/Products/Release/LocalMemoryUITests-Runner.app/Contents/Frameworks/XCUIAutomation.framework /Applications/Xcode.app/Contents/Developer/Platforms/MacOSX.platform/Developer/Library/Frameworks/XCUIAutomation.framework (in target 'LocalMemoryUITests' from project 'LocalMemory')
    cd /Users/justinhou/Development/deepshelves
    builtin-copy -exclude .DS_Store -exclude CVS -exclude .svn -exclude .git -exclude .hg -exclude Headers -exclude PrivateHeaders -exclude Modules -exclude \*.tbd -resolve-src-symlinks /Applications/Xcode.app/Contents/Developer/Platforms/MacOSX.platform/Developer/Library/Frameworks/XCUIAutomation.framework /Users/justinhou/Development/deepshelves/.build/S6UIDerivedData/Build/Products/Release/LocalMemoryUITests-Runner.app/Contents/Frameworks

Copy /Users/justinhou/Development/deepshelves/.build/S6UIDerivedData/Build/Products/Release/LocalMemoryUITests-Runner.app/Contents/Frameworks/XCTest.framework /Applications/Xcode.app/Contents/Developer/Platforms/MacOSX.platform/Developer/Library/Frameworks/XCTest.framework (in target 'LocalMemoryUITests' from project 'LocalMemory')
    cd /Users/justinhou/Development/deepshelves
    builtin-copy -exclude .DS_Store -exclude CVS -exclude .svn -exclude .git -exclude .hg -exclude Headers -exclude PrivateHeaders -exclude Modules -exclude \*.tbd -resolve-src-symlinks /Applications/Xcode.app/Contents/Developer/Platforms/MacOSX.platform/Developer/Library/Frameworks/XCTest.framework /Users/justinhou/Development/deepshelves/.build/S6UIDerivedData/Build/Products/Release/LocalMemoryUITests-Runner.app/Contents/Frameworks

Copy /Users/justinhou/Development/deepshelves/.build/S6UIDerivedData/Build/Products/Release/LocalMemoryUITests-Runner.app/Contents/Frameworks/Testing.framework /Applications/Xcode.app/Contents/Developer/Platforms/MacOSX.platform/Developer/Library/Frameworks/Testing.framework (in target 'LocalMemoryUITests' from project 'LocalMemory')
    cd /Users/justinhou/Development/deepshelves
    builtin-copy -exclude .DS_Store -exclude CVS -exclude .svn -exclude .git -exclude .hg -exclude Headers -exclude PrivateHeaders -exclude Modules -exclude \*.tbd -resolve-src-symlinks /Applications/Xcode.app/Contents/Developer/Platforms/MacOSX.platform/Developer/Library/Frameworks/Testing.framework /Users/justinhou/Development/deepshelves/.build/S6UIDerivedData/Build/Products/Release/LocalMemoryUITests-Runner.app/Contents/Frameworks

CodeSign /Users/justinhou/Development/deepshelves/.build/S6UIDerivedData/Build/Products/Release/LocalMemoryUITests-Runner.app/Contents/Frameworks/libXCTestSwiftSupport.dylib (in target 'LocalMemoryUITests' from project 'LocalMemory')
    cd /Users/justinhou/Development/deepshelves

    Signing Identity:     "Apple Development: justin_hou25@icloud.com (K8SNDR5HV9)"

    /usr/bin/codesign --force --sign 5F2CF76A05528002A43A04B748E50F81D795A4E9 -o runtime --timestamp\=none --preserve-metadata\=identifier,entitlements,flags --generate-entitlement-der /Users/justinhou/Development/deepshelves/.build/S6UIDerivedData/Build/Products/Release/LocalMemoryUITests-Runner.app/Contents/Frameworks/libXCTestSwiftSupport.dylib
/Users/justinhou/Development/deepshelves/.build/S6UIDerivedData/Build/Products/Release/LocalMemoryUITests-Runner.app/Contents/Frameworks/libXCTestSwiftSupport.dylib: replacing existing signature

CodeSign /Users/justinhou/Development/deepshelves/.build/S6UIDerivedData/Build/Products/Release/LocalMemoryUITests-Runner.app/Contents/Frameworks/XCUnit.framework (in target 'LocalMemoryUITests' from project 'LocalMemory')
    cd /Users/justinhou/Development/deepshelves

    Signing Identity:     "Apple Development: justin_hou25@icloud.com (K8SNDR5HV9)"

    /usr/bin/codesign --force --sign 5F2CF76A05528002A43A04B748E50F81D795A4E9 -o runtime --timestamp\=none --preserve-metadata\=identifier,entitlements,flags --generate-entitlement-der /Users/justinhou/Development/deepshelves/.build/S6UIDerivedData/Build/Products/Release/LocalMemoryUITests-Runner.app/Contents/Frameworks/XCUnit.framework
/Users/justinhou/Development/deepshelves/.build/S6UIDerivedData/Build/Products/Release/LocalMemoryUITests-Runner.app/Contents/Frameworks/XCUnit.framework: replacing existing signature

CodeSign /Users/justinhou/Development/deepshelves/.build/S6UIDerivedData/Build/Products/Release/LocalMemoryUITests-Runner.app/Contents/Frameworks/XCTestSupport.framework (in target 'LocalMemoryUITests' from project 'LocalMemory')
    cd /Users/justinhou/Development/deepshelves

    Signing Identity:     "Apple Development: justin_hou25@icloud.com (K8SNDR5HV9)"

    /usr/bin/codesign --force --sign 5F2CF76A05528002A43A04B748E50F81D795A4E9 -o runtime --timestamp\=none --preserve-metadata\=identifier,entitlements,flags --generate-entitlement-der /Users/justinhou/Development/deepshelves/.build/S6UIDerivedData/Build/Products/Release/LocalMemoryUITests-Runner.app/Contents/Frameworks/XCTestSupport.framework
/Users/justinhou/Development/deepshelves/.build/S6UIDerivedData/Build/Products/Release/LocalMemoryUITests-Runner.app/Contents/Frameworks/XCTestSupport.framework: replacing existing signature

CodeSign /Users/justinhou/Development/deepshelves/.build/S6UIDerivedData/Build/Products/Release/LocalMemoryUITests-Runner.app/Contents/Frameworks/XCTest.framework (in target 'LocalMemoryUITests' from project 'LocalMemory')
    cd /Users/justinhou/Development/deepshelves

    Signing Identity:     "Apple Development: justin_hou25@icloud.com (K8SNDR5HV9)"

    /usr/bin/codesign --force --sign 5F2CF76A05528002A43A04B748E50F81D795A4E9 -o runtime --timestamp\=none --preserve-metadata\=identifier,entitlements,flags --generate-entitlement-der /Users/justinhou/Development/deepshelves/.build/S6UIDerivedData/Build/Products/Release/LocalMemoryUITests-Runner.app/Contents/Frameworks/XCTest.framework
/Users/justinhou/Development/deepshelves/.build/S6UIDerivedData/Build/Products/Release/LocalMemoryUITests-Runner.app/Contents/Frameworks/XCTest.framework: replacing existing signature

CodeSign /Users/justinhou/Development/deepshelves/.build/S6UIDerivedData/Build/Products/Release/LocalMemoryUITests-Runner.app/Contents/Frameworks/XCTAutomationSupport.framework (in target 'LocalMemoryUITests' from project 'LocalMemory')
    cd /Users/justinhou/Development/deepshelves

    Signing Identity:     "Apple Development: justin_hou25@icloud.com (K8SNDR5HV9)"

    /usr/bin/codesign --force --sign 5F2CF76A05528002A43A04B748E50F81D795A4E9 -o runtime --timestamp\=none --preserve-metadata\=identifier,entitlements,flags --generate-entitlement-der /Users/justinhou/Development/deepshelves/.build/S6UIDerivedData/Build/Products/Release/LocalMemoryUITests-Runner.app/Contents/Frameworks/XCTAutomationSupport.framework
/Users/justinhou/Development/deepshelves/.build/S6UIDerivedData/Build/Products/Release/LocalMemoryUITests-Runner.app/Contents/Frameworks/XCTAutomationSupport.framework: replacing existing signature

CodeSign /Users/justinhou/Development/deepshelves/.build/S6UIDerivedData/Build/Products/Release/LocalMemoryUITests-Runner.app/Contents/Frameworks/XCTestCore.framework (in target 'LocalMemoryUITests' from project 'LocalMemory')
    cd /Users/justinhou/Development/deepshelves

    Signing Identity:     "Apple Development: justin_hou25@icloud.com (K8SNDR5HV9)"

    /usr/bin/codesign --force --sign 5F2CF76A05528002A43A04B748E50F81D795A4E9 -o runtime --timestamp\=none --preserve-metadata\=identifier,entitlements,flags --generate-entitlement-der /Users/justinhou/Development/deepshelves/.build/S6UIDerivedData/Build/Products/Release/LocalMemoryUITests-Runner.app/Contents/Frameworks/XCTestCore.framework
/Users/justinhou/Development/deepshelves/.build/S6UIDerivedData/Build/Products/Release/LocalMemoryUITests-Runner.app/Contents/Frameworks/XCTestCore.framework: replacing existing signature

CodeSign /Users/justinhou/Development/deepshelves/.build/S6UIDerivedData/Build/Products/Release/LocalMemoryUITests-Runner.app/Contents/Frameworks/XCUIAutomation.framework (in target 'LocalMemoryUITests' from project 'LocalMemory')
    cd /Users/justinhou/Development/deepshelves

    Signing Identity:     "Apple Development: justin_hou25@icloud.com (K8SNDR5HV9)"

    /usr/bin/codesign --force --sign 5F2CF76A05528002A43A04B748E50F81D795A4E9 -o runtime --timestamp\=none --preserve-metadata\=identifier,entitlements,flags --generate-entitlement-der /Users/justinhou/Development/deepshelves/.build/S6UIDerivedData/Build/Products/Release/LocalMemoryUITests-Runner.app/Contents/Frameworks/XCUIAutomation.framework
/Users/justinhou/Development/deepshelves/.build/S6UIDerivedData/Build/Products/Release/LocalMemoryUITests-Runner.app/Contents/Frameworks/XCUIAutomation.framework: replacing existing signature

CodeSign /Users/justinhou/Development/deepshelves/.build/S6UIDerivedData/Build/Products/Release/LocalMemoryUITests-Runner.app/Contents/Frameworks/Testing.framework (in target 'LocalMemoryUITests' from project 'LocalMemory')
    cd /Users/justinhou/Development/deepshelves

    Signing Identity:     "Apple Development: justin_hou25@icloud.com (K8SNDR5HV9)"

    /usr/bin/codesign --force --sign 5F2CF76A05528002A43A04B748E50F81D795A4E9 -o runtime --timestamp\=none --preserve-metadata\=identifier,entitlements,flags --generate-entitlement-der /Users/justinhou/Development/deepshelves/.build/S6UIDerivedData/Build/Products/Release/LocalMemoryUITests-Runner.app/Contents/Frameworks/Testing.framework
/Users/justinhou/Development/deepshelves/.build/S6UIDerivedData/Build/Products/Release/LocalMemoryUITests-Runner.app/Contents/Frameworks/Testing.framework: replacing existing signature

CodeSign /Users/justinhou/Development/deepshelves/.build/S6UIDerivedData/Build/Products/Release/LocalMemoryUITests-Runner.app/Contents/PlugIns/LocalMemoryUITests.xctest (in target 'LocalMemoryUITests' from project 'LocalMemory')
    cd /Users/justinhou/Development/deepshelves

    Signing Identity:     "Apple Development: justin_hou25@icloud.com (K8SNDR5HV9)"

    /usr/bin/codesign --force --sign 5F2CF76A05528002A43A04B748E50F81D795A4E9 -o runtime --entitlements /Users/justinhou/Development/deepshelves/.build/S6UIDerivedData/Build/Intermediates.noindex/LocalMemory.build/Release/LocalMemoryUITests.build/LocalMemoryUITests.xctest.xcent --timestamp\=none --generate-entitlement-der /Users/justinhou/Development/deepshelves/.build/S6UIDerivedData/Build/Products/Release/LocalMemoryUITests-Runner.app/Contents/PlugIns/LocalMemoryUITests.xctest

RegisterExecutionPolicyException /Users/justinhou/Development/deepshelves/.build/S6UIDerivedData/Build/Products/Release/LocalMemoryUITests-Runner.app/Contents/PlugIns/LocalMemoryUITests.xctest (in target 'LocalMemoryUITests' from project 'LocalMemory')
    cd /Users/justinhou/Development/deepshelves
    builtin-RegisterExecutionPolicyException /Users/justinhou/Development/deepshelves/.build/S6UIDerivedData/Build/Products/Release/LocalMemoryUITests-Runner.app/Contents/PlugIns/LocalMemoryUITests.xctest

Touch /Users/justinhou/Development/deepshelves/.build/S6UIDerivedData/Build/Products/Release/LocalMemoryUITests-Runner.app/Contents/PlugIns/LocalMemoryUITests.xctest (in target 'LocalMemoryUITests' from project 'LocalMemory')
    cd /Users/justinhou/Development/deepshelves
    /usr/bin/touch -c /Users/justinhou/Development/deepshelves/.build/S6UIDerivedData/Build/Products/Release/LocalMemoryUITests-Runner.app/Contents/PlugIns/LocalMemoryUITests.xctest

CodeSign /Users/justinhou/Development/deepshelves/.build/S6UIDerivedData/Build/Products/Release/LocalMemoryUITests-Runner.app (in target 'LocalMemoryUITests' from project 'LocalMemory')
    cd /Users/justinhou/Development/deepshelves

    Signing Identity:     "Apple Development: justin_hou25@icloud.com (K8SNDR5HV9)"

    /usr/bin/codesign --force --sign 5F2CF76A05528002A43A04B748E50F81D795A4E9 -o runtime --entitlements /Users/justinhou/Development/deepshelves/.build/S6UIDerivedData/Build/Intermediates.noindex/LocalMemory.build/Release/LocalMemoryUITests.build/LocalMemoryUITests.xctest.xcent --timestamp\=none --generate-entitlement-der /Users/justinhou/Development/deepshelves/.build/S6UIDerivedData/Build/Products/Release/LocalMemoryUITests-Runner.app
/Users/justinhou/Development/deepshelves/.build/S6UIDerivedData/Build/Products/Release/LocalMemoryUITests-Runner.app: replacing existing signature

2026-08-28 00:27:40.347193+0200 LocalMemoryUITests-Runner[38025:22996689] [Default] Running tests...
Test Suite 'Selected tests' started at 2026-08-28 00:27:40.406.
Test Suite 'LocalMemoryUITests.xctest' started at 2026-08-28 00:27:40.407.
Test Suite 'S6PerformanceUITests' started at 2026-08-28 00:27:40.407.
Test Case '-[LocalMemoryUITests.S6PerformanceUITests testReleaseNativeGridTimelineAndAccessibilityJourney]' started.
    t =     0.00s Start Test at 2026-08-28 00:27:40.407
    t =     0.18s Set Up
LM008_S6_UI_OUTPUT=/Users/justinhou/Library/Containers/.xctrunner/Data/tmp/deepshelves-s6-xcuitest-current
    t =     0.19s Open com.justinhou.deepshelves.localmemory
    t =     0.19s     Launch com.justinhou.deepshelves.localmemory
2026-08-28 00:27:40.863 xcodebuild[37689:22994134] [MT] IDELaunchParametersSnapshot: The operation couldn’t be completed. (DebuggerLLDB.DebuggerVersionStore.StoreError error 0.)
2026-08-28 00:27:40.863 xcodebuild[37689:22994134] [MT] IDELaunchParametersSnapshot: no debugger version
    t =     1.96s         Wait for accessibility to load
    t =     3.18s         Setting up automation session
    t =     3.21s         Wait for com.justinhou.deepshelves.localmemory to idle
    t =     3.44s Open com.justinhou.deepshelves.localmemory
    t =     3.45s     Activate com.justinhou.deepshelves.localmemory
    t =     3.46s         Wait for com.justinhou.deepshelves.localmemory to idle
    t =     3.46s Waiting 2.0s for Window (First Match) to exist
    t =     4.51s     Checking `Expect predicate `existsNoRetry == 1` for object Window (First Match)`
    t =     4.51s         Checking existence of `Window (First Match)`
    t =     4.54s Waiting 10.0s for Window (First Match) to exist
    t =     5.58s     Checking `Expect predicate `existsNoRetry == 1` for object Window (First Match)`
    t =     5.58s         Checking existence of `Window (First Match)`
    t =     5.59s Waiting 5.0s for "s6.search" TextField to exist
    t =     6.62s     Checking `Expect predicate `existsNoRetry == 1` for object "s6.search" TextField`
    t =     6.62s         Checking existence of `"s6.search" TextField`
    t =     7.06s Waiting 5.0s for Any (First Match) to exist
    t =     8.11s     Checking `Expect predicate `existsNoRetry == 1` for object Any (First Match)`
    t =     8.11s         Checking existence of `Any (First Match)`
    t =     8.21s Waiting 5.0s for "s6.timeline" Slider to exist
    t =     9.25s     Checking `Expect predicate `existsNoRetry == 1` for object "s6.timeline" Slider`
    t =     9.25s         Checking existence of `"s6.timeline" Slider`
    t =     9.42s Find the "s6.appearance" Button
    t =     9.60s Find the "s6.pseudo" Button
    t =     9.77s Find the "s6.resize" Button
    t =     9.93s Find the "s6.warm" Button
    t =    10.10s Click "s6.search" TextField
    t =    10.10s     Wait for com.justinhou.deepshelves.localmemory to idle
    t =    10.11s     Find the "s6.search" TextField
    t =    10.26s     Check for interrupting elements affecting "s6.search" TextField
    t =    10.30s     Synthesize event
    t =    10.75s     Wait for com.justinhou.deepshelves.localmemory to idle
    t =    10.76s Type 'local result' into "s6.search" TextField
    t =    10.76s     Wait for com.justinhou.deepshelves.localmemory to idle
    t =    10.76s     Find the "s6.search" TextField
    t =    10.95s     Check for interrupting elements affecting "s6.search" TextField
    t =    10.98s     Synthesize event
    t =    11.32s     Wait for com.justinhou.deepshelves.localmemory to idle
    t =    11.33s Click Any (First Match)
    t =    11.33s     Wait for com.justinhou.deepshelves.localmemory to idle
    t =    11.34s     Find the Any (First Match)
    t =    11.41s     Check for interrupting elements affecting "s6.card.9872" Group
    t =    11.44s     Synthesize event
    t =    11.80s     Wait for com.justinhou.deepshelves.localmemory to idle
    t =    11.81s Set normalized position of "s6.timeline" Slider to 0.82
    t =    11.81s     Wait for com.justinhou.deepshelves.localmemory to idle
    t =    11.82s     Find the "s6.timeline" Slider
    t =    12.00s     Check for interrupting elements affecting "s6.timeline" Slider
    t =    12.04s     Synthesize event
    t =    12.04s         Find the "s6.timeline" Slider
    t =    17.62s     Wait for com.justinhou.deepshelves.localmemory to idle
    t =    17.63s Click "s6.warm" Button
    t =    17.63s     Wait for com.justinhou.deepshelves.localmemory to idle
    t =    17.64s     Find the "s6.warm" Button
    t =    17.82s     Check for interrupting elements affecting "s6.warm" Button
    t =    17.84s     Synthesize event
    t =    18.17s     Wait for com.justinhou.deepshelves.localmemory to idle
    t =    18.18s Click "s6.appearance" Button
    t =    18.18s     Wait for com.justinhou.deepshelves.localmemory to idle
    t =    18.18s     Find the "s6.appearance" Button
    t =    18.34s     Check for interrupting elements affecting "s6.appearance" Button
    t =    18.36s     Synthesize event
    t =    18.73s     Wait for com.justinhou.deepshelves.localmemory to idle
    t =    18.74s Click "s6.pseudo" Button
    t =    18.74s     Wait for com.justinhou.deepshelves.localmemory to idle
    t =    18.74s     Find the "s6.pseudo" Button
    t =    18.92s     Check for interrupting elements affecting "s6.pseudo" Button
    t =    18.94s     Synthesize event
    t =    19.32s     Wait for com.justinhou.deepshelves.localmemory to idle
    t =    19.32s Find the Window (First Match)
    t =    19.33s Click "s6.resize" Button
    t =    19.33s     Wait for com.justinhou.deepshelves.localmemory to idle
    t =    19.33s     Find the "s6.resize" Button
    t =    19.49s     Check for interrupting elements affecting "s6.resize" Button
    t =    19.51s     Synthesize event
    t =    19.87s     Wait for com.justinhou.deepshelves.localmemory to idle
    t =    19.87s Find the Window (First Match)
    t =    19.89s Find the "s6.search" TextField
    t =    20.07s Find the "s6.timeline" Slider
    t =    20.30s Find the "s6.appearance" Button
    t =    20.47s Type '⇥' key (XCUIKeyboardKeyTab) with no modifiers
    t =    20.47s     Wait for com.justinhou.deepshelves.localmemory to idle
    t =    20.47s     Find the Target Application 'com.justinhou.deepshelves.localmemory'
    t =    20.58s     Check for interrupting elements affecting "Local Memory" Application
    t =    20.58s     Synthesize event
    t =    20.62s     Wait for com.justinhou.deepshelves.localmemory to idle
    t =    20.63s Type '⇥' key (XCUIKeyboardKeyTab) with no modifiers
    t =    20.63s     Wait for com.justinhou.deepshelves.localmemory to idle
    t =    20.63s     Find the Target Application 'com.justinhou.deepshelves.localmemory'
    t =    20.75s     Check for interrupting elements affecting "Local Memory" Application
    t =    20.76s     Synthesize event
    t =    20.80s     Wait for com.justinhou.deepshelves.localmemory to idle
    t =    20.81s Type '⇥' key (XCUIKeyboardKeyTab) with no modifiers
    t =    20.81s     Wait for com.justinhou.deepshelves.localmemory to idle
    t =    20.81s     Find the Target Application 'com.justinhou.deepshelves.localmemory'
    t =    20.92s     Check for interrupting elements affecting "Local Memory" Application
    t =    20.92s     Synthesize event
    t =    20.96s     Wait for com.justinhou.deepshelves.localmemory to idle
    t =    20.96s Type '⇥' key (XCUIKeyboardKeyTab) with no modifiers
    t =    20.96s     Wait for com.justinhou.deepshelves.localmemory to idle
    t =    20.97s     Find the Target Application 'com.justinhou.deepshelves.localmemory'
    t =    21.12s     Check for interrupting elements affecting "Local Memory" Application
    t =    21.12s     Synthesize event
    t =    21.17s     Wait for com.justinhou.deepshelves.localmemory to idle
    t =    21.18s Type '⇥' key (XCUIKeyboardKeyTab) with no modifiers
    t =    21.18s     Wait for com.justinhou.deepshelves.localmemory to idle
    t =    21.18s     Find the Target Application 'com.justinhou.deepshelves.localmemory'
    t =    21.29s     Check for interrupting elements affecting "Local Memory" Application
    t =    21.29s     Synthesize event
    t =    21.34s     Wait for com.justinhou.deepshelves.localmemory to idle
    t =    21.34s Type '⇥' key (XCUIKeyboardKeyTab) with no modifiers
    t =    21.35s     Wait for com.justinhou.deepshelves.localmemory to idle
    t =    21.35s     Find the Target Application 'com.justinhou.deepshelves.localmemory'
    t =    21.46s     Check for interrupting elements affecting "Local Memory" Application
    t =    21.46s     Synthesize event
    t =    21.51s     Wait for com.justinhou.deepshelves.localmemory to idle
    t =    21.51s Type '⇥' key (XCUIKeyboardKeyTab) with no modifiers
    t =    21.51s     Wait for com.justinhou.deepshelves.localmemory to idle
    t =    21.51s     Find the Target Application 'com.justinhou.deepshelves.localmemory'
    t =    21.62s     Check for interrupting elements affecting "Local Memory" Application
    t =    21.62s     Synthesize event
    t =    21.67s     Wait for com.justinhou.deepshelves.localmemory to idle
    t =    21.67s Type '⇥' key (XCUIKeyboardKeyTab) with no modifiers
    t =    21.68s     Wait for com.justinhou.deepshelves.localmemory to idle
    t =    21.68s     Find the Target Application 'com.justinhou.deepshelves.localmemory'
    t =    21.79s     Check for interrupting elements affecting "Local Memory" Application
    t =    21.79s     Synthesize event
    t =    21.82s     Wait for com.justinhou.deepshelves.localmemory to idle
    t =    21.83s Checking existence of `"s6.detail.title" StaticText`
    t =    21.98s Checking existence of `"s6.preview" Any`
    t =    22.19s Find the Target Application 'com.justinhou.deepshelves.localmemory'
    t =    22.44s Added attachment named 'S6 native grid timeline dark pseudo compact'
    t =    22.45s Checking existence of `Window (First Match)`
    t =    22.45s Checking existence of `"s6.search" TextField`
    t =    22.59s Checking existence of `"s6.card.9872" Group`
    t =    22.65s Checking existence of `"s6.timeline" Slider`
    t =    22.81s Find the "s6.appearance" Button
    t =    22.98s Find the "s6.pseudo" Button
    t =    23.15s Find the "s6.search" TextField
    t =    23.33s Find the "s6.timeline" Slider
    t =    23.55s Find the "s6.appearance" Button
    t =    23.73s Checking existence of `"s6.detail.title" StaticText`
    t =    23.89s Tear Down
Test Case '-[LocalMemoryUITests.S6PerformanceUITests testReleaseNativeGridTimelineAndAccessibilityJourney]' passed (24.252 seconds).
Test Suite 'S6PerformanceUITests' passed at 2026-08-28 00:28:04.661.
	 Executed 1 test, with 0 failures (0 unexpected) in 24.252 (24.254) seconds
Test Suite 'LocalMemoryUITests.xctest' passed at 2026-08-28 00:28:04.661.
	 Executed 1 test, with 0 failures (0 unexpected) in 24.252 (24.255) seconds
Test Suite 'Selected tests' passed at 2026-08-28 00:28:04.662.
	 Executed 1 test, with 0 failures (0 unexpected) in 24.252 (24.256) seconds
2026-08-28 00:28:14.918 xcodebuild[37689:22994134] [MT] IDETestOperationsObserverDebug: 35.862 elapsed -- Testing started completed.
2026-08-28 00:28:14.918 xcodebuild[37689:22994134] [MT] IDETestOperationsObserverDebug: 0.000 sec, +0.000 sec -- start
2026-08-28 00:28:14.918 xcodebuild[37689:22994134] [MT] IDETestOperationsObserverDebug: 35.862 sec, +35.862 sec -- end

Test session results, code coverage, and logs:
	/var/folders/8d/zjqsqgds1ybfsw5j0vd65lcm0000gn/T/deepshelves-s6.L7mUuB/S6.xcresult

** TEST SUCCEEDED **

Testing started
