Command line invocation:
    /Applications/Xcode.app/Contents/Developer/usr/bin/xcodebuild -project LocalMemory.xcodeproj -scheme LocalMemoryApp -configuration Release -derivedDataPath /Users/justinhou/Development/deepshelves/.build/S5SignedDerivedData -disableAutomaticPackageResolution -allowProvisioningUpdates build

Resolve Package Graph


Resolved source packages:
  MemoryContracts: /Users/justinhou/Development/deepshelves/Packages/MemoryContracts
  MemoryAgentAccess: /Users/justinhou/Development/deepshelves/Packages/MemoryAgentAccess
  MemorySearch: /Users/justinhou/Development/deepshelves/Packages/MemorySearch
  SQLCipher: /Users/justinhou/Development/deepshelves/.build/Dependencies/SQLCipher.swift @ local
  MemoryEnrichment: /Users/justinhou/Development/deepshelves/Packages/MemoryEnrichment
  MemoryCapture: /Users/justinhou/Development/deepshelves/Packages/MemoryCapture
  GRDB: /Users/justinhou/Development/deepshelves/.build/Dependencies/GRDB.swift-a285e4ca87ec6b3584c97b0ec25fc61fec02de60 @ local
  MemoryDesignSystem: /Users/justinhou/Development/deepshelves/Packages/MemoryDesignSystem
  MemoryStore: /Users/justinhou/Development/deepshelves/Packages/MemoryStore
  MemoryTestSupport: /Users/justinhou/Development/deepshelves/Packages/MemoryTestSupport

ComputePackagePrebuildTargetDependencyGraph

Prepare packages

CreateBuildRequest

SendProjectDescription

CreateBuildOperation

ComputeTargetDependencyGraph
note: Building targets in dependency order
note: Target dependency graph (17 targets)
    Target 'LocalMemoryApp' in project 'LocalMemory'
        ➜ Explicit dependency on target 'MemoryCapture' in project 'MemoryCapture'
        ➜ Explicit dependency on target 'MemoryContracts' in project 'MemoryContracts'
        ➜ Explicit dependency on target 'MemoryDesignSystem' in project 'MemoryDesignSystem'
        ➜ Explicit dependency on target 'MemoryEnrichment' in project 'MemoryEnrichment'
        ➜ Explicit dependency on target 'MemoryStore' in project 'MemoryStore'
    Target 'MemoryStore' in project 'MemoryStore'
        ➜ Explicit dependency on target 'MemoryStore' in project 'MemoryStore'
        ➜ Explicit dependency on target 'GRDB' in project 'GRDB'
    Target 'MemoryStore' in project 'MemoryStore'
        ➜ Explicit dependency on target 'GRDB' in project 'GRDB'
    Target 'GRDB' in project 'GRDB'
        ➜ Explicit dependency on target 'GRDB' in project 'GRDB'
        ➜ Explicit dependency on target 'GRDB_GRDB' in project 'GRDB'
        ➜ Explicit dependency on target 'GRDBSQLCipher' in project 'GRDB'
        ➜ Explicit dependency on target 'SQLCipher' in project 'SQLCipher'
    Target 'GRDB' in project 'GRDB'
        ➜ Explicit dependency on target 'GRDB_GRDB' in project 'GRDB'
        ➜ Explicit dependency on target 'GRDBSQLCipher' in project 'GRDB'
        ➜ Explicit dependency on target 'SQLCipher' in project 'SQLCipher'
    Target 'GRDBSQLCipher' in project 'GRDB'
        ➜ Explicit dependency on target 'SQLCipher' in project 'SQLCipher'
    Target 'SQLCipher' in project 'SQLCipher' (no dependencies)
    Target 'GRDB_GRDB' in project 'GRDB' (no dependencies)
    Target 'MemoryEnrichment' in project 'MemoryEnrichment'
        ➜ Explicit dependency on target 'MemoryEnrichment' in project 'MemoryEnrichment'
        ➜ Explicit dependency on target 'MemoryEnrichment_MemoryEnrichment' in project 'MemoryEnrichment'
    Target 'MemoryEnrichment' in project 'MemoryEnrichment'
        ➜ Explicit dependency on target 'MemoryEnrichment_MemoryEnrichment' in project 'MemoryEnrichment'
    Target 'MemoryEnrichment_MemoryEnrichment' in project 'MemoryEnrichment' (no dependencies)
    Target 'MemoryDesignSystem' in project 'MemoryDesignSystem'
        ➜ Explicit dependency on target 'MemoryDesignSystem' in project 'MemoryDesignSystem'
    Target 'MemoryDesignSystem' in project 'MemoryDesignSystem' (no dependencies)
    Target 'MemoryContracts' in project 'MemoryContracts'
        ➜ Explicit dependency on target 'MemoryContracts' in project 'MemoryContracts'
    Target 'MemoryContracts' in project 'MemoryContracts' (no dependencies)
    Target 'MemoryCapture' in project 'MemoryCapture'
        ➜ Explicit dependency on target 'MemoryCapture' in project 'MemoryCapture'
    Target 'MemoryCapture' in project 'MemoryCapture' (no dependencies)

GatherProvisioningInputs

CreateBuildDescription

ExecuteExternalTool /Applications/Xcode.app/Contents/Developer/Toolchains/XcodeDefault.xctoolchain/usr/bin/swiftc --version

ExecuteExternalTool /Applications/Xcode.app/Contents/Developer/Toolchains/XcodeDefault.xctoolchain/usr/bin/clang -v -E -dM -arch arm64 -isysroot /Applications/Xcode.app/Contents/Developer/Platforms/MacOSX.platform/Developer/SDKs/MacOSX26.5.sdk -x c -c /dev/null

ExecuteExternalTool /Applications/Xcode.app/Contents/Developer/Toolchains/XcodeDefault.xctoolchain/usr/bin/clang -v -E -dM -isysroot /Applications/Xcode.app/Contents/Developer/Platforms/MacOSX.platform/Developer/SDKs/MacOSX26.5.sdk -x c -c /dev/null

ExecuteExternalTool /Applications/Xcode.app/Contents/Developer/Toolchains/XcodeDefault.xctoolchain/usr/bin/ld -version_details

ExecuteExternalTool /Applications/Xcode.app/Contents/Developer/Toolchains/XcodeDefault.xctoolchain/usr/bin/clang -v -E -dM -arch x86_64 -isysroot /Applications/Xcode.app/Contents/Developer/Platforms/MacOSX.platform/Developer/SDKs/MacOSX26.5.sdk -x c -c /dev/null

ReadFileContents /Applications/Xcode.app/Contents/Developer/Toolchains/XcodeDefault.xctoolchain/usr/share/docc/features.json

Build description signature: 576dd1733a7c914a2c909a12d4782b0f
Build description path: /Users/justinhou/Development/deepshelves/.build/S5SignedDerivedData/Build/Intermediates.noindex/XCBuildData/576dd1733a7c914a2c909a12d4782b0f.xcbuilddata
ClangStatCache /Applications/Xcode.app/Contents/Developer/Toolchains/XcodeDefault.xctoolchain/usr/bin/clang-stat-cache /Applications/Xcode.app/Contents/Developer/Platforms/MacOSX.platform/Developer/SDKs/MacOSX26.5.sdk /Users/justinhou/Development/deepshelves/.build/S5SignedDerivedData/SDKStatCaches.noindex/macosx26.5-25F70-e082c4a02f00227109f4ed75e425c832.sdkstatcache
    cd /Users/justinhou/Development/deepshelves/LocalMemory.xcodeproj
    /Applications/Xcode.app/Contents/Developer/Toolchains/XcodeDefault.xctoolchain/usr/bin/clang-stat-cache /Applications/Xcode.app/Contents/Developer/Platforms/MacOSX.platform/Developer/SDKs/MacOSX26.5.sdk -o /Users/justinhou/Development/deepshelves/.build/S5SignedDerivedData/SDKStatCaches.noindex/macosx26.5-25F70-e082c4a02f00227109f4ed75e425c832.sdkstatcache

ProcessInfoPlistFile /Users/justinhou/Development/deepshelves/.build/S5SignedDerivedData/Build/Products/Release/GRDB_GRDB.bundle/Contents/Info.plist /Users/justinhou/Development/deepshelves/.build/S5SignedDerivedData/Build/Intermediates.noindex/GRDB.build/Release/GRDB_GRDB.build/empty-GRDB_GRDB.plist (in target 'GRDB_GRDB' from project 'GRDB')
    cd /Users/justinhou/Development/deepshelves/.build/Dependencies/GRDB.swift-a285e4ca87ec6b3584c97b0ec25fc61fec02de60
    builtin-infoPlistUtility /Users/justinhou/Development/deepshelves/.build/S5SignedDerivedData/Build/Intermediates.noindex/GRDB.build/Release/GRDB_GRDB.build/empty-GRDB_GRDB.plist -producttype com.apple.product-type.bundle -expandbuildsettings -platform macosx -o /Users/justinhou/Development/deepshelves/.build/S5SignedDerivedData/Build/Products/Release/GRDB_GRDB.bundle/Contents/Info.plist

ProcessInfoPlistFile /Users/justinhou/Development/deepshelves/.build/S5SignedDerivedData/Build/Products/Release/MemoryEnrichment_MemoryEnrichment.bundle/Contents/Info.plist /Users/justinhou/Development/deepshelves/.build/S5SignedDerivedData/Build/Intermediates.noindex/MemoryEnrichment.build/Release/MemoryEnrichment_MemoryEnrichment.build/empty-MemoryEnrichment_MemoryEnrichment.plist (in target 'MemoryEnrichment_MemoryEnrichment' from project 'MemoryEnrichment')
    cd /Users/justinhou/Development/deepshelves/Packages/MemoryEnrichment
    builtin-infoPlistUtility /Users/justinhou/Development/deepshelves/.build/S5SignedDerivedData/Build/Intermediates.noindex/MemoryEnrichment.build/Release/MemoryEnrichment_MemoryEnrichment.build/empty-MemoryEnrichment_MemoryEnrichment.plist -producttype com.apple.product-type.bundle -expandbuildsettings -platform macosx -o /Users/justinhou/Development/deepshelves/.build/S5SignedDerivedData/Build/Products/Release/MemoryEnrichment_MemoryEnrichment.bundle/Contents/Info.plist

WriteAuxiliaryFile /Users/justinhou/Development/deepshelves/.build/S5SignedDerivedData/Build/Intermediates.noindex/LocalMemory.build/Release/LocalMemoryApp.build/Objects-normal/arm64/Local\ Memory.LinkFileList (in target 'LocalMemoryApp' from project 'LocalMemory')
    cd /Users/justinhou/Development/deepshelves
    write-file /Users/justinhou/Development/deepshelves/.build/S5SignedDerivedData/Build/Intermediates.noindex/LocalMemory.build/Release/LocalMemoryApp.build/Objects-normal/arm64/Local\ Memory.LinkFileList

WriteAuxiliaryFile /Users/justinhou/Development/deepshelves/.build/S5SignedDerivedData/Build/Intermediates.noindex/LocalMemory.build/Release/LocalMemoryApp.build/Objects-normal/x86_64/LocalMemoryApp-OutputFileMap.json (in target 'LocalMemoryApp' from project 'LocalMemory')
    cd /Users/justinhou/Development/deepshelves
    write-file /Users/justinhou/Development/deepshelves/.build/S5SignedDerivedData/Build/Intermediates.noindex/LocalMemory.build/Release/LocalMemoryApp.build/Objects-normal/x86_64/LocalMemoryApp-OutputFileMap.json

WriteAuxiliaryFile /Users/justinhou/Development/deepshelves/.build/S5SignedDerivedData/Build/Intermediates.noindex/LocalMemory.build/Release/LocalMemoryApp.build/Objects-normal/x86_64/Local\ Memory.SwiftFileList (in target 'LocalMemoryApp' from project 'LocalMemory')
    cd /Users/justinhou/Development/deepshelves
    write-file /Users/justinhou/Development/deepshelves/.build/S5SignedDerivedData/Build/Intermediates.noindex/LocalMemory.build/Release/LocalMemoryApp.build/Objects-normal/x86_64/Local\ Memory.SwiftFileList

SwiftDriver MemoryStore normal arm64 com.apple.xcode.tools.swift.compiler (in target 'MemoryStore' from project 'MemoryStore')
    cd /Users/justinhou/Development/deepshelves/LocalMemory.xcodeproj
    builtin-SwiftDriver -- /Applications/Xcode.app/Contents/Developer/Toolchains/XcodeDefault.xctoolchain/usr/bin/swiftc -module-name MemoryStore -O -whole-module-optimization @/Users/justinhou/Development/deepshelves/.build/S5SignedDerivedData/Build/Intermediates.noindex/MemoryStore.build/Release/MemoryStore.build/Objects-normal/arm64/MemoryStore.SwiftFileList -DSWIFT_PACKAGE -DSWIFT_MODULE_RESOURCE_BUNDLE_UNAVAILABLE -DXcode -plugin-path /Applications/Xcode.app/Contents/Developer/Toolchains/XcodeDefault.xctoolchain/usr/lib/swift/host/plugins/testing -enable-experimental-feature DebugDescriptionMacro -sdk /Applications/Xcode.app/Contents/Developer/Platforms/MacOSX.platform/Developer/SDKs/MacOSX26.5.sdk -target arm64-apple-macos15.0 -g -module-cache-path /Users/justinhou/Development/deepshelves/.build/S5SignedDerivedData/ModuleCache.noindex -Xfrontend -serialize-debugging-options -swift-version 6 -I /Users/justinhou/Development/deepshelves/.build/S5SignedDerivedData/Build/Products/Release -Isystem /Applications/Xcode.app/Contents/Developer/Platforms/MacOSX.platform/Developer/usr/lib -F /Users/justinhou/Development/deepshelves/.build/S5SignedDerivedData/Build/Products/Release/PackageFrameworks -F /Users/justinhou/Development/deepshelves/.build/S5SignedDerivedData/Build/Products/Release/PackageFrameworks -F /Users/justinhou/Development/deepshelves/.build/S5SignedDerivedData/Build/Products/Release -F /Applications/Xcode.app/Contents/Developer/Platforms/MacOSX.platform/Developer/Library/Frameworks -c -num-threads 12 -Xcc -ivfsstatcache -Xcc /Users/justinhou/Development/deepshelves/.build/S5SignedDerivedData/SDKStatCaches.noindex/macosx26.5-25F70-e082c4a02f00227109f4ed75e425c832.sdkstatcache -output-file-map /Users/justinhou/Development/deepshelves/.build/S5SignedDerivedData/Build/Intermediates.noindex/MemoryStore.build/Release/MemoryStore.build/Objects-normal/arm64/MemoryStore-OutputFileMap.json -use-frontend-parseable-output -save-temps -no-color-diagnostics -explicit-module-build -module-cache-path /Users/justinhou/Development/deepshelves/.build/S5SignedDerivedData/Build/Intermediates.noindex/SwiftExplicitPrecompiledModules -clang-scanner-module-cache-path /Users/justinhou/Development/deepshelves/.build/S5SignedDerivedData/ModuleCache.noindex -sdk-module-cache-path /Users/justinhou/Development/deepshelves/.build/S5SignedDerivedData/ModuleCache.noindex -serialize-diagnostics -emit-dependencies -emit-module -emit-module-path /Users/justinhou/Development/deepshelves/.build/S5SignedDerivedData/Build/Intermediates.noindex/MemoryStore.build/Release/MemoryStore.build/Objects-normal/arm64/MemoryStore.swiftmodule -validate-clang-modules-once -clang-build-session-file /Users/justinhou/Development/deepshelves/.build/S5SignedDerivedData/ModuleCache.noindex/Session.modulevalidation -package-name memorystore -Xcc -I/Users/justinhou/Development/deepshelves/.build/S5SignedDerivedData/Build/Intermediates.noindex/MemoryStore.build/Release/MemoryStore.build/swift-overrides.hmap -emit-const-values -Xfrontend -const-gather-protocols-file -Xfrontend /Users/justinhou/Development/deepshelves/.build/S5SignedDerivedData/Build/Intermediates.noindex/MemoryStore.build/Release/MemoryStore.build/Objects-normal/arm64/MemoryStore_const_extract_protocols.json -Xcc -I/Users/justinhou/Development/deepshelves/.build/Dependencies/GRDB.swift-a285e4ca87ec6b3584c97b0ec25fc61fec02de60/Sources/GRDBSQLCipher/include -Xcc -I/Users/justinhou/Development/deepshelves/.build/S5SignedDerivedData/Build/Products/Release/include -Xcc -I/Users/justinhou/Development/deepshelves/.build/S5SignedDerivedData/Build/Intermediates.noindex/MemoryStore.build/Release/MemoryStore.build/DerivedSources-normal/arm64 -Xcc -I/Users/justinhou/Development/deepshelves/.build/S5SignedDerivedData/Build/Intermediates.noindex/MemoryStore.build/Release/MemoryStore.build/DerivedSources/arm64 -Xcc -I/Users/justinhou/Development/deepshelves/.build/S5SignedDerivedData/Build/Intermediates.noindex/MemoryStore.build/Release/MemoryStore.build/DerivedSources -Xcc -DSWIFT_PACKAGE -emit-objc-header -emit-objc-header-path /Users/justinhou/Development/deepshelves/.build/S5SignedDerivedData/Build/Intermediates.noindex/MemoryStore.build/Release/MemoryStore.build/Objects-normal/arm64/MemoryStore-Swift.h -working-directory /Users/justinhou/Development/deepshelves/LocalMemory.xcodeproj -no-emit-module-separately-wmo

WriteAuxiliaryFile /Users/justinhou/Development/deepshelves/.build/S5SignedDerivedData/Build/Intermediates.noindex/LocalMemory.build/Release/LocalMemoryApp.build/Objects-normal/x86_64/Local\ Memory.LinkFileList (in target 'LocalMemoryApp' from project 'LocalMemory')
    cd /Users/justinhou/Development/deepshelves
    write-file /Users/justinhou/Development/deepshelves/.build/S5SignedDerivedData/Build/Intermediates.noindex/LocalMemory.build/Release/LocalMemoryApp.build/Objects-normal/x86_64/Local\ Memory.LinkFileList

WriteAuxiliaryFile /Users/justinhou/Development/deepshelves/.build/S5SignedDerivedData/Build/Intermediates.noindex/LocalMemory.build/Release/LocalMemoryApp.build/Objects-normal/arm64/Local\ Memory.SwiftFileList (in target 'LocalMemoryApp' from project 'LocalMemory')
    cd /Users/justinhou/Development/deepshelves
    write-file /Users/justinhou/Development/deepshelves/.build/S5SignedDerivedData/Build/Intermediates.noindex/LocalMemory.build/Release/LocalMemoryApp.build/Objects-normal/arm64/Local\ Memory.SwiftFileList

WriteAuxiliaryFile /Users/justinhou/Development/deepshelves/.build/S5SignedDerivedData/Build/Intermediates.noindex/LocalMemory.build/Release/LocalMemoryApp.build/Objects-normal/arm64/LocalMemoryApp-OutputFileMap.json (in target 'LocalMemoryApp' from project 'LocalMemory')
    cd /Users/justinhou/Development/deepshelves
    write-file /Users/justinhou/Development/deepshelves/.build/S5SignedDerivedData/Build/Intermediates.noindex/LocalMemory.build/Release/LocalMemoryApp.build/Objects-normal/arm64/LocalMemoryApp-OutputFileMap.json

WriteAuxiliaryFile /Users/justinhou/Development/deepshelves/.build/S5SignedDerivedData/Build/Intermediates.noindex/MemoryDesignSystem.build/Release/MemoryDesignSystem.build/Objects-normal/x86_64/MemoryDesignSystem.SwiftFileList (in target 'MemoryDesignSystem' from project 'MemoryDesignSystem')
    cd /Users/justinhou/Development/deepshelves/Packages/MemoryDesignSystem
    write-file /Users/justinhou/Development/deepshelves/.build/S5SignedDerivedData/Build/Intermediates.noindex/MemoryDesignSystem.build/Release/MemoryDesignSystem.build/Objects-normal/x86_64/MemoryDesignSystem.SwiftFileList

WriteAuxiliaryFile /Users/justinhou/Development/deepshelves/.build/S5SignedDerivedData/Build/Intermediates.noindex/MemoryDesignSystem.build/Release/MemoryDesignSystem.build/Objects-normal/x86_64/MemoryDesignSystem.LinkFileList (in target 'MemoryDesignSystem' from project 'MemoryDesignSystem')
    cd /Users/justinhou/Development/deepshelves/Packages/MemoryDesignSystem
    write-file /Users/justinhou/Development/deepshelves/.build/S5SignedDerivedData/Build/Intermediates.noindex/MemoryDesignSystem.build/Release/MemoryDesignSystem.build/Objects-normal/x86_64/MemoryDesignSystem.LinkFileList

WriteAuxiliaryFile /Users/justinhou/Development/deepshelves/.build/S5SignedDerivedData/Build/Intermediates.noindex/MemoryDesignSystem.build/Release/MemoryDesignSystem.build/Objects-normal/x86_64/MemoryDesignSystem-OutputFileMap.json (in target 'MemoryDesignSystem' from project 'MemoryDesignSystem')
    cd /Users/justinhou/Development/deepshelves/Packages/MemoryDesignSystem
    write-file /Users/justinhou/Development/deepshelves/.build/S5SignedDerivedData/Build/Intermediates.noindex/MemoryDesignSystem.build/Release/MemoryDesignSystem.build/Objects-normal/x86_64/MemoryDesignSystem-OutputFileMap.json

WriteAuxiliaryFile /Users/justinhou/Development/deepshelves/.build/S5SignedDerivedData/Build/Intermediates.noindex/MemoryDesignSystem.build/Release/MemoryDesignSystem.build/Objects-normal/arm64/MemoryDesignSystem.SwiftFileList (in target 'MemoryDesignSystem' from project 'MemoryDesignSystem')
    cd /Users/justinhou/Development/deepshelves/Packages/MemoryDesignSystem
    write-file /Users/justinhou/Development/deepshelves/.build/S5SignedDerivedData/Build/Intermediates.noindex/MemoryDesignSystem.build/Release/MemoryDesignSystem.build/Objects-normal/arm64/MemoryDesignSystem.SwiftFileList

WriteAuxiliaryFile /Users/justinhou/Development/deepshelves/.build/S5SignedDerivedData/Build/Intermediates.noindex/MemoryDesignSystem.build/Release/MemoryDesignSystem.build/Objects-normal/arm64/MemoryDesignSystem.LinkFileList (in target 'MemoryDesignSystem' from project 'MemoryDesignSystem')
    cd /Users/justinhou/Development/deepshelves/Packages/MemoryDesignSystem
    write-file /Users/justinhou/Development/deepshelves/.build/S5SignedDerivedData/Build/Intermediates.noindex/MemoryDesignSystem.build/Release/MemoryDesignSystem.build/Objects-normal/arm64/MemoryDesignSystem.LinkFileList

WriteAuxiliaryFile /Users/justinhou/Development/deepshelves/.build/S5SignedDerivedData/Build/Intermediates.noindex/MemoryEnrichment.build/Release/MemoryEnrichment.build/Objects-normal/x86_64/MemoryEnrichment.SwiftFileList (in target 'MemoryEnrichment' from project 'MemoryEnrichment')
    cd /Users/justinhou/Development/deepshelves/Packages/MemoryEnrichment
    write-file /Users/justinhou/Development/deepshelves/.build/S5SignedDerivedData/Build/Intermediates.noindex/MemoryEnrichment.build/Release/MemoryEnrichment.build/Objects-normal/x86_64/MemoryEnrichment.SwiftFileList

WriteAuxiliaryFile /Users/justinhou/Development/deepshelves/.build/S5SignedDerivedData/Build/Intermediates.noindex/MemoryEnrichment.build/Release/MemoryEnrichment.build/Objects-normal/x86_64/MemoryEnrichment-OutputFileMap.json (in target 'MemoryEnrichment' from project 'MemoryEnrichment')
    cd /Users/justinhou/Development/deepshelves/Packages/MemoryEnrichment
    write-file /Users/justinhou/Development/deepshelves/.build/S5SignedDerivedData/Build/Intermediates.noindex/MemoryEnrichment.build/Release/MemoryEnrichment.build/Objects-normal/x86_64/MemoryEnrichment-OutputFileMap.json

WriteAuxiliaryFile /Users/justinhou/Development/deepshelves/.build/S5SignedDerivedData/Build/Intermediates.noindex/MemoryDesignSystem.build/Release/MemoryDesignSystem.build/Objects-normal/arm64/MemoryDesignSystem-OutputFileMap.json (in target 'MemoryDesignSystem' from project 'MemoryDesignSystem')
    cd /Users/justinhou/Development/deepshelves/Packages/MemoryDesignSystem
    write-file /Users/justinhou/Development/deepshelves/.build/S5SignedDerivedData/Build/Intermediates.noindex/MemoryDesignSystem.build/Release/MemoryDesignSystem.build/Objects-normal/arm64/MemoryDesignSystem-OutputFileMap.json

WriteAuxiliaryFile /Users/justinhou/Development/deepshelves/.build/S5SignedDerivedData/Build/Intermediates.noindex/MemoryEnrichment.build/Release/MemoryEnrichment.build/Objects-normal/arm64/MemoryEnrichment.SwiftFileList (in target 'MemoryEnrichment' from project 'MemoryEnrichment')
    cd /Users/justinhou/Development/deepshelves/Packages/MemoryEnrichment
    write-file /Users/justinhou/Development/deepshelves/.build/S5SignedDerivedData/Build/Intermediates.noindex/MemoryEnrichment.build/Release/MemoryEnrichment.build/Objects-normal/arm64/MemoryEnrichment.SwiftFileList

WriteAuxiliaryFile /Users/justinhou/Development/deepshelves/.build/S5SignedDerivedData/Build/Intermediates.noindex/MemoryEnrichment.build/Release/MemoryEnrichment.build/Objects-normal/arm64/MemoryEnrichment-OutputFileMap.json (in target 'MemoryEnrichment' from project 'MemoryEnrichment')
    cd /Users/justinhou/Development/deepshelves/Packages/MemoryEnrichment
    write-file /Users/justinhou/Development/deepshelves/.build/S5SignedDerivedData/Build/Intermediates.noindex/MemoryEnrichment.build/Release/MemoryEnrichment.build/Objects-normal/arm64/MemoryEnrichment-OutputFileMap.json

WriteAuxiliaryFile /Users/justinhou/Development/deepshelves/.build/S5SignedDerivedData/Build/Intermediates.noindex/MemoryEnrichment.build/Release/MemoryEnrichment.build/Objects-normal/arm64/MemoryEnrichment.LinkFileList (in target 'MemoryEnrichment' from project 'MemoryEnrichment')
    cd /Users/justinhou/Development/deepshelves/Packages/MemoryEnrichment
    write-file /Users/justinhou/Development/deepshelves/.build/S5SignedDerivedData/Build/Intermediates.noindex/MemoryEnrichment.build/Release/MemoryEnrichment.build/Objects-normal/arm64/MemoryEnrichment.LinkFileList

SwiftDriver MemoryDesignSystem normal x86_64 com.apple.xcode.tools.swift.compiler (in target 'MemoryDesignSystem' from project 'MemoryDesignSystem')
    cd /Users/justinhou/Development/deepshelves/LocalMemory.xcodeproj
    builtin-SwiftDriver -- /Applications/Xcode.app/Contents/Developer/Toolchains/XcodeDefault.xctoolchain/usr/bin/swiftc -module-name MemoryDesignSystem -O -whole-module-optimization @/Users/justinhou/Development/deepshelves/.build/S5SignedDerivedData/Build/Intermediates.noindex/MemoryDesignSystem.build/Release/MemoryDesignSystem.build/Objects-normal/x86_64/MemoryDesignSystem.SwiftFileList -DSWIFT_PACKAGE -DSWIFT_MODULE_RESOURCE_BUNDLE_UNAVAILABLE -DXcode -plugin-path /Applications/Xcode.app/Contents/Developer/Toolchains/XcodeDefault.xctoolchain/usr/lib/swift/host/plugins/testing -enable-experimental-feature DebugDescriptionMacro -sdk /Applications/Xcode.app/Contents/Developer/Platforms/MacOSX.platform/Developer/SDKs/MacOSX26.5.sdk -target x86_64-apple-macos15.0 -g -module-cache-path /Users/justinhou/Development/deepshelves/.build/S5SignedDerivedData/ModuleCache.noindex -Xfrontend -serialize-debugging-options -swift-version 6 -I /Users/justinhou/Development/deepshelves/.build/S5SignedDerivedData/Build/Products/Release -Isystem /Applications/Xcode.app/Contents/Developer/Platforms/MacOSX.platform/Developer/usr/lib -F /Users/justinhou/Development/deepshelves/.build/S5SignedDerivedData/Build/Products/Release -F /Applications/Xcode.app/Contents/Developer/Platforms/MacOSX.platform/Developer/Library/Frameworks -c -num-threads 12 -Xcc -ivfsstatcache -Xcc /Users/justinhou/Development/deepshelves/.build/S5SignedDerivedData/SDKStatCaches.noindex/macosx26.5-25F70-e082c4a02f00227109f4ed75e425c832.sdkstatcache -output-file-map /Users/justinhou/Development/deepshelves/.build/S5SignedDerivedData/Build/Intermediates.noindex/MemoryDesignSystem.build/Release/MemoryDesignSystem.build/Objects-normal/x86_64/MemoryDesignSystem-OutputFileMap.json -use-frontend-parseable-output -save-temps -no-color-diagnostics -explicit-module-build -module-cache-path /Users/justinhou/Development/deepshelves/.build/S5SignedDerivedData/Build/Intermediates.noindex/SwiftExplicitPrecompiledModules -clang-scanner-module-cache-path /Users/justinhou/Development/deepshelves/.build/S5SignedDerivedData/ModuleCache.noindex -sdk-module-cache-path /Users/justinhou/Development/deepshelves/.build/S5SignedDerivedData/ModuleCache.noindex -serialize-diagnostics -emit-dependencies -emit-module -emit-module-path /Users/justinhou/Development/deepshelves/.build/S5SignedDerivedData/Build/Intermediates.noindex/MemoryDesignSystem.build/Release/MemoryDesignSystem.build/Objects-normal/x86_64/MemoryDesignSystem.swiftmodule -validate-clang-modules-once -clang-build-session-file /Users/justinhou/Development/deepshelves/.build/S5SignedDerivedData/ModuleCache.noindex/Session.modulevalidation -package-name memorydesignsystem -Xcc -I/Users/justinhou/Development/deepshelves/.build/S5SignedDerivedData/Build/Intermediates.noindex/MemoryDesignSystem.build/Release/MemoryDesignSystem.build/swift-overrides.hmap -emit-const-values -Xfrontend -const-gather-protocols-file -Xfrontend /Users/justinhou/Development/deepshelves/.build/S5SignedDerivedData/Build/Intermediates.noindex/MemoryDesignSystem.build/Release/MemoryDesignSystem.build/Objects-normal/x86_64/MemoryDesignSystem_const_extract_protocols.json -Xcc -I/Users/justinhou/Development/deepshelves/.build/S5SignedDerivedData/Build/Products/Release/include -Xcc -I/Users/justinhou/Development/deepshelves/.build/S5SignedDerivedData/Build/Intermediates.noindex/MemoryDesignSystem.build/Release/MemoryDesignSystem.build/DerivedSources-normal/x86_64 -Xcc -I/Users/justinhou/Development/deepshelves/.build/S5SignedDerivedData/Build/Intermediates.noindex/MemoryDesignSystem.build/Release/MemoryDesignSystem.build/DerivedSources/x86_64 -Xcc -I/Users/justinhou/Development/deepshelves/.build/S5SignedDerivedData/Build/Intermediates.noindex/MemoryDesignSystem.build/Release/MemoryDesignSystem.build/DerivedSources -Xcc -DSWIFT_PACKAGE -emit-objc-header -emit-objc-header-path /Users/justinhou/Development/deepshelves/.build/S5SignedDerivedData/Build/Intermediates.noindex/MemoryDesignSystem.build/Release/MemoryDesignSystem.build/Objects-normal/x86_64/MemoryDesignSystem-Swift.h -working-directory /Users/justinhou/Development/deepshelves/LocalMemory.xcodeproj -no-emit-module-separately-wmo

SwiftDriver MemoryDesignSystem normal arm64 com.apple.xcode.tools.swift.compiler (in target 'MemoryDesignSystem' from project 'MemoryDesignSystem')
    cd /Users/justinhou/Development/deepshelves/LocalMemory.xcodeproj
    builtin-SwiftDriver -- /Applications/Xcode.app/Contents/Developer/Toolchains/XcodeDefault.xctoolchain/usr/bin/swiftc -module-name MemoryDesignSystem -O -whole-module-optimization @/Users/justinhou/Development/deepshelves/.build/S5SignedDerivedData/Build/Intermediates.noindex/MemoryDesignSystem.build/Release/MemoryDesignSystem.build/Objects-normal/arm64/MemoryDesignSystem.SwiftFileList -DSWIFT_PACKAGE -DSWIFT_MODULE_RESOURCE_BUNDLE_UNAVAILABLE -DXcode -plugin-path /Applications/Xcode.app/Contents/Developer/Toolchains/XcodeDefault.xctoolchain/usr/lib/swift/host/plugins/testing -enable-experimental-feature DebugDescriptionMacro -sdk /Applications/Xcode.app/Contents/Developer/Platforms/MacOSX.platform/Developer/SDKs/MacOSX26.5.sdk -target arm64-apple-macos15.0 -g -module-cache-path /Users/justinhou/Development/deepshelves/.build/S5SignedDerivedData/ModuleCache.noindex -Xfrontend -serialize-debugging-options -swift-version 6 -I /Users/justinhou/Development/deepshelves/.build/S5SignedDerivedData/Build/Products/Release -Isystem /Applications/Xcode.app/Contents/Developer/Platforms/MacOSX.platform/Developer/usr/lib -F /Users/justinhou/Development/deepshelves/.build/S5SignedDerivedData/Build/Products/Release -F /Applications/Xcode.app/Contents/Developer/Platforms/MacOSX.platform/Developer/Library/Frameworks -c -num-threads 12 -Xcc -ivfsstatcache -Xcc /Users/justinhou/Development/deepshelves/.build/S5SignedDerivedData/SDKStatCaches.noindex/macosx26.5-25F70-e082c4a02f00227109f4ed75e425c832.sdkstatcache -output-file-map /Users/justinhou/Development/deepshelves/.build/S5SignedDerivedData/Build/Intermediates.noindex/MemoryDesignSystem.build/Release/MemoryDesignSystem.build/Objects-normal/arm64/MemoryDesignSystem-OutputFileMap.json -use-frontend-parseable-output -save-temps -no-color-diagnostics -explicit-module-build -module-cache-path /Users/justinhou/Development/deepshelves/.build/S5SignedDerivedData/Build/Intermediates.noindex/SwiftExplicitPrecompiledModules -clang-scanner-module-cache-path /Users/justinhou/Development/deepshelves/.build/S5SignedDerivedData/ModuleCache.noindex -sdk-module-cache-path /Users/justinhou/Development/deepshelves/.build/S5SignedDerivedData/ModuleCache.noindex -serialize-diagnostics -emit-dependencies -emit-module -emit-module-path /Users/justinhou/Development/deepshelves/.build/S5SignedDerivedData/Build/Intermediates.noindex/MemoryDesignSystem.build/Release/MemoryDesignSystem.build/Objects-normal/arm64/MemoryDesignSystem.swiftmodule -validate-clang-modules-once -clang-build-session-file /Users/justinhou/Development/deepshelves/.build/S5SignedDerivedData/ModuleCache.noindex/Session.modulevalidation -package-name memorydesignsystem -Xcc -I/Users/justinhou/Development/deepshelves/.build/S5SignedDerivedData/Build/Intermediates.noindex/MemoryDesignSystem.build/Release/MemoryDesignSystem.build/swift-overrides.hmap -emit-const-values -Xfrontend -const-gather-protocols-file -Xfrontend /Users/justinhou/Development/deepshelves/.build/S5SignedDerivedData/Build/Intermediates.noindex/MemoryDesignSystem.build/Release/MemoryDesignSystem.build/Objects-normal/arm64/MemoryDesignSystem_const_extract_protocols.json -Xcc -I/Users/justinhou/Development/deepshelves/.build/S5SignedDerivedData/Build/Products/Release/include -Xcc -I/Users/justinhou/Development/deepshelves/.build/S5SignedDerivedData/Build/Intermediates.noindex/MemoryDesignSystem.build/Release/MemoryDesignSystem.build/DerivedSources-normal/arm64 -Xcc -I/Users/justinhou/Development/deepshelves/.build/S5SignedDerivedData/Build/Intermediates.noindex/MemoryDesignSystem.build/Release/MemoryDesignSystem.build/DerivedSources/arm64 -Xcc -I/Users/justinhou/Development/deepshelves/.build/S5SignedDerivedData/Build/Intermediates.noindex/MemoryDesignSystem.build/Release/MemoryDesignSystem.build/DerivedSources -Xcc -DSWIFT_PACKAGE -emit-objc-header -emit-objc-header-path /Users/justinhou/Development/deepshelves/.build/S5SignedDerivedData/Build/Intermediates.noindex/MemoryDesignSystem.build/Release/MemoryDesignSystem.build/Objects-normal/arm64/MemoryDesignSystem-Swift.h -working-directory /Users/justinhou/Development/deepshelves/LocalMemory.xcodeproj -no-emit-module-separately-wmo

SwiftDriver MemoryEnrichment normal x86_64 com.apple.xcode.tools.swift.compiler (in target 'MemoryEnrichment' from project 'MemoryEnrichment')
    cd /Users/justinhou/Development/deepshelves/LocalMemory.xcodeproj
    builtin-SwiftDriver -- /Applications/Xcode.app/Contents/Developer/Toolchains/XcodeDefault.xctoolchain/usr/bin/swiftc -module-name MemoryEnrichment -O -whole-module-optimization @/Users/justinhou/Development/deepshelves/.build/S5SignedDerivedData/Build/Intermediates.noindex/MemoryEnrichment.build/Release/MemoryEnrichment.build/Objects-normal/x86_64/MemoryEnrichment.SwiftFileList -DSWIFT_PACKAGE -DSWIFT_MODULE_RESOURCE_BUNDLE_AVAILABLE -DXcode -plugin-path /Applications/Xcode.app/Contents/Developer/Toolchains/XcodeDefault.xctoolchain/usr/lib/swift/host/plugins/testing -enable-experimental-feature DebugDescriptionMacro -sdk /Applications/Xcode.app/Contents/Developer/Platforms/MacOSX.platform/Developer/SDKs/MacOSX26.5.sdk -target x86_64-apple-macos15.0 -g -module-cache-path /Users/justinhou/Development/deepshelves/.build/S5SignedDerivedData/ModuleCache.noindex -Xfrontend -serialize-debugging-options -swift-version 6 -I /Users/justinhou/Development/deepshelves/.build/S5SignedDerivedData/Build/Products/Release -Isystem /Applications/Xcode.app/Contents/Developer/Platforms/MacOSX.platform/Developer/usr/lib -F /Users/justinhou/Development/deepshelves/.build/S5SignedDerivedData/Build/Products/Release -F /Applications/Xcode.app/Contents/Developer/Platforms/MacOSX.platform/Developer/Library/Frameworks -c -num-threads 12 -Xcc -ivfsstatcache -Xcc /Users/justinhou/Development/deepshelves/.build/S5SignedDerivedData/SDKStatCaches.noindex/macosx26.5-25F70-e082c4a02f00227109f4ed75e425c832.sdkstatcache -output-file-map /Users/justinhou/Development/deepshelves/.build/S5SignedDerivedData/Build/Intermediates.noindex/MemoryEnrichment.build/Release/MemoryEnrichment.build/Objects-normal/x86_64/MemoryEnrichment-OutputFileMap.json -use-frontend-parseable-output -save-temps -no-color-diagnostics -explicit-module-build -module-cache-path /Users/justinhou/Development/deepshelves/.build/S5SignedDerivedData/Build/Intermediates.noindex/SwiftExplicitPrecompiledModules -clang-scanner-module-cache-path /Users/justinhou/Development/deepshelves/.build/S5SignedDerivedData/ModuleCache.noindex -sdk-module-cache-path /Users/justinhou/Development/deepshelves/.build/S5SignedDerivedData/ModuleCache.noindex -serialize-diagnostics -emit-dependencies -emit-module -emit-module-path /Users/justinhou/Development/deepshelves/.build/S5SignedDerivedData/Build/Intermediates.noindex/MemoryEnrichment.build/Release/MemoryEnrichment.build/Objects-normal/x86_64/MemoryEnrichment.swiftmodule -validate-clang-modules-once -clang-build-session-file /Users/justinhou/Development/deepshelves/.build/S5SignedDerivedData/ModuleCache.noindex/Session.modulevalidation -package-name memoryenrichment -Xcc -I/Users/justinhou/Development/deepshelves/.build/S5SignedDerivedData/Build/Intermediates.noindex/MemoryEnrichment.build/Release/MemoryEnrichment.build/swift-overrides.hmap -emit-const-values -Xfrontend -const-gather-protocols-file -Xfrontend /Users/justinhou/Development/deepshelves/.build/S5SignedDerivedData/Build/Intermediates.noindex/MemoryEnrichment.build/Release/MemoryEnrichment.build/Objects-normal/x86_64/MemoryEnrichment_const_extract_protocols.json -Xcc -I/Users/justinhou/Development/deepshelves/.build/S5SignedDerivedData/Build/Products/Release/include -Xcc -I/Users/justinhou/Development/deepshelves/.build/S5SignedDerivedData/Build/Intermediates.noindex/MemoryEnrichment.build/Release/MemoryEnrichment.build/DerivedSources-normal/x86_64 -Xcc -I/Users/justinhou/Development/deepshelves/.build/S5SignedDerivedData/Build/Intermediates.noindex/MemoryEnrichment.build/Release/MemoryEnrichment.build/DerivedSources/x86_64 -Xcc -I/Users/justinhou/Development/deepshelves/.build/S5SignedDerivedData/Build/Intermediates.noindex/MemoryEnrichment.build/Release/MemoryEnrichment.build/DerivedSources -Xcc -DSWIFT_PACKAGE -emit-objc-header -emit-objc-header-path /Users/justinhou/Development/deepshelves/.build/S5SignedDerivedData/Build/Intermediates.noindex/MemoryEnrichment.build/Release/MemoryEnrichment.build/Objects-normal/x86_64/MemoryEnrichment-Swift.h -working-directory /Users/justinhou/Development/deepshelves/LocalMemory.xcodeproj -no-emit-module-separately-wmo

SwiftDriver MemoryEnrichment normal arm64 com.apple.xcode.tools.swift.compiler (in target 'MemoryEnrichment' from project 'MemoryEnrichment')
    cd /Users/justinhou/Development/deepshelves/LocalMemory.xcodeproj
    builtin-SwiftDriver -- /Applications/Xcode.app/Contents/Developer/Toolchains/XcodeDefault.xctoolchain/usr/bin/swiftc -module-name MemoryEnrichment -O -whole-module-optimization @/Users/justinhou/Development/deepshelves/.build/S5SignedDerivedData/Build/Intermediates.noindex/MemoryEnrichment.build/Release/MemoryEnrichment.build/Objects-normal/arm64/MemoryEnrichment.SwiftFileList -DSWIFT_PACKAGE -DSWIFT_MODULE_RESOURCE_BUNDLE_AVAILABLE -DXcode -plugin-path /Applications/Xcode.app/Contents/Developer/Toolchains/XcodeDefault.xctoolchain/usr/lib/swift/host/plugins/testing -enable-experimental-feature DebugDescriptionMacro -sdk /Applications/Xcode.app/Contents/Developer/Platforms/MacOSX.platform/Developer/SDKs/MacOSX26.5.sdk -target arm64-apple-macos15.0 -g -module-cache-path /Users/justinhou/Development/deepshelves/.build/S5SignedDerivedData/ModuleCache.noindex -Xfrontend -serialize-debugging-options -swift-version 6 -I /Users/justinhou/Development/deepshelves/.build/S5SignedDerivedData/Build/Products/Release -Isystem /Applications/Xcode.app/Contents/Developer/Platforms/MacOSX.platform/Developer/usr/lib -F /Users/justinhou/Development/deepshelves/.build/S5SignedDerivedData/Build/Products/Release -F /Applications/Xcode.app/Contents/Developer/Platforms/MacOSX.platform/Developer/Library/Frameworks -c -num-threads 12 -Xcc -ivfsstatcache -Xcc /Users/justinhou/Development/deepshelves/.build/S5SignedDerivedData/SDKStatCaches.noindex/macosx26.5-25F70-e082c4a02f00227109f4ed75e425c832.sdkstatcache -output-file-map /Users/justinhou/Development/deepshelves/.build/S5SignedDerivedData/Build/Intermediates.noindex/MemoryEnrichment.build/Release/MemoryEnrichment.build/Objects-normal/arm64/MemoryEnrichment-OutputFileMap.json -use-frontend-parseable-output -save-temps -no-color-diagnostics -explicit-module-build -module-cache-path /Users/justinhou/Development/deepshelves/.build/S5SignedDerivedData/Build/Intermediates.noindex/SwiftExplicitPrecompiledModules -clang-scanner-module-cache-path /Users/justinhou/Development/deepshelves/.build/S5SignedDerivedData/ModuleCache.noindex -sdk-module-cache-path /Users/justinhou/Development/deepshelves/.build/S5SignedDerivedData/ModuleCache.noindex -serialize-diagnostics -emit-dependencies -emit-module -emit-module-path /Users/justinhou/Development/deepshelves/.build/S5SignedDerivedData/Build/Intermediates.noindex/MemoryEnrichment.build/Release/MemoryEnrichment.build/Objects-normal/arm64/MemoryEnrichment.swiftmodule -validate-clang-modules-once -clang-build-session-file /Users/justinhou/Development/deepshelves/.build/S5SignedDerivedData/ModuleCache.noindex/Session.modulevalidation -package-name memoryenrichment -Xcc -I/Users/justinhou/Development/deepshelves/.build/S5SignedDerivedData/Build/Intermediates.noindex/MemoryEnrichment.build/Release/MemoryEnrichment.build/swift-overrides.hmap -emit-const-values -Xfrontend -const-gather-protocols-file -Xfrontend /Users/justinhou/Development/deepshelves/.build/S5SignedDerivedData/Build/Intermediates.noindex/MemoryEnrichment.build/Release/MemoryEnrichment.build/Objects-normal/arm64/MemoryEnrichment_const_extract_protocols.json -Xcc -I/Users/justinhou/Development/deepshelves/.build/S5SignedDerivedData/Build/Products/Release/include -Xcc -I/Users/justinhou/Development/deepshelves/.build/S5SignedDerivedData/Build/Intermediates.noindex/MemoryEnrichment.build/Release/MemoryEnrichment.build/DerivedSources-normal/arm64 -Xcc -I/Users/justinhou/Development/deepshelves/.build/S5SignedDerivedData/Build/Intermediates.noindex/MemoryEnrichment.build/Release/MemoryEnrichment.build/DerivedSources/arm64 -Xcc -I/Users/justinhou/Development/deepshelves/.build/S5SignedDerivedData/Build/Intermediates.noindex/MemoryEnrichment.build/Release/MemoryEnrichment.build/DerivedSources -Xcc -DSWIFT_PACKAGE -emit-objc-header -emit-objc-header-path /Users/justinhou/Development/deepshelves/.build/S5SignedDerivedData/Build/Intermediates.noindex/MemoryEnrichment.build/Release/MemoryEnrichment.build/Objects-normal/arm64/MemoryEnrichment-Swift.h -working-directory /Users/justinhou/Development/deepshelves/LocalMemory.xcodeproj -no-emit-module-separately-wmo

SwiftCompile normal arm64 Compiling\ resource_bundle_accessor.swift,\ ContextLiveAX.swift,\ ContextSpikeCore.swift,\ ContextVisionOCR.swift,\ ExactVectorScan.swift,\ GPT2ByteEncoder.swift,\ MemoryEnrichment.swift,\ MobileCLIPRuntime.swift,\ MobileCLIPTokenizer.swift,\ MobileCLIPTokenizerUtils.swift,\ ModelResourceIntegrity.swift,\ S3S4SpikeRunner.swift,\ S7OfflineClosure.swift /Users/justinhou/Development/deepshelves/.build/S5SignedDerivedData/Build/Intermediates.noindex/MemoryEnrichment.build/Release/MemoryEnrichment.build/DerivedSources/resource_bundle_accessor.swift /Users/justinhou/Development/deepshelves/Packages/MemoryEnrichment/Sources/MemoryEnrichment/ContextLiveAX.swift /Users/justinhou/Development/deepshelves/Packages/MemoryEnrichment/Sources/MemoryEnrichment/ContextSpikeCore.swift /Users/justinhou/Development/deepshelves/Packages/MemoryEnrichment/Sources/MemoryEnrichment/ContextVisionOCR.swift /Users/justinhou/Development/deepshelves/Packages/MemoryEnrichment/Sources/MemoryEnrichment/ExactVectorScan.swift /Users/justinhou/Development/deepshelves/Packages/MemoryEnrichment/Sources/MemoryEnrichment/GPT2ByteEncoder.swift /Users/justinhou/Development/deepshelves/Packages/MemoryEnrichment/Sources/MemoryEnrichment/MemoryEnrichment.swift /Users/justinhou/Development/deepshelves/Packages/MemoryEnrichment/Sources/MemoryEnrichment/MobileCLIPRuntime.swift /Users/justinhou/Development/deepshelves/Packages/MemoryEnrichment/Sources/MemoryEnrichment/MobileCLIPTokenizer.swift /Users/justinhou/Development/deepshelves/Packages/MemoryEnrichment/Sources/MemoryEnrichment/MobileCLIPTokenizerUtils.swift /Users/justinhou/Development/deepshelves/Packages/MemoryEnrichment/Sources/MemoryEnrichment/ModelResourceIntegrity.swift /Users/justinhou/Development/deepshelves/Packages/MemoryEnrichment/Sources/MemoryEnrichment/S3S4SpikeRunner.swift /Users/justinhou/Development/deepshelves/Packages/MemoryEnrichment/Sources/MemoryEnrichment/S7OfflineClosure.swift /Applications/Xcode.app/Contents/Developer/Toolchains/XcodeDefault.xctoolchain/usr/lib/swift/macosx/prebuilt-modules/26.5/Foundation.swiftmodule/arm64e-apple-macos.swiftmodule /Applications/Xcode.app/Contents/Developer/Toolchains/XcodeDefault.xctoolchain/usr/lib/swift/macosx/prebuilt-modules/26.5/Dispatch.swiftmodule/arm64e-apple-macos.swiftmodule /Applications/Xcode.app/Contents/Developer/Toolchains/XcodeDefault.xctoolchain/usr/lib/swift/macosx/prebuilt-modules/26.5/Observation.swiftmodule/arm64e-apple-macos.swiftmodule /Applications/Xcode.app/Contents/Developer/Toolchains/XcodeDefault.xctoolchain/usr/lib/swift/macosx/prebuilt-modules/26.5/_StringProcessing.swiftmodule/arm64e-apple-macos.swiftmodule /Applications/Xcode.app/Contents/Developer/Toolchains/XcodeDefault.xctoolchain/usr/lib/swift/macosx/prebuilt-modules/26.5/simd.swiftmodule/arm64e-apple-macos.swiftmodule /Applications/Xcode.app/Contents/Developer/Toolchains/XcodeDefault.xctoolchain/usr/lib/swift/macosx/prebuilt-modules/26.5/CoreFoundation.swiftmodule/arm64e-apple-macos.swiftmodule /Applications/Xcode.app/Contents/Developer/Toolchains/XcodeDefault.xctoolchain/usr/lib/swift/macosx/prebuilt-modules/26.5/IOKit.swiftmodule/arm64e-apple-macos.swiftmodule /Applications/Xcode.app/Contents/Developer/Toolchains/XcodeDefault.xctoolchain/usr/lib/swift/macosx/prebuilt-modules/26.5/os.swiftmodule/arm64e-apple-macos.swiftmodule /Applications/Xcode.app/Contents/Developer/Toolchains/XcodeDefault.xctoolchain/usr/lib/swift/macosx/prebuilt-modules/26.5/CoreGraphics.swiftmodule/arm64e-apple-macos.swiftmodule /Applications/Xcode.app/Contents/Developer/Toolchains/XcodeDefault.xctoolchain/usr/lib/swift/macosx/prebuilt-modules/26.5/_Builtin_float.swiftmodule/arm64e-apple-macos.swiftmodule /Applications/Xcode.app/Contents/Developer/Toolchains/XcodeDefault.xctoolchain/usr/lib/swift/macosx/prebuilt-modules/26.5/Vision.swiftmodule/arm64e-apple-macos.swiftmodule /Applications/Xcode.app/Contents/Developer/Toolchains/XcodeDefault.xctoolchain/usr/lib/swift/macosx/prebuilt-modules/26.5/Synchronization.swiftmodule/arm64e-apple-macos.swiftmodule /Applications/Xcode.app/Contents/Developer/Toolchains/XcodeDefault.xctoolchain/usr/lib/swift/macosx/prebuilt-modules/26.5/Darwin.swiftmodule/arm64e-apple-macos.swiftmodule /Applications/Xcode.app/Contents/Developer/Toolchains/XcodeDefault.xctoolchain/usr/lib/swift/macosx/prebuilt-modules/26.5/Swift.swiftmodule/arm64e-apple-macos.swiftmodule /Applications/Xcode.app/Contents/Developer/Toolchains/XcodeDefault.xctoolchain/usr/lib/swift/macosx/prebuilt-modules/26.5/CoreText.swiftmodule/arm64e-apple-macos.swiftmodule /Applications/Xcode.app/Contents/Developer/Toolchains/XcodeDefault.xctoolchain/usr/lib/swift/macosx/prebuilt-modules/26.5/CoreMIDI.swiftmodule/arm64e-apple-macos.swiftmodule /Applications/Xcode.app/Contents/Developer/Toolchains/XcodeDefault.xctoolchain/usr/lib/swift/macosx/prebuilt-modules/26.5/CoreVideo.swiftmodule/arm64e-apple-macos.swiftmodule /Applications/Xcode.app/Contents/Developer/Toolchains/XcodeDefault.xctoolchain/usr/lib/swift/macosx/prebuilt-modules/26.5/Accelerate.swiftmodule/arm64e-apple-macos.swiftmodule /Applications/Xcode.app/Contents/Developer/Toolchains/XcodeDefault.xctoolchain/usr/lib/swift/macosx/prebuilt-modules/26.5/QuartzCore.swiftmodule/arm64e-apple-macos.swiftmodule /Applications/Xcode.app/Contents/Developer/Toolchains/XcodeDefault.xctoolchain/usr/lib/swift/macosx/prebuilt-modules/26.5/AVFAudio.swiftmodule/arm64e-apple-macos.swiftmodule /Applications/Xcode.app/Contents/Developer/Toolchains/XcodeDefault.xctoolchain/usr/lib/swift/macosx/prebuilt-modules/26.5/ObjectiveC.swiftmodule/arm64e-apple-macos.swiftmodule /Applications/Xcode.app/Contents/Developer/Toolchains/XcodeDefault.xctoolchain/usr/lib/swift/macosx/prebuilt-modules/26.5/_DarwinFoundation1.swiftmodule/arm64e-apple-macos.swiftmodule /Applications/Xcode.app/Contents/Developer/Toolchains/XcodeDefault.xctoolchain/usr/lib/swift/macosx/prebuilt-modules/26.5/Combine.swiftmodule/arm64e-apple-macos.swiftmodule /Applications/Xcode.app/Contents/Developer/Toolchains/XcodeDefault.xctoolchain/usr/lib/swift/macosx/prebuilt-modules/26.5/CoreMedia.swiftmodule/arm64e-apple-macos.swiftmodule /Applications/Xcode.app/Contents/Developer/Toolchains/XcodeDefault.xctoolchain/usr/lib/swift/macosx/prebuilt-modules/26.5/CryptoKit.swiftmodule/arm64e-apple-macos.swiftmodule /Applications/Xcode.app/Contents/Developer/Toolchains/XcodeDefault.xctoolchain/usr/lib/swift/macosx/prebuilt-modules/26.5/LocalAuthentication.swiftmodule/arm64e-apple-macos.swiftmodule /Applications/Xcode.app/Contents/Developer/Toolchains/XcodeDefault.xctoolchain/usr/lib/swift/macosx/prebuilt-modules/26.5/_Concurrency.swiftmodule/arm64e-apple-macos.swiftmodule /Applications/Xcode.app/Contents/Developer/Toolchains/XcodeDefault.xctoolchain/usr/lib/swift/macosx/prebuilt-modules/26.5/XPC.swiftmodule/arm64e-apple-macos.swiftmodule /Applications/Xcode.app/Contents/Developer/Toolchains/XcodeDefault.xctoolchain/usr/lib/swift/macosx/prebuilt-modules/26.5/Metal.swiftmodule/arm64e-apple-macos.swiftmodule /Applications/Xcode.app/Contents/Developer/Toolchains/XcodeDefault.xctoolchain/usr/lib/swift/macosx/prebuilt-modules/26.5/CoreAudio.swiftmodule/arm64e-apple-macos.swiftmodule /Applications/Xcode.app/Contents/Developer/Toolchains/XcodeDefault.xctoolchain/usr/lib/swift/macosx/prebuilt-modules/26.5/CoreML.swiftmodule/arm64e-apple-macos.swiftmodule /Applications/Xcode.app/Contents/Developer/Toolchains/XcodeDefault.xctoolchain/usr/lib/swift/macosx/prebuilt-modules/26.5/AudioToolbox.swiftmodule/arm64e-apple-macos.swiftmodule /Applications/Xcode.app/Contents/Developer/Toolchains/XcodeDefault.xctoolchain/usr/lib/swift/macosx/prebuilt-modules/26.5/_DarwinFoundation3.swiftmodule/arm64e-apple-macos.swiftmodule /Applications/Xcode.app/Contents/Developer/Toolchains/XcodeDefault.xctoolchain/usr/lib/swift/macosx/prebuilt-modules/26.5/System.swiftmodule/arm64e-apple-macos.swiftmodule /Applications/Xcode.app/Contents/Developer/Toolchains/XcodeDefault.xctoolchain/usr/lib/swift/macosx/prebuilt-modules/26.5/_DarwinFoundation2.swiftmodule/arm64e-apple-macos.swiftmodule /Applications/Xcode.app/Contents/Developer/Toolchains/XcodeDefault.xctoolchain/usr/lib/swift/macosx/prebuilt-modules/26.5/AVFoundation.swiftmodule/arm64e-apple-macos.swiftmodule /Applications/Xcode.app/Contents/Developer/Toolchains/XcodeDefault.xctoolchain/usr/lib/swift/macosx/prebuilt-modules/26.5/DataDetection.swiftmodule/arm64e-apple-macos.swiftmodule /Applications/Xcode.app/Contents/Developer/Toolchains/XcodeDefault.xctoolchain/usr/lib/swift/macosx/prebuilt-modules/26.5/CoreImage.swiftmodule/arm64e-apple-macos.swiftmodule /Applications/Xcode.app/Contents/Developer/Toolchains/XcodeDefault.xctoolchain/usr/lib/swift/macosx/prebuilt-modules/26.5/UniformTypeIdentifiers.swiftmodule/arm64e-apple-macos.swiftmodule /Users/justinhou/Development/deepshelves/.build/S5SignedDerivedData/ModuleCache.noindex/Security-50Y9I7NQDKZIK884OT7M230ED.pcm /Users/justinhou/Development/deepshelves/.build/S5SignedDerivedData/ModuleCache.noindex/CoreGraphics-5XSTHBJWW81P220MMKSE1YVRT.pcm /Users/justinhou/Development/deepshelves/.build/S5SignedDerivedData/ModuleCache.noindex/Darwin-97IJE5CTXVQEP7VIWLQTQBFPT.pcm /Users/justinhou/Development/deepshelves/.build/S5SignedDerivedData/ModuleCache.noindex/Accelerate-BH1T7HQ3J9XX7YMYP0MGKXS3Q.pcm /Users/justinhou/Development/deepshelves/.build/S5SignedDerivedData/ModuleCache.noindex/_DarwinFoundation3-CSU44EA3VQ5JCAUJKZ8PEE5SK.pcm /Users/justinhou/Development/deepshelves/.build/S5SignedDerivedData/ModuleCache.noindex/CoreVideo-EZNGTIOKT99LDYQYSP0Q1VMFY.pcm /Users/justinhou/Development/deepshelves/.build/S5SignedDerivedData/ModuleCache.noindex/CoreServices-8VGC34IZUYOJ0HE4PKKV7JX2D.pcm /Users/justinhou/Development/deepshelves/.build/S5SignedDerivedData/ModuleCache.noindex/Foundation-AEW71GHYLKHAV43ZFH2DWY48M.pcm /Users/justinhou/Development/deepshelves/.build/S5SignedDerivedData/ModuleCache.noindex/Metal-AM3QDONEATUM1ZLV9VWL6UI1E.pcm /Users/justinhou/Development/deepshelves/.build/S5SignedDerivedData/ModuleCache.noindex/ColorSync-81YHNPAEUKNT4E8YIJ3K3GKB2.pcm /Users/justinhou/Development/deepshelves/.build/S5SignedDerivedData/ModuleCache.noindex/_Builtin_stdatomic-9FDKO95FW6V2XWGBBJTMQJ1P7.pcm /Users/justinhou/Development/deepshelves/.build/S5SignedDerivedData/ModuleCache.noindex/_Builtin_stdint-45Y9BTWP25E7FYQN3ODNUB0SC.pcm /Users/justinhou/Development/deepshelves/.build/S5SignedDerivedData/ModuleCache.noindex/LocalAuthentication-9DUF9DNTOX6HQZARJWRWDS3RX.pcm /Users/justinhou/Development/deepshelves/.build/S5SignedDerivedData/ModuleCache.noindex/ApplicationServices-6MUKV6ZCPAKVYXR2BBNV4DN4F.pcm /Users/justinhou/Development/deepshelves/.build/S5SignedDerivedData/ModuleCache.noindex/os_object-2DG61KL6BBJM7JME5KSQWOJHI.pcm /Users/justinhou/Development/deepshelves/.build/S5SignedDerivedData/ModuleCache.noindex/DataDetection-E4X6AX9SIZPCA2KB2QCZXW1.pcm /Users/justinhou/Development/deepshelves/.build/S5SignedDerivedData/ModuleCache.noindex/_Builtin_float-8V4KBF428AW3P95RSQMPNWRFU.pcm /Users/justinhou/Development/deepshelves/.build/S5SignedDerivedData/ModuleCache.noindex/XPC-BUJ13WV3TOUKQUJNTY24DISKK.pcm /Users/justinhou/Development/deepshelves/.build/S5SignedDerivedData/ModuleCache.noindex/AVFoundation-6RYLWI9ELPFRUTD65GEP2JUUC.pcm /Users/justinhou/Development/deepshelves/.build/S5SignedDerivedData/ModuleCache.noindex/libDER-46AB84OC3HBTV8L05R3UVEL6L.pcm /Users/justinhou/Development/deepshelves/.build/S5SignedDerivedData/ModuleCache.noindex/CoreText-7ZDJRA4UMQ2AT51Q5N6Q89IKM.pcm /Users/justinhou/Development/deepshelves/.build/S5SignedDerivedData/ModuleCache.noindex/libkern-F0QX1ZGIOSRH949H687PN6C3G.pcm /Users/justinhou/Development/deepshelves/.build/S5SignedDerivedData/ModuleCache.noindex/os_workgroup-4KWX7Z08U2MXKH1WBGV1DMWAJ.pcm /Users/justinhou/Development/deepshelves/.build/S5SignedDerivedData/ModuleCache.noindex/CFNetwork-EMOA4RIEW4AEZGJBZ0HTR66Y9.pcm /Users/justinhou/Development/deepshelves/.build/S5SignedDerivedData/ModuleCache.noindex/_DarwinFoundation1-5G1YPYLIF7DPZ7EY2D0RNNEYN.pcm /Users/justinhou/Development/deepshelves/.build/S5SignedDerivedData/ModuleCache.noindex/CoreImage-6CGV62PMQ6AJTSZKA1UUMMN8Z.pcm /Users/justinhou/Development/deepshelves/.build/S5SignedDerivedData/ModuleCache.noindex/CoreMIDI-DD35BG3PYOWHQQA3ON3FJ6305.pcm /Users/justinhou/Development/deepshelves/.build/S5SignedDerivedData/ModuleCache.noindex/OpenGL-ANVT20R2IZ45227R2AL513PDO.pcm /Users/justinhou/Development/deepshelves/.build/S5SignedDerivedData/ModuleCache.noindex/CoreAudio-3BQSEIH4O3WYLAKY3WYVGN6TM.pcm /Users/justinhou/Development/deepshelves/.build/S5SignedDerivedData/ModuleCache.noindex/ObjectiveC-P0KACSIJ65S2VDRDGOATNTJH.pcm /Users/justinhou/Development/deepshelves/.build/S5SignedDerivedData/ModuleCache.noindex/CoreFoundation-E2Q3H9QN0E5ATWYXP78LLLRSF.pcm /Users/justinhou/Development/deepshelves/.build/S5SignedDerivedData/ModuleCache.noindex/CUPS-ECVONAWE1F85UFLKHCJ07DADD.pcm /Users/justinhou/Development/deepshelves/.build/S5SignedDerivedData/ModuleCache.noindex/_Builtin_tgmath-7AMY4AIXAUW253X0LD9WCS1F3.pcm /Users/justinhou/Development/deepshelves/.build/S5SignedDerivedData/ModuleCache.noindex/launch-2E24H96EJX31PLCT8E3LBKP3X.pcm /Users/justinhou/Development/deepshelves/.build/S5SignedDerivedData/ModuleCache.noindex/CoreAudioTypes-4UDGGZR1I1RG7KH6QA515TS2R.pcm /Users/justinhou/Development/deepshelves/.build/S5SignedDerivedData/ModuleCache.noindex/Carbon-9JLCT10SMUMPZZSC4TQY8L0VT.pcm /Users/justinhou/Development/deepshelves/.build/S5SignedDerivedData/ModuleCache.noindex/SwiftShims-E1Q5XWBJV64GIBF49COA2JMCZ.pcm /Users/justinhou/Development/deepshelves/.build/S5SignedDerivedData/ModuleCache.noindex/UniformTypeIdentifiers-5J1EGLUIVBHX0S1UV3IE7EYKD.pcm /Users/justinhou/Development/deepshelves/.build/S5SignedDerivedData/ModuleCache.noindex/MediaToolbox-7QRS5AKW41JHHX2F65L0Z9VVW.pcm /Users/justinhou/Development/deepshelves/.build/S5SignedDerivedData/ModuleCache.noindex/simd-5BGTQ1WAXREAJZ2N7PFF314F1.pcm /Users/justinhou/Development/deepshelves/.build/S5SignedDerivedData/ModuleCache.noindex/sys_types-7FVMZAUIOHXQVDHPWJBVK8RSZ.pcm /Users/justinhou/Development/deepshelves/.build/S5SignedDerivedData/ModuleCache.noindex/_Builtin_limits-64VS1GY9P6YJCQ4TCSJ56W1HL.pcm /Users/justinhou/Development/deepshelves/.build/S5SignedDerivedData/ModuleCache.noindex/ptrcheck-1MPHKUTOS4GPIGWJ9Q65F82E.pcm /Users/justinhou/Development/deepshelves/.build/S5SignedDerivedData/ModuleCache.noindex/IOKit-F3EQ5VXCBMPW3VVOUMJNY1I94.pcm /Users/justinhou/Development/deepshelves/.build/S5SignedDerivedData/ModuleCache.noindex/ptrauth-1R5ZZ36Q8NHGG4T142ZH2HT2Y.pcm /Users/justinhou/Development/deepshelves/.build/S5SignedDerivedData/ModuleCache.noindex/CoreML-3O61HEQ4Y95UVV5XPJYWUOORX.pcm /Users/justinhou/Development/deepshelves/.build/S5SignedDerivedData/ModuleCache.noindex/_Builtin_inttypes-DI7Q860Y74LR3INO3N7EJQ5US.pcm /Users/justinhou/Development/deepshelves/.build/S5SignedDerivedData/ModuleCache.noindex/IOSurface-5VFA9N99UEM402D4VQEFWC9DK.pcm /Users/justinhou/Development/deepshelves/.build/S5SignedDerivedData/ModuleCache.noindex/Vision-DT70N89SQSHWSVJ1Z7D93K7SE.pcm /Users/justinhou/Development/deepshelves/.build/S5SignedDerivedData/ModuleCache.noindex/ImageIO-AC0YU5AEU1FL67XNY0821WQK8.pcm /Users/justinhou/Development/deepshelves/.build/S5SignedDerivedData/ModuleCache.noindex/DiskArbitration-1MGP6AAIR4B6TCCJSQ0Z5C3D3.pcm /Users/justinhou/Development/deepshelves/.build/S5SignedDerivedData/ModuleCache.noindex/MachO-BRZEY7YKZOBBPO16I6Y5Y9OP4.pcm /Users/justinhou/Development/deepshelves/.build/S5SignedDerivedData/ModuleCache.noindex/os-6L4PDUKKDF3AD4Q5S9SVJCJ8A.pcm /Users/justinhou/Development/deepshelves/.build/S5SignedDerivedData/ModuleCache.noindex/CoreMedia-6UFGUCTXW8GY871NNK26SODZS.pcm /Users/justinhou/Development/deepshelves/.build/S5SignedDerivedData/ModuleCache.noindex/AVFAudio-C1TNOKXVV2C4JVAEITSS8FHXL.pcm /Users/justinhou/Development/deepshelves/.build/S5SignedDerivedData/ModuleCache.noindex/_DarwinFoundation2-B1EXZ5LHSUZU3FYQPA2HC4V6D.pcm /Users/justinhou/Development/deepshelves/.build/S5SignedDerivedData/ModuleCache.noindex/_SwiftConcurrencyShims-DPEGU1R5DQ1PLMPFHO89HO7TE.pcm /Users/justinhou/Development/deepshelves/.build/S5SignedDerivedData/ModuleCache.noindex/AudioToolbox-101ESA0NIT0A76YSK2UTAHSNN.pcm /Users/justinhou/Development/deepshelves/.build/S5SignedDerivedData/ModuleCache.noindex/_Builtin_stdbool-38NJMJ1PDHOLFHI07T2K1JDGF.pcm /Users/justinhou/Development/deepshelves/.build/S5SignedDerivedData/ModuleCache.noindex/QuartzCore-7623C59N1Y1HW1HA4DQPAM7BG.pcm /Users/justinhou/Development/deepshelves/.build/S5SignedDerivedData/ModuleCache.noindex/_Builtin_intrinsics-AR6DK5JVVG8696QJ3SFQZHRUQ.pcm /Users/justinhou/Development/deepshelves/.build/S5SignedDerivedData/ModuleCache.noindex/_Builtin_stdarg-1LHG6YYY88GYYMVRYI917XTVJ.pcm /Users/justinhou/Development/deepshelves/.build/S5SignedDerivedData/ModuleCache.noindex/_AvailabilityInternal-C0R8BXR4OH7RZR3RHAQYS0UIH.pcm /Users/justinhou/Development/deepshelves/.build/S5SignedDerivedData/ModuleCache.noindex/Dispatch-53AHK4WMM3L8OWH7YDBFXRZLL.pcm /Users/justinhou/Development/deepshelves/.build/S5SignedDerivedData/ModuleCache.noindex/_Builtin_stddef-60HIY400F9W98KQ11EZ0RCBXR.pcm /Users/justinhou/Development/deepshelves/.build/S5SignedDerivedData/Build/Intermediates.noindex/MemoryEnrichment.build/Release/MemoryEnrichment.build/Objects-normal/arm64/MemoryEnrichment-dependencies-2.json (in target 'MemoryEnrichment' from project 'MemoryEnrichment')
CompileSwift normal arm64 (in target 'MemoryEnrichment' from project 'MemoryEnrichment')
    cd /Users/justinhou/Development/deepshelves/LocalMemory.xcodeproj


SwiftCompile normal x86_64 Compiling\ resource_bundle_accessor.swift,\ ContextLiveAX.swift,\ ContextSpikeCore.swift,\ ContextVisionOCR.swift,\ ExactVectorScan.swift,\ GPT2ByteEncoder.swift,\ MemoryEnrichment.swift,\ MobileCLIPRuntime.swift,\ MobileCLIPTokenizer.swift,\ MobileCLIPTokenizerUtils.swift,\ ModelResourceIntegrity.swift,\ S3S4SpikeRunner.swift,\ S7OfflineClosure.swift /Users/justinhou/Development/deepshelves/.build/S5SignedDerivedData/Build/Intermediates.noindex/MemoryEnrichment.build/Release/MemoryEnrichment.build/DerivedSources/resource_bundle_accessor.swift /Users/justinhou/Development/deepshelves/Packages/MemoryEnrichment/Sources/MemoryEnrichment/ContextLiveAX.swift /Users/justinhou/Development/deepshelves/Packages/MemoryEnrichment/Sources/MemoryEnrichment/ContextSpikeCore.swift /Users/justinhou/Development/deepshelves/Packages/MemoryEnrichment/Sources/MemoryEnrichment/ContextVisionOCR.swift /Users/justinhou/Development/deepshelves/Packages/MemoryEnrichment/Sources/MemoryEnrichment/ExactVectorScan.swift /Users/justinhou/Development/deepshelves/Packages/MemoryEnrichment/Sources/MemoryEnrichment/GPT2ByteEncoder.swift /Users/justinhou/Development/deepshelves/Packages/MemoryEnrichment/Sources/MemoryEnrichment/MemoryEnrichment.swift /Users/justinhou/Development/deepshelves/Packages/MemoryEnrichment/Sources/MemoryEnrichment/MobileCLIPRuntime.swift /Users/justinhou/Development/deepshelves/Packages/MemoryEnrichment/Sources/MemoryEnrichment/MobileCLIPTokenizer.swift /Users/justinhou/Development/deepshelves/Packages/MemoryEnrichment/Sources/MemoryEnrichment/MobileCLIPTokenizerUtils.swift /Users/justinhou/Development/deepshelves/Packages/MemoryEnrichment/Sources/MemoryEnrichment/ModelResourceIntegrity.swift /Users/justinhou/Development/deepshelves/Packages/MemoryEnrichment/Sources/MemoryEnrichment/S3S4SpikeRunner.swift /Users/justinhou/Development/deepshelves/Packages/MemoryEnrichment/Sources/MemoryEnrichment/S7OfflineClosure.swift /Applications/Xcode.app/Contents/Developer/Toolchains/XcodeDefault.xctoolchain/usr/lib/swift/macosx/prebuilt-modules/26.5/QuartzCore.swiftmodule/x86_64-apple-macos.swiftmodule /Applications/Xcode.app/Contents/Developer/Toolchains/XcodeDefault.xctoolchain/usr/lib/swift/macosx/prebuilt-modules/26.5/ObjectiveC.swiftmodule/x86_64-apple-macos.swiftmodule /Applications/Xcode.app/Contents/Developer/Toolchains/XcodeDefault.xctoolchain/usr/lib/swift/macosx/prebuilt-modules/26.5/LocalAuthentication.swiftmodule/x86_64-apple-macos.swiftmodule /Applications/Xcode.app/Contents/Developer/Toolchains/XcodeDefault.xctoolchain/usr/lib/swift/macosx/prebuilt-modules/26.5/simd.swiftmodule/x86_64-apple-macos.swiftmodule /Applications/Xcode.app/Contents/Developer/Toolchains/XcodeDefault.xctoolchain/usr/lib/swift/macosx/prebuilt-modules/26.5/CoreFoundation.swiftmodule/x86_64-apple-macos.swiftmodule /Applications/Xcode.app/Contents/Developer/Toolchains/XcodeDefault.xctoolchain/usr/lib/swift/macosx/prebuilt-modules/26.5/CoreMedia.swiftmodule/x86_64-apple-macos.swiftmodule /Applications/Xcode.app/Contents/Developer/Toolchains/XcodeDefault.xctoolchain/usr/lib/swift/macosx/prebuilt-modules/26.5/_Concurrency.swiftmodule/x86_64-apple-macos.swiftmodule /Applications/Xcode.app/Contents/Developer/Toolchains/XcodeDefault.xctoolchain/usr/lib/swift/macosx/prebuilt-modules/26.5/_DarwinFoundation3.swiftmodule/x86_64-apple-macos.swiftmodule /Applications/Xcode.app/Contents/Developer/Toolchains/XcodeDefault.xctoolchain/usr/lib/swift/macosx/prebuilt-modules/26.5/Darwin.swiftmodule/x86_64-apple-macos.swiftmodule /Applications/Xcode.app/Contents/Developer/Toolchains/XcodeDefault.xctoolchain/usr/lib/swift/macosx/prebuilt-modules/26.5/Observation.swiftmodule/x86_64-apple-macos.swiftmodule /Applications/Xcode.app/Contents/Developer/Toolchains/XcodeDefault.xctoolchain/usr/lib/swift/macosx/prebuilt-modules/26.5/_DarwinFoundation2.swiftmodule/x86_64-apple-macos.swiftmodule /Applications/Xcode.app/Contents/Developer/Toolchains/XcodeDefault.xctoolchain/usr/lib/swift/macosx/prebuilt-modules/26.5/Swift.swiftmodule/x86_64-apple-macos.swiftmodule /Applications/Xcode.app/Contents/Developer/Toolchains/XcodeDefault.xctoolchain/usr/lib/swift/macosx/prebuilt-modules/26.5/AVFAudio.swiftmodule/x86_64-apple-macos.swiftmodule /Applications/Xcode.app/Contents/Developer/Toolchains/XcodeDefault.xctoolchain/usr/lib/swift/macosx/prebuilt-modules/26.5/_DarwinFoundation1.swiftmodule/x86_64-apple-macos.swiftmodule /Applications/Xcode.app/Contents/Developer/Toolchains/XcodeDefault.xctoolchain/usr/lib/swift/macosx/prebuilt-modules/26.5/Foundation.swiftmodule/x86_64-apple-macos.swiftmodule /Applications/Xcode.app/Contents/Developer/Toolchains/XcodeDefault.xctoolchain/usr/lib/swift/macosx/prebuilt-modules/26.5/AudioToolbox.swiftmodule/x86_64-apple-macos.swiftmodule /Applications/Xcode.app/Contents/Developer/Toolchains/XcodeDefault.xctoolchain/usr/lib/swift/macosx/prebuilt-modules/26.5/Accelerate.swiftmodule/x86_64-apple-macos.swiftmodule /Applications/Xcode.app/Contents/Developer/Toolchains/XcodeDefault.xctoolchain/usr/lib/swift/macosx/prebuilt-modules/26.5/System.swiftmodule/x86_64-apple-macos.swiftmodule /Applications/Xcode.app/Contents/Developer/Toolchains/XcodeDefault.xctoolchain/usr/lib/swift/macosx/prebuilt-modules/26.5/CoreVideo.swiftmodule/x86_64-apple-macos.swiftmodule /Applications/Xcode.app/Contents/Developer/Toolchains/XcodeDefault.xctoolchain/usr/lib/swift/macosx/prebuilt-modules/26.5/Vision.swiftmodule/x86_64-apple-macos.swiftmodule /Applications/Xcode.app/Contents/Developer/Toolchains/XcodeDefault.xctoolchain/usr/lib/swift/macosx/prebuilt-modules/26.5/AVFoundation.swiftmodule/x86_64-apple-macos.swiftmodule /Applications/Xcode.app/Contents/Developer/Toolchains/XcodeDefault.xctoolchain/usr/lib/swift/macosx/prebuilt-modules/26.5/Combine.swiftmodule/x86_64-apple-macos.swiftmodule /Applications/Xcode.app/Contents/Developer/Toolchains/XcodeDefault.xctoolchain/usr/lib/swift/macosx/prebuilt-modules/26.5/CoreText.swiftmodule/x86_64-apple-macos.swiftmodule /Applications/Xcode.app/Contents/Developer/Toolchains/XcodeDefault.xctoolchain/usr/lib/swift/macosx/prebuilt-modules/26.5/DataDetection.swiftmodule/x86_64-apple-macos.swiftmodule /Applications/Xcode.app/Contents/Developer/Toolchains/XcodeDefault.xctoolchain/usr/lib/swift/macosx/prebuilt-modules/26.5/CryptoKit.swiftmodule/x86_64-apple-macos.swiftmodule /Applications/Xcode.app/Contents/Developer/Toolchains/XcodeDefault.xctoolchain/usr/lib/swift/macosx/prebuilt-modules/26.5/CoreImage.swiftmodule/x86_64-apple-macos.swiftmodule /Applications/Xcode.app/Contents/Developer/Toolchains/XcodeDefault.xctoolchain/usr/lib/swift/macosx/prebuilt-modules/26.5/Synchronization.swiftmodule/x86_64-apple-macos.swiftmodule /Applications/Xcode.app/Contents/Developer/Toolchains/XcodeDefault.xctoolchain/usr/lib/swift/macosx/prebuilt-modules/26.5/Dispatch.swiftmodule/x86_64-apple-macos.swiftmodule /Applications/Xcode.app/Contents/Developer/Toolchains/XcodeDefault.xctoolchain/usr/lib/swift/macosx/prebuilt-modules/26.5/CoreAudio.swiftmodule/x86_64-apple-macos.swiftmodule /Applications/Xcode.app/Contents/Developer/Toolchains/XcodeDefault.xctoolchain/usr/lib/swift/macosx/prebuilt-modules/26.5/Metal.swiftmodule/x86_64-apple-macos.swiftmodule /Applications/Xcode.app/Contents/Developer/Toolchains/XcodeDefault.xctoolchain/usr/lib/swift/macosx/prebuilt-modules/26.5/_Builtin_float.swiftmodule/x86_64-apple-macos.swiftmodule /Applications/Xcode.app/Contents/Developer/Toolchains/XcodeDefault.xctoolchain/usr/lib/swift/macosx/prebuilt-modules/26.5/IOKit.swiftmodule/x86_64-apple-macos.swiftmodule /Applications/Xcode.app/Contents/Developer/Toolchains/XcodeDefault.xctoolchain/usr/lib/swift/macosx/prebuilt-modules/26.5/UniformTypeIdentifiers.swiftmodule/x86_64-apple-macos.swiftmodule /Applications/Xcode.app/Contents/Developer/Toolchains/XcodeDefault.xctoolchain/usr/lib/swift/macosx/prebuilt-modules/26.5/CoreMIDI.swiftmodule/x86_64-apple-macos.swiftmodule /Applications/Xcode.app/Contents/Developer/Toolchains/XcodeDefault.xctoolchain/usr/lib/swift/macosx/prebuilt-modules/26.5/os.swiftmodule/x86_64-apple-macos.swiftmodule /Applications/Xcode.app/Contents/Developer/Toolchains/XcodeDefault.xctoolchain/usr/lib/swift/macosx/prebuilt-modules/26.5/CoreML.swiftmodule/x86_64-apple-macos.swiftmodule /Applications/Xcode.app/Contents/Developer/Toolchains/XcodeDefault.xctoolchain/usr/lib/swift/macosx/prebuilt-modules/26.5/XPC.swiftmodule/x86_64-apple-macos.swiftmodule /Applications/Xcode.app/Contents/Developer/Toolchains/XcodeDefault.xctoolchain/usr/lib/swift/macosx/prebuilt-modules/26.5/CoreGraphics.swiftmodule/x86_64-apple-macos.swiftmodule /Applications/Xcode.app/Contents/Developer/Toolchains/XcodeDefault.xctoolchain/usr/lib/swift/macosx/prebuilt-modules/26.5/_StringProcessing.swiftmodule/x86_64-apple-macos.swiftmodule /Users/justinhou/Development/deepshelves/.build/S5SignedDerivedData/ModuleCache.noindex/_Builtin_float-55B7ET49MXH27JBWM7ZKTA4WV.pcm /Users/justinhou/Development/deepshelves/.build/S5SignedDerivedData/ModuleCache.noindex/CoreAudio-373C1NC3194HSWGDCXEW3Q3W9.pcm /Users/justinhou/Development/deepshelves/.build/S5SignedDerivedData/ModuleCache.noindex/AVFoundation-4SFXSB9GWY8GLCTXHDF2MYY5Y.pcm /Users/justinhou/Development/deepshelves/.build/S5SignedDerivedData/ModuleCache.noindex/_DarwinFoundation3-AVU10BU9WDYH2VZ7UG53JS0EJ.pcm /Users/justinhou/Development/deepshelves/.build/S5SignedDerivedData/ModuleCache.noindex/Foundation-57FJRLB7DSMMWY8KOWXIXULJ7.pcm /Users/justinhou/Development/deepshelves/.build/S5SignedDerivedData/ModuleCache.noindex/_Builtin_stdint-AAHCY6BENO4IY1WX4I4KZ6CVV.pcm /Users/justinhou/Development/deepshelves/.build/S5SignedDerivedData/ModuleCache.noindex/CoreText-CO1AUAQK3MFKUZKVMM22NCSI6.pcm /Users/justinhou/Development/deepshelves/.build/S5SignedDerivedData/ModuleCache.noindex/_SwiftConcurrencyShims-6YJXLDNL23LY21DKY96QH1OCO.pcm /Users/justinhou/Development/deepshelves/.build/S5SignedDerivedData/ModuleCache.noindex/_Builtin_stdarg-7IJRTVJNT9HUHTJHZ4RW1QMOF.pcm /Users/justinhou/Development/deepshelves/.build/S5SignedDerivedData/ModuleCache.noindex/_DarwinFoundation2-5PEE0XCE5A0WETMY431ZO6GLV.pcm /Users/justinhou/Development/deepshelves/.build/S5SignedDerivedData/ModuleCache.noindex/ColorSync-DCYU8HXNHSYMNHRAUY0DQ1JX1.pcm /Users/justinhou/Development/deepshelves/.build/S5SignedDerivedData/ModuleCache.noindex/_AvailabilityInternal-9DOALYE57UIERGEX12LMAPGD7.pcm /Users/justinhou/Development/deepshelves/.build/S5SignedDerivedData/ModuleCache.noindex/CFNetwork-J0VEV06BLWWC88ZBQF1XKISI.pcm /Users/justinhou/Development/deepshelves/.build/S5SignedDerivedData/ModuleCache.noindex/CoreGraphics-A24DQCM9PJT6LDLXX0TO1YVAR.pcm /Users/justinhou/Development/deepshelves/.build/S5SignedDerivedData/ModuleCache.noindex/ptrauth-54CCX4SAQNPOCS158PLQXIS5P.pcm /Users/justinhou/Development/deepshelves/.build/S5SignedDerivedData/ModuleCache.noindex/CoreFoundation-CZD0DZM63V821ESTHGE2I34YB.pcm /Users/justinhou/Development/deepshelves/.build/S5SignedDerivedData/ModuleCache.noindex/CoreMedia-BZTEBBYIY8W94YDX13JLGMGMG.pcm /Users/justinhou/Development/deepshelves/.build/S5SignedDerivedData/ModuleCache.noindex/libDER-7JI29EHCP9REOMZ3TEHNMUON3.pcm /Users/justinhou/Development/deepshelves/.build/S5SignedDerivedData/ModuleCache.noindex/_Builtin_stdatomic-AQZKRU7N2G95GO3LYCMM6IA2M.pcm /Users/justinhou/Development/deepshelves/.build/S5SignedDerivedData/ModuleCache.noindex/IOKit-4N8T5OCE96VEMNAPC3035DY4A.pcm /Users/justinhou/Development/deepshelves/.build/S5SignedDerivedData/ModuleCache.noindex/Dispatch-2Q3AE0N8BCN7ZX4DUFJHIRCAP.pcm /Users/justinhou/Development/deepshelves/.build/S5SignedDerivedData/ModuleCache.noindex/_Builtin_inttypes-E3FNE9LTBVAOBBIW536FO1HP0.pcm /Users/justinhou/Development/deepshelves/.build/S5SignedDerivedData/ModuleCache.noindex/os-AXAA3WANW6PSU87UVW6JHQF9A.pcm /Users/justinhou/Development/deepshelves/.build/S5SignedDerivedData/ModuleCache.noindex/_Builtin_limits-6H21UDBPJ8F4BKW8EIWZ33K23.pcm /Users/justinhou/Development/deepshelves/.build/S5SignedDerivedData/ModuleCache.noindex/_Builtin_stdbool-7QJ2C3J1TMF42PP2I1HTKCYJ0.pcm /Users/justinhou/Development/deepshelves/.build/S5SignedDerivedData/ModuleCache.noindex/IOSurface-99I5HJ2MIGZ75BI9O6716XV3S.pcm /Users/justinhou/Development/deepshelves/.build/S5SignedDerivedData/ModuleCache.noindex/_Builtin_tgmath-D8E7J6R5RUUAEA085BD22F74J.pcm /Users/justinhou/Development/deepshelves/.build/S5SignedDerivedData/ModuleCache.noindex/CoreMIDI-7ZYSO06FGNJAJZV6GXS6NQX98.pcm /Users/justinhou/Development/deepshelves/.build/S5SignedDerivedData/ModuleCache.noindex/Metal-2ON7JRGI6G86X7RNDU9Q3LEJV.pcm /Users/justinhou/Development/deepshelves/.build/S5SignedDerivedData/ModuleCache.noindex/UniformTypeIdentifiers-EUE34MI8RVXR91V52CI9ELDYQ.pcm /Users/justinhou/Development/deepshelves/.build/S5SignedDerivedData/ModuleCache.noindex/Accelerate-41EHFKYMVWIJW413EMCWEQU0U.pcm /Users/justinhou/Development/deepshelves/.build/S5SignedDerivedData/ModuleCache.noindex/DiskArbitration-8A1MY67JF0FDKT5XFVREFL9QR.pcm /Users/justinhou/Development/deepshelves/.build/S5SignedDerivedData/ModuleCache.noindex/sys_types-BE7SWQQYXI3H7H1AZLRSP6HYA.pcm /Users/justinhou/Development/deepshelves/.build/S5SignedDerivedData/ModuleCache.noindex/CoreServices-96XYE2E6AWS2VDB3YA9UTG40H.pcm /Users/justinhou/Development/deepshelves/.build/S5SignedDerivedData/ModuleCache.noindex/CoreAudioTypes-6LV4EA4IRU612BVFSU4JZLPZ8.pcm /Users/justinhou/Development/deepshelves/.build/S5SignedDerivedData/ModuleCache.noindex/CoreVideo-82N6X01H6CA34R0AQKRN9O2P5.pcm /Users/justinhou/Development/deepshelves/.build/S5SignedDerivedData/ModuleCache.noindex/CUPS-8X0GPR0CKMM46EZ3YAO8AKBOD.pcm /Users/justinhou/Development/deepshelves/.build/S5SignedDerivedData/ModuleCache.noindex/MachO-F53SQJ6IHJIXRQ3AK7BI7QZW.pcm /Users/justinhou/Development/deepshelves/.build/S5SignedDerivedData/ModuleCache.noindex/CoreImage-EHI3RL43TX30412M9838BU0KR.pcm /Users/justinhou/Development/deepshelves/.build/S5SignedDerivedData/ModuleCache.noindex/Security-80AJ4R1WEHHMHNC7FP7WZ3KWT.pcm /Users/justinhou/Development/deepshelves/.build/S5SignedDerivedData/ModuleCache.noindex/_DarwinFoundation1-9VOSZ1LOV68GQJQ4MXDZRFVPM.pcm /Users/justinhou/Development/deepshelves/.build/S5SignedDerivedData/ModuleCache.noindex/ApplicationServices-7H1YTX5MKL12RYRIEOQ7EHD4W.pcm /Users/justinhou/Development/deepshelves/.build/S5SignedDerivedData/ModuleCache.noindex/_Builtin_intrinsics-BLUAQE7JSU3I7IRZGA8IE5BMW.pcm /Users/justinhou/Development/deepshelves/.build/S5SignedDerivedData/ModuleCache.noindex/SwiftShims-ELT7DMJ15MFQ4M0MI8AP1A1UB.pcm /Users/justinhou/Development/deepshelves/.build/S5SignedDerivedData/ModuleCache.noindex/os_workgroup-6ALCSO78CC0K0SUK4N7N82R9J.pcm /Users/justinhou/Development/deepshelves/.build/S5SignedDerivedData/ModuleCache.noindex/Darwin-DDHQ3Z4Q2KOQNKKNUGAZ1PB0R.pcm /Users/justinhou/Development/deepshelves/.build/S5SignedDerivedData/ModuleCache.noindex/XPC-24MGJ5S6FMMCXN8UY872SWG3R.pcm /Users/justinhou/Development/deepshelves/.build/S5SignedDerivedData/ModuleCache.noindex/_Builtin_stddef-517BSIEM7WLL19CW6GUZZLFP1.pcm /Users/justinhou/Development/deepshelves/.build/S5SignedDerivedData/ModuleCache.noindex/AVFAudio-14EZ4QM6GP25Y0CG1H6WFVXWH.pcm /Users/justinhou/Development/deepshelves/.build/S5SignedDerivedData/ModuleCache.noindex/ImageIO-DXRDHMJL1D373062GN4R7P3X0.pcm /Users/justinhou/Development/deepshelves/.build/S5SignedDerivedData/ModuleCache.noindex/Vision-D0N22NT25A4QT2XYMOOHT9CCN.pcm /Users/justinhou/Development/deepshelves/.build/S5SignedDerivedData/ModuleCache.noindex/CoreML-5CN9TT84HTLZ5EY9EQM3QMV54.pcm /Users/justinhou/Development/deepshelves/.build/S5SignedDerivedData/ModuleCache.noindex/Carbon-4M09BUH6ZAKR1RX9ACC975REF.pcm /Users/justinhou/Development/deepshelves/.build/S5SignedDerivedData/ModuleCache.noindex/DataDetection-APU7969JUT5EEX1L5KIP0XS0I.pcm /Users/justinhou/Development/deepshelves/.build/S5SignedDerivedData/ModuleCache.noindex/QuartzCore-9J2QIQ05T0PVIUTS33ULCJMF2.pcm /Users/justinhou/Development/deepshelves/.build/S5SignedDerivedData/ModuleCache.noindex/AudioToolbox-2R0DY8QVX1FWMCBOV1L5OZQD1.pcm /Users/justinhou/Development/deepshelves/.build/S5SignedDerivedData/ModuleCache.noindex/libkern-AGA8I6ZIL9GJYGSE8TP68MH6Y.pcm /Users/justinhou/Development/deepshelves/.build/S5SignedDerivedData/ModuleCache.noindex/OpenGL-DTX6ZUFN5ISYIIAWRVNNLK4WS.pcm /Users/justinhou/Development/deepshelves/.build/S5SignedDerivedData/ModuleCache.noindex/launch-5JMKNU2K8E1E9WZE080BPY32O.pcm /Users/justinhou/Development/deepshelves/.build/S5SignedDerivedData/ModuleCache.noindex/ptrcheck-D5LGC563Y4Z6KFAUZKA25TCGX.pcm /Users/justinhou/Development/deepshelves/.build/S5SignedDerivedData/ModuleCache.noindex/LocalAuthentication-5RPLGZH7P7FW2C03BXFAG6Q6Y.pcm /Users/justinhou/Development/deepshelves/.build/S5SignedDerivedData/ModuleCache.noindex/os_object-C8LUVATG7UNYQ1VK1VXC1X5UJ.pcm /Users/justinhou/Development/deepshelves/.build/S5SignedDerivedData/ModuleCache.noindex/simd-CGDKBKI3W1BZ0LLRKFTESTK2G.pcm /Users/justinhou/Development/deepshelves/.build/S5SignedDerivedData/ModuleCache.noindex/ObjectiveC-BX8ZQRCAH70GGJDOA3XZMZ99D.pcm /Users/justinhou/Development/deepshelves/.build/S5SignedDerivedData/ModuleCache.noindex/MediaToolbox-A9IBKZ5T4SX9U99L3V2OQV5LC.pcm /Users/justinhou/Development/deepshelves/.build/S5SignedDerivedData/Build/Intermediates.noindex/MemoryEnrichment.build/Release/MemoryEnrichment.build/Objects-normal/x86_64/MemoryEnrichment-dependencies-1.json (in target 'MemoryEnrichment' from project 'MemoryEnrichment')

CompileSwift normal x86_64 (in target 'MemoryEnrichment' from project 'MemoryEnrichment')
    cd /Users/justinhou/Development/deepshelves/LocalMemory.xcodeproj


SwiftCompile normal arm64 Compiling\ LM008StoreDefaults.swift,\ MemoryStore.swift,\ S5CrashRecoveryModel.swift,\ S5SpikeRunner.swift,\ SQLCipherSpikeDatabase.swift,\ SharedKeychainKeyStore.swift /Users/justinhou/Development/deepshelves/Packages/MemoryStore/Sources/MemoryStore/LM008StoreDefaults.swift /Users/justinhou/Development/deepshelves/Packages/MemoryStore/Sources/MemoryStore/MemoryStore.swift /Users/justinhou/Development/deepshelves/Packages/MemoryStore/Sources/MemoryStore/S5CrashRecoveryModel.swift /Users/justinhou/Development/deepshelves/Packages/MemoryStore/Sources/MemoryStore/S5SpikeRunner.swift /Users/justinhou/Development/deepshelves/Packages/MemoryStore/Sources/MemoryStore/SQLCipherSpikeDatabase.swift /Users/justinhou/Development/deepshelves/Packages/MemoryStore/Sources/MemoryStore/SharedKeychainKeyStore.swift /Applications/Xcode.app/Contents/Developer/Toolchains/XcodeDefault.xctoolchain/usr/lib/swift/macosx/prebuilt-modules/26.5/CoreFoundation.swiftmodule/arm64e-apple-macos.swiftmodule /Applications/Xcode.app/Contents/Developer/Toolchains/XcodeDefault.xctoolchain/usr/lib/swift/macosx/prebuilt-modules/26.5/_DarwinFoundation2.swiftmodule/arm64e-apple-macos.swiftmodule /Applications/Xcode.app/Contents/Developer/Toolchains/XcodeDefault.xctoolchain/usr/lib/swift/macosx/prebuilt-modules/26.5/_Builtin_float.swiftmodule/arm64e-apple-macos.swiftmodule /Applications/Xcode.app/Contents/Developer/Toolchains/XcodeDefault.xctoolchain/usr/lib/swift/macosx/prebuilt-modules/26.5/LocalAuthentication.swiftmodule/arm64e-apple-macos.swiftmodule /Applications/Xcode.app/Contents/Developer/Toolchains/XcodeDefault.xctoolchain/usr/lib/swift/macosx/prebuilt-modules/26.5/AVFAudio.swiftmodule/arm64e-apple-macos.swiftmodule /Applications/Xcode.app/Contents/Developer/Toolchains/XcodeDefault.xctoolchain/usr/lib/swift/macosx/prebuilt-modules/26.5/CoreMIDI.swiftmodule/arm64e-apple-macos.swiftmodule /Applications/Xcode.app/Contents/Developer/Toolchains/XcodeDefault.xctoolchain/usr/lib/swift/macosx/prebuilt-modules/26.5/Dispatch.swiftmodule/arm64e-apple-macos.swiftmodule /Applications/Xcode.app/Contents/Developer/Toolchains/XcodeDefault.xctoolchain/usr/lib/swift/macosx/prebuilt-modules/26.5/Synchronization.swiftmodule/arm64e-apple-macos.swiftmodule /Applications/Xcode.app/Contents/Developer/Toolchains/XcodeDefault.xctoolchain/usr/lib/swift/macosx/prebuilt-modules/26.5/Combine.swiftmodule/arm64e-apple-macos.swiftmodule /Applications/Xcode.app/Contents/Developer/Toolchains/XcodeDefault.xctoolchain/usr/lib/swift/macosx/prebuilt-modules/26.5/AVFoundation.swiftmodule/arm64e-apple-macos.swiftmodule /Applications/Xcode.app/Contents/Developer/Toolchains/XcodeDefault.xctoolchain/usr/lib/swift/macosx/prebuilt-modules/26.5/UniformTypeIdentifiers.swiftmodule/arm64e-apple-macos.swiftmodule /Applications/Xcode.app/Contents/Developer/Toolchains/XcodeDefault.xctoolchain/usr/lib/swift/macosx/prebuilt-modules/26.5/CoreVideo.swiftmodule/arm64e-apple-macos.swiftmodule /Applications/Xcode.app/Contents/Developer/Toolchains/XcodeDefault.xctoolchain/usr/lib/swift/macosx/prebuilt-modules/26.5/System.swiftmodule/arm64e-apple-macos.swiftmodule /Applications/Xcode.app/Contents/Developer/Toolchains/XcodeDefault.xctoolchain/usr/lib/swift/macosx/prebuilt-modules/26.5/CoreAudio.swiftmodule/arm64e-apple-macos.swiftmodule /Applications/Xcode.app/Contents/Developer/Toolchains/XcodeDefault.xctoolchain/usr/lib/swift/macosx/prebuilt-modules/26.5/_StringProcessing.swiftmodule/arm64e-apple-macos.swiftmodule /Applications/Xcode.app/Contents/Developer/Toolchains/XcodeDefault.xctoolchain/usr/lib/swift/macosx/prebuilt-modules/26.5/XPC.swiftmodule/arm64e-apple-macos.swiftmodule /Applications/Xcode.app/Contents/Developer/Toolchains/XcodeDefault.xctoolchain/usr/lib/swift/macosx/prebuilt-modules/26.5/CryptoKit.swiftmodule/arm64e-apple-macos.swiftmodule /Applications/Xcode.app/Contents/Developer/Toolchains/XcodeDefault.xctoolchain/usr/lib/swift/macosx/prebuilt-modules/26.5/_Concurrency.swiftmodule/arm64e-apple-macos.swiftmodule /Applications/Xcode.app/Contents/Developer/Toolchains/XcodeDefault.xctoolchain/usr/lib/swift/macosx/prebuilt-modules/26.5/ObjectiveC.swiftmodule/arm64e-apple-macos.swiftmodule /Applications/Xcode.app/Contents/Developer/Toolchains/XcodeDefault.xctoolchain/usr/lib/swift/macosx/prebuilt-modules/26.5/AudioToolbox.swiftmodule/arm64e-apple-macos.swiftmodule /Applications/Xcode.app/Contents/Developer/Toolchains/XcodeDefault.xctoolchain/usr/lib/swift/macosx/prebuilt-modules/26.5/QuartzCore.swiftmodule/arm64e-apple-macos.swiftmodule /Applications/Xcode.app/Contents/Developer/Toolchains/XcodeDefault.xctoolchain/usr/lib/swift/macosx/prebuilt-modules/26.5/CoreText.swiftmodule/arm64e-apple-macos.swiftmodule /Applications/Xcode.app/Contents/Developer/Toolchains/XcodeDefault.xctoolchain/usr/lib/swift/macosx/prebuilt-modules/26.5/_DarwinFoundation3.swiftmodule/arm64e-apple-macos.swiftmodule /Applications/Xcode.app/Contents/Developer/Toolchains/XcodeDefault.xctoolchain/usr/lib/swift/macosx/prebuilt-modules/26.5/CoreMedia.swiftmodule/arm64e-apple-macos.swiftmodule /Applications/Xcode.app/Contents/Developer/Toolchains/XcodeDefault.xctoolchain/usr/lib/swift/macosx/prebuilt-modules/26.5/simd.swiftmodule/arm64e-apple-macos.swiftmodule /Applications/Xcode.app/Contents/Developer/Toolchains/XcodeDefault.xctoolchain/usr/lib/swift/macosx/prebuilt-modules/26.5/Darwin.swiftmodule/arm64e-apple-macos.swiftmodule /Applications/Xcode.app/Contents/Developer/Toolchains/XcodeDefault.xctoolchain/usr/lib/swift/macosx/prebuilt-modules/26.5/Swift.swiftmodule/arm64e-apple-macos.swiftmodule /Applications/Xcode.app/Contents/Developer/Toolchains/XcodeDefault.xctoolchain/usr/lib/swift/macosx/prebuilt-modules/26.5/_DarwinFoundation1.swiftmodule/arm64e-apple-macos.swiftmodule /Applications/Xcode.app/Contents/Developer/Toolchains/XcodeDefault.xctoolchain/usr/lib/swift/macosx/prebuilt-modules/26.5/Foundation.swiftmodule/arm64e-apple-macos.swiftmodule /Users/justinhou/Development/deepshelves/.build/S5SignedDerivedData/Build/Products/Release/GRDB.swiftmodule/arm64-apple-macos.swiftmodule /Applications/Xcode.app/Contents/Developer/Toolchains/XcodeDefault.xctoolchain/usr/lib/swift/macosx/prebuilt-modules/26.5/Metal.swiftmodule/arm64e-apple-macos.swiftmodule /Applications/Xcode.app/Contents/Developer/Toolchains/XcodeDefault.xctoolchain/usr/lib/swift/macosx/prebuilt-modules/26.5/Observation.swiftmodule/arm64e-apple-macos.swiftmodule /Applications/Xcode.app/Contents/Developer/Toolchains/XcodeDefault.xctoolchain/usr/lib/swift/macosx/prebuilt-modules/26.5/IOKit.swiftmodule/arm64e-apple-macos.swiftmodule /Applications/Xcode.app/Contents/Developer/Toolchains/XcodeDefault.xctoolchain/usr/lib/swift/macosx/prebuilt-modules/26.5/CoreGraphics.swiftmodule/arm64e-apple-macos.swiftmodule /Applications/Xcode.app/Contents/Developer/Toolchains/XcodeDefault.xctoolchain/usr/lib/swift/macosx/prebuilt-modules/26.5/CoreImage.swiftmodule/arm64e-apple-macos.swiftmodule /Users/justinhou/Development/deepshelves/.build/S5SignedDerivedData/ModuleCache.noindex/SwiftShims-E1Q5XWBJV64GIBF49COA2JMCZ.pcm /Users/justinhou/Development/deepshelves/.build/S5SignedDerivedData/ModuleCache.noindex/CoreAudio-3BQSEIH4O3WYLAKY3WYVGN6TM.pcm /Users/justinhou/Development/deepshelves/.build/S5SignedDerivedData/ModuleCache.noindex/ImageIO-AC0YU5AEU1FL67XNY0821WQK8.pcm /Users/justinhou/Development/deepshelves/.build/S5SignedDerivedData/ModuleCache.noindex/os_object-2DG61KL6BBJM7JME5KSQWOJHI.pcm /Users/justinhou/Development/deepshelves/.build/S5SignedDerivedData/Build/Intermediates.noindex/SwiftExplicitPrecompiledModules/SQLCipher-AI1GLYOF77KAO2RURR7IPDOHY.pcm /Users/justinhou/Development/deepshelves/.build/S5SignedDerivedData/ModuleCache.noindex/_Builtin_float-8V4KBF428AW3P95RSQMPNWRFU.pcm /Users/justinhou/Development/deepshelves/.build/S5SignedDerivedData/ModuleCache.noindex/Dispatch-53AHK4WMM3L8OWH7YDBFXRZLL.pcm /Users/justinhou/Development/deepshelves/.build/S5SignedDerivedData/ModuleCache.noindex/AVFoundation-6RYLWI9ELPFRUTD65GEP2JUUC.pcm /Users/justinhou/Development/deepshelves/.build/S5SignedDerivedData/ModuleCache.noindex/Darwin-97IJE5CTXVQEP7VIWLQTQBFPT.pcm /Users/justinhou/Development/deepshelves/.build/S5SignedDerivedData/ModuleCache.noindex/CUPS-ECVONAWE1F85UFLKHCJ07DADD.pcm /Users/justinhou/Development/deepshelves/.build/S5SignedDerivedData/ModuleCache.noindex/_Builtin_intrinsics-AR6DK5JVVG8696QJ3SFQZHRUQ.pcm /Users/justinhou/Development/deepshelves/.build/S5SignedDerivedData/ModuleCache.noindex/libkern-F0QX1ZGIOSRH949H687PN6C3G.pcm /Users/justinhou/Development/deepshelves/.build/S5SignedDerivedData/ModuleCache.noindex/MediaToolbox-7QRS5AKW41JHHX2F65L0Z9VVW.pcm /Users/justinhou/Development/deepshelves/.build/S5SignedDerivedData/ModuleCache.noindex/_Builtin_inttypes-DI7Q860Y74LR3INO3N7EJQ5US.pcm /Users/justinhou/Development/deepshelves/.build/S5SignedDerivedData/ModuleCache.noindex/CFNetwork-EMOA4RIEW4AEZGJBZ0HTR66Y9.pcm /Users/justinhou/Development/deepshelves/.build/S5SignedDerivedData/ModuleCache.noindex/CoreText-7ZDJRA4UMQ2AT51Q5N6Q89IKM.pcm /Users/justinhou/Development/deepshelves/.build/S5SignedDerivedData/ModuleCache.noindex/ApplicationServices-6MUKV6ZCPAKVYXR2BBNV4DN4F.pcm /Users/justinhou/Development/deepshelves/.build/S5SignedDerivedData/ModuleCache.noindex/_Builtin_tgmath-7AMY4AIXAUW253X0LD9WCS1F3.pcm /Users/justinhou/Development/deepshelves/.build/S5SignedDerivedData/ModuleCache.noindex/ColorSync-81YHNPAEUKNT4E8YIJ3K3GKB2.pcm /Users/justinhou/Development/deepshelves/.build/S5SignedDerivedData/ModuleCache.noindex/CoreServices-8VGC34IZUYOJ0HE4PKKV7JX2D.pcm /Users/justinhou/Development/deepshelves/.build/S5SignedDerivedData/ModuleCache.noindex/_AvailabilityInternal-C0R8BXR4OH7RZR3RHAQYS0UIH.pcm /Users/justinhou/Development/deepshelves/.build/S5SignedDerivedData/ModuleCache.noindex/_DarwinFoundation3-CSU44EA3VQ5JCAUJKZ8PEE5SK.pcm /Users/justinhou/Development/deepshelves/.build/S5SignedDerivedData/ModuleCache.noindex/UniformTypeIdentifiers-5J1EGLUIVBHX0S1UV3IE7EYKD.pcm /Users/justinhou/Development/deepshelves/.build/S5SignedDerivedData/ModuleCache.noindex/MachO-BRZEY7YKZOBBPO16I6Y5Y9OP4.pcm /Users/justinhou/Development/deepshelves/.build/S5SignedDerivedData/ModuleCache.noindex/CoreMedia-6UFGUCTXW8GY871NNK26SODZS.pcm /Users/justinhou/Development/deepshelves/.build/S5SignedDerivedData/ModuleCache.noindex/_Builtin_stddef-60HIY400F9W98KQ11EZ0RCBXR.pcm /Users/justinhou/Development/deepshelves/.build/S5SignedDerivedData/ModuleCache.noindex/libDER-46AB84OC3HBTV8L05R3UVEL6L.pcm /Users/justinhou/Development/deepshelves/.build/S5SignedDerivedData/ModuleCache.noindex/Security-50Y9I7NQDKZIK884OT7M230ED.pcm /Users/justinhou/Development/deepshelves/.build/S5SignedDerivedData/ModuleCache.noindex/OpenGL-ANVT20R2IZ45227R2AL513PDO.pcm /Users/justinhou/Development/deepshelves/.build/S5SignedDerivedData/ModuleCache.noindex/Foundation-AEW71GHYLKHAV43ZFH2DWY48M.pcm /Users/justinhou/Development/deepshelves/.build/S5SignedDerivedData/ModuleCache.noindex/IOSurface-5VFA9N99UEM402D4VQEFWC9DK.pcm /Users/justinhou/Development/deepshelves/.build/S5SignedDerivedData/ModuleCache.noindex/Carbon-9JLCT10SMUMPZZSC4TQY8L0VT.pcm /Users/justinhou/Development/deepshelves/.build/S5SignedDerivedData/ModuleCache.noindex/ptrauth-1R5ZZ36Q8NHGG4T142ZH2HT2Y.pcm /Users/justinhou/Development/deepshelves/.build/S5SignedDerivedData/ModuleCache.noindex/CoreFoundation-E2Q3H9QN0E5ATWYXP78LLLRSF.pcm /Users/justinhou/Development/deepshelves/.build/S5SignedDerivedData/ModuleCache.noindex/CoreAudioTypes-4UDGGZR1I1RG7KH6QA515TS2R.pcm /Users/justinhou/Development/deepshelves/.build/S5SignedDerivedData/ModuleCache.noindex/launch-2E24H96EJX31PLCT8E3LBKP3X.pcm /Users/justinhou/Development/deepshelves/.build/S5SignedDerivedData/ModuleCache.noindex/IOKit-F3EQ5VXCBMPW3VVOUMJNY1I94.pcm /Users/justinhou/Development/deepshelves/.build/S5SignedDerivedData/ModuleCache.noindex/sys_types-7FVMZAUIOHXQVDHPWJBVK8RSZ.pcm /Users/justinhou/Development/deepshelves/.build/S5SignedDerivedData/ModuleCache.noindex/_Builtin_stdarg-1LHG6YYY88GYYMVRYI917XTVJ.pcm /Users/justinhou/Development/deepshelves/.build/S5SignedDerivedData/Build/Intermediates.noindex/SwiftExplicitPrecompiledModules/GRDBSQLCipher-7IBLLJ5DURWN8GJLAAUDIH5KN.pcm /Users/justinhou/Development/deepshelves/.build/S5SignedDerivedData/ModuleCache.noindex/QuartzCore-7623C59N1Y1HW1HA4DQPAM7BG.pcm /Users/justinhou/Development/deepshelves/.build/S5SignedDerivedData/ModuleCache.noindex/string_h-DZQ33YHKTLO15RJODZD3KRIHT.pcm /Users/justinhou/Development/deepshelves/.build/S5SignedDerivedData/ModuleCache.noindex/ObjectiveC-P0KACSIJ65S2VDRDGOATNTJH.pcm /Users/justinhou/Development/deepshelves/.build/S5SignedDerivedData/ModuleCache.noindex/_SwiftConcurrencyShims-DPEGU1R5DQ1PLMPFHO89HO7TE.pcm /Users/justinhou/Development/deepshelves/.build/S5SignedDerivedData/ModuleCache.noindex/AudioToolbox-101ESA0NIT0A76YSK2UTAHSNN.pcm /Users/justinhou/Development/deepshelves/.build/S5SignedDerivedData/ModuleCache.noindex/_DarwinFoundation1-5G1YPYLIF7DPZ7EY2D0RNNEYN.pcm /Users/justinhou/Development/deepshelves/.build/S5SignedDerivedData/ModuleCache.noindex/os_workgroup-4KWX7Z08U2MXKH1WBGV1DMWAJ.pcm /Users/justinhou/Development/deepshelves/.build/S5SignedDerivedData/ModuleCache.noindex/XPC-BUJ13WV3TOUKQUJNTY24DISKK.pcm /Users/justinhou/Development/deepshelves/.build/S5SignedDerivedData/ModuleCache.noindex/_DarwinFoundation2-B1EXZ5LHSUZU3FYQPA2HC4V6D.pcm /Users/justinhou/Development/deepshelves/.build/S5SignedDerivedData/ModuleCache.noindex/simd-5BGTQ1WAXREAJZ2N7PFF314F1.pcm /Users/justinhou/Development/deepshelves/.build/S5SignedDerivedData/ModuleCache.noindex/_Builtin_limits-64VS1GY9P6YJCQ4TCSJ56W1HL.pcm /Users/justinhou/Development/deepshelves/.build/S5SignedDerivedData/ModuleCache.noindex/CoreImage-6CGV62PMQ6AJTSZKA1UUMMN8Z.pcm /Users/justinhou/Development/deepshelves/.build/S5SignedDerivedData/ModuleCache.noindex/CoreVideo-EZNGTIOKT99LDYQYSP0Q1VMFY.pcm /Users/justinhou/Development/deepshelves/.build/S5SignedDerivedData/ModuleCache.noindex/DiskArbitration-1MGP6AAIR4B6TCCJSQ0Z5C3D3.pcm /Users/justinhou/Development/deepshelves/.build/S5SignedDerivedData/ModuleCache.noindex/_Builtin_stdint-45Y9BTWP25E7FYQN3ODNUB0SC.pcm /Users/justinhou/Development/deepshelves/.build/S5SignedDerivedData/ModuleCache.noindex/_Builtin_stdbool-38NJMJ1PDHOLFHI07T2K1JDGF.pcm /Users/justinhou/Development/deepshelves/.build/S5SignedDerivedData/ModuleCache.noindex/LocalAuthentication-9DUF9DNTOX6HQZARJWRWDS3RX.pcm /Users/justinhou/Development/deepshelves/.build/S5SignedDerivedData/ModuleCache.noindex/AVFAudio-C1TNOKXVV2C4JVAEITSS8FHXL.pcm /Users/justinhou/Development/deepshelves/.build/S5SignedDerivedData/ModuleCache.noindex/CoreGraphics-5XSTHBJWW81P220MMKSE1YVRT.pcm /Users/justinhou/Development/deepshelves/.build/S5SignedDerivedData/ModuleCache.noindex/CoreMIDI-DD35BG3PYOWHQQA3ON3FJ6305.pcm /Users/justinhou/Development/deepshelves/.build/S5SignedDerivedData/ModuleCache.noindex/ptrcheck-1MPHKUTOS4GPIGWJ9Q65F82E.pcm /Users/justinhou/Development/deepshelves/.build/S5SignedDerivedData/ModuleCache.noindex/Metal-AM3QDONEATUM1ZLV9VWL6UI1E.pcm /Users/justinhou/Development/deepshelves/.build/S5SignedDerivedData/Build/Intermediates.noindex/MemoryStore.build/Release/MemoryStore.build/Objects-normal/arm64/MemoryStore-dependencies-1.json (in target 'MemoryStore' from project 'MemoryStore')

CompileSwift normal arm64 (in target 'MemoryStore' from project 'MemoryStore')
    cd /Users/justinhou/Development/deepshelves/LocalMemory.xcodeproj


SwiftCompile normal x86_64 Compiling\ LM008UIDefaults.swift,\ MemoryDesignSystem.swift,\ S6SpikeCore.swift /Users/justinhou/Development/deepshelves/Packages/MemoryDesignSystem/Sources/MemoryDesignSystem/LM008UIDefaults.swift /Users/justinhou/Development/deepshelves/Packages/MemoryDesignSystem/Sources/MemoryDesignSystem/MemoryDesignSystem.swift /Users/justinhou/Development/deepshelves/Packages/MemoryDesignSystem/Sources/MemoryDesignSystem/S6SpikeCore.swift /Applications/Xcode.app/Contents/Developer/Toolchains/XcodeDefault.xctoolchain/usr/lib/swift/macosx/prebuilt-modules/26.5/XPC.swiftmodule/x86_64-apple-macos.swiftmodule /Applications/Xcode.app/Contents/Developer/Toolchains/XcodeDefault.xctoolchain/usr/lib/swift/macosx/prebuilt-modules/26.5/_DarwinFoundation3.swiftmodule/x86_64-apple-macos.swiftmodule /Applications/Xcode.app/Contents/Developer/Toolchains/XcodeDefault.xctoolchain/usr/lib/swift/macosx/prebuilt-modules/26.5/Observation.swiftmodule/x86_64-apple-macos.swiftmodule /Applications/Xcode.app/Contents/Developer/Toolchains/XcodeDefault.xctoolchain/usr/lib/swift/macosx/prebuilt-modules/26.5/Swift.swiftmodule/x86_64-apple-macos.swiftmodule /Applications/Xcode.app/Contents/Developer/Toolchains/XcodeDefault.xctoolchain/usr/lib/swift/macosx/prebuilt-modules/26.5/Combine.swiftmodule/x86_64-apple-macos.swiftmodule /Applications/Xcode.app/Contents/Developer/Toolchains/XcodeDefault.xctoolchain/usr/lib/swift/macosx/prebuilt-modules/26.5/_DarwinFoundation2.swiftmodule/x86_64-apple-macos.swiftmodule /Applications/Xcode.app/Contents/Developer/Toolchains/XcodeDefault.xctoolchain/usr/lib/swift/macosx/prebuilt-modules/26.5/Foundation.swiftmodule/x86_64-apple-macos.swiftmodule /Applications/Xcode.app/Contents/Developer/Toolchains/XcodeDefault.xctoolchain/usr/lib/swift/macosx/prebuilt-modules/26.5/_StringProcessing.swiftmodule/x86_64-apple-macos.swiftmodule /Applications/Xcode.app/Contents/Developer/Toolchains/XcodeDefault.xctoolchain/usr/lib/swift/macosx/prebuilt-modules/26.5/ObjectiveC.swiftmodule/x86_64-apple-macos.swiftmodule /Applications/Xcode.app/Contents/Developer/Toolchains/XcodeDefault.xctoolchain/usr/lib/swift/macosx/prebuilt-modules/26.5/Darwin.swiftmodule/x86_64-apple-macos.swiftmodule /Applications/Xcode.app/Contents/Developer/Toolchains/XcodeDefault.xctoolchain/usr/lib/swift/macosx/prebuilt-modules/26.5/_DarwinFoundation1.swiftmodule/x86_64-apple-macos.swiftmodule /Applications/Xcode.app/Contents/Developer/Toolchains/XcodeDefault.xctoolchain/usr/lib/swift/macosx/prebuilt-modules/26.5/_Concurrency.swiftmodule/x86_64-apple-macos.swiftmodule /Applications/Xcode.app/Contents/Developer/Toolchains/XcodeDefault.xctoolchain/usr/lib/swift/macosx/prebuilt-modules/26.5/Dispatch.swiftmodule/x86_64-apple-macos.swiftmodule /Applications/Xcode.app/Contents/Developer/Toolchains/XcodeDefault.xctoolchain/usr/lib/swift/macosx/prebuilt-modules/26.5/IOKit.swiftmodule/x86_64-apple-macos.swiftmodule /Applications/Xcode.app/Contents/Developer/Toolchains/XcodeDefault.xctoolchain/usr/lib/swift/macosx/prebuilt-modules/26.5/_Builtin_float.swiftmodule/x86_64-apple-macos.swiftmodule /Applications/Xcode.app/Contents/Developer/Toolchains/XcodeDefault.xctoolchain/usr/lib/swift/macosx/prebuilt-modules/26.5/CoreFoundation.swiftmodule/x86_64-apple-macos.swiftmodule /Applications/Xcode.app/Contents/Developer/Toolchains/XcodeDefault.xctoolchain/usr/lib/swift/macosx/prebuilt-modules/26.5/System.swiftmodule/x86_64-apple-macos.swiftmodule /Users/justinhou/Development/deepshelves/.build/S5SignedDerivedData/ModuleCache.noindex/Darwin-DDHQ3Z4Q2KOQNKKNUGAZ1PB0R.pcm /Users/justinhou/Development/deepshelves/.build/S5SignedDerivedData/ModuleCache.noindex/os_workgroup-6ALCSO78CC0K0SUK4N7N82R9J.pcm /Users/justinhou/Development/deepshelves/.build/S5SignedDerivedData/ModuleCache.noindex/os_object-C8LUVATG7UNYQ1VK1VXC1X5UJ.pcm /Users/justinhou/Development/deepshelves/.build/S5SignedDerivedData/ModuleCache.noindex/IOKit-4N8T5OCE96VEMNAPC3035DY4A.pcm /Users/justinhou/Development/deepshelves/.build/S5SignedDerivedData/ModuleCache.noindex/_DarwinFoundation1-9VOSZ1LOV68GQJQ4MXDZRFVPM.pcm /Users/justinhou/Development/deepshelves/.build/S5SignedDerivedData/ModuleCache.noindex/_Builtin_intrinsics-BLUAQE7JSU3I7IRZGA8IE5BMW.pcm /Users/justinhou/Development/deepshelves/.build/S5SignedDerivedData/ModuleCache.noindex/Dispatch-2Q3AE0N8BCN7ZX4DUFJHIRCAP.pcm /Users/justinhou/Development/deepshelves/.build/S5SignedDerivedData/ModuleCache.noindex/ptrcheck-D5LGC563Y4Z6KFAUZKA25TCGX.pcm /Users/justinhou/Development/deepshelves/.build/S5SignedDerivedData/ModuleCache.noindex/launch-5JMKNU2K8E1E9WZE080BPY32O.pcm /Users/justinhou/Development/deepshelves/.build/S5SignedDerivedData/ModuleCache.noindex/DiskArbitration-8A1MY67JF0FDKT5XFVREFL9QR.pcm /Users/justinhou/Development/deepshelves/.build/S5SignedDerivedData/ModuleCache.noindex/_Builtin_stddef-517BSIEM7WLL19CW6GUZZLFP1.pcm /Users/justinhou/Development/deepshelves/.build/S5SignedDerivedData/ModuleCache.noindex/_Builtin_stdint-AAHCY6BENO4IY1WX4I4KZ6CVV.pcm /Users/justinhou/Development/deepshelves/.build/S5SignedDerivedData/ModuleCache.noindex/libkern-AGA8I6ZIL9GJYGSE8TP68MH6Y.pcm /Users/justinhou/Development/deepshelves/.build/S5SignedDerivedData/ModuleCache.noindex/ptrauth-54CCX4SAQNPOCS158PLQXIS5P.pcm /Users/justinhou/Development/deepshelves/.build/S5SignedDerivedData/ModuleCache.noindex/_Builtin_stdarg-7IJRTVJNT9HUHTJHZ4RW1QMOF.pcm /Users/justinhou/Development/deepshelves/.build/S5SignedDerivedData/ModuleCache.noindex/MachO-F53SQJ6IHJIXRQ3AK7BI7QZW.pcm /Users/justinhou/Development/deepshelves/.build/S5SignedDerivedData/ModuleCache.noindex/SwiftShims-ELT7DMJ15MFQ4M0MI8AP1A1UB.pcm /Users/justinhou/Development/deepshelves/.build/S5SignedDerivedData/ModuleCache.noindex/_AvailabilityInternal-9DOALYE57UIERGEX12LMAPGD7.pcm /Users/justinhou/Development/deepshelves/.build/S5SignedDerivedData/ModuleCache.noindex/ObjectiveC-BX8ZQRCAH70GGJDOA3XZMZ99D.pcm /Users/justinhou/Development/deepshelves/.build/S5SignedDerivedData/ModuleCache.noindex/_Builtin_stdbool-7QJ2C3J1TMF42PP2I1HTKCYJ0.pcm /Users/justinhou/Development/deepshelves/.build/S5SignedDerivedData/ModuleCache.noindex/CFNetwork-J0VEV06BLWWC88ZBQF1XKISI.pcm /Users/justinhou/Development/deepshelves/.build/S5SignedDerivedData/ModuleCache.noindex/CoreServices-96XYE2E6AWS2VDB3YA9UTG40H.pcm /Users/justinhou/Development/deepshelves/.build/S5SignedDerivedData/ModuleCache.noindex/libDER-7JI29EHCP9REOMZ3TEHNMUON3.pcm /Users/justinhou/Development/deepshelves/.build/S5SignedDerivedData/ModuleCache.noindex/CoreFoundation-CZD0DZM63V821ESTHGE2I34YB.pcm /Users/justinhou/Development/deepshelves/.build/S5SignedDerivedData/ModuleCache.noindex/_Builtin_inttypes-E3FNE9LTBVAOBBIW536FO1HP0.pcm /Users/justinhou/Development/deepshelves/.build/S5SignedDerivedData/ModuleCache.noindex/Security-80AJ4R1WEHHMHNC7FP7WZ3KWT.pcm /Users/justinhou/Development/deepshelves/.build/S5SignedDerivedData/ModuleCache.noindex/_Builtin_limits-6H21UDBPJ8F4BKW8EIWZ33K23.pcm /Users/justinhou/Development/deepshelves/.build/S5SignedDerivedData/ModuleCache.noindex/sys_types-BE7SWQQYXI3H7H1AZLRSP6HYA.pcm /Users/justinhou/Development/deepshelves/.build/S5SignedDerivedData/ModuleCache.noindex/_SwiftConcurrencyShims-6YJXLDNL23LY21DKY96QH1OCO.pcm /Users/justinhou/Development/deepshelves/.build/S5SignedDerivedData/ModuleCache.noindex/XPC-24MGJ5S6FMMCXN8UY872SWG3R.pcm /Users/justinhou/Development/deepshelves/.build/S5SignedDerivedData/ModuleCache.noindex/_DarwinFoundation3-AVU10BU9WDYH2VZ7UG53JS0EJ.pcm /Users/justinhou/Development/deepshelves/.build/S5SignedDerivedData/ModuleCache.noindex/Foundation-57FJRLB7DSMMWY8KOWXIXULJ7.pcm /Users/justinhou/Development/deepshelves/.build/S5SignedDerivedData/ModuleCache.noindex/_Builtin_float-55B7ET49MXH27JBWM7ZKTA4WV.pcm /Users/justinhou/Development/deepshelves/.build/S5SignedDerivedData/ModuleCache.noindex/_DarwinFoundation2-5PEE0XCE5A0WETMY431ZO6GLV.pcm /Users/justinhou/Development/deepshelves/.build/S5SignedDerivedData/Build/Intermediates.noindex/MemoryDesignSystem.build/Release/MemoryDesignSystem.build/Objects-normal/x86_64/MemoryDesignSystem-dependencies-1.json (in target 'MemoryDesignSystem' from project 'MemoryDesignSystem')

CompileSwift normal x86_64 (in target 'MemoryDesignSystem' from project 'MemoryDesignSystem')
    cd /Users/justinhou/Development/deepshelves/LocalMemory.xcodeproj


SwiftDriver\ Compilation MemoryDesignSystem normal x86_64 com.apple.xcode.tools.swift.compiler (in target 'MemoryDesignSystem' from project 'MemoryDesignSystem')
    cd /Users/justinhou/Development/deepshelves/LocalMemory.xcodeproj
    builtin-Swift-Compilation -- /Applications/Xcode.app/Contents/Developer/Toolchains/XcodeDefault.xctoolchain/usr/bin/swiftc -module-name MemoryDesignSystem -O -whole-module-optimization @/Users/justinhou/Development/deepshelves/.build/S5SignedDerivedData/Build/Intermediates.noindex/MemoryDesignSystem.build/Release/MemoryDesignSystem.build/Objects-normal/x86_64/MemoryDesignSystem.SwiftFileList -DSWIFT_PACKAGE -DSWIFT_MODULE_RESOURCE_BUNDLE_UNAVAILABLE -DXcode -plugin-path /Applications/Xcode.app/Contents/Developer/Toolchains/XcodeDefault.xctoolchain/usr/lib/swift/host/plugins/testing -enable-experimental-feature DebugDescriptionMacro -sdk /Applications/Xcode.app/Contents/Developer/Platforms/MacOSX.platform/Developer/SDKs/MacOSX26.5.sdk -target x86_64-apple-macos15.0 -g -module-cache-path /Users/justinhou/Development/deepshelves/.build/S5SignedDerivedData/ModuleCache.noindex -Xfrontend -serialize-debugging-options -swift-version 6 -I /Users/justinhou/Development/deepshelves/.build/S5SignedDerivedData/Build/Products/Release -Isystem /Applications/Xcode.app/Contents/Developer/Platforms/MacOSX.platform/Developer/usr/lib -F /Users/justinhou/Development/deepshelves/.build/S5SignedDerivedData/Build/Products/Release -F /Applications/Xcode.app/Contents/Developer/Platforms/MacOSX.platform/Developer/Library/Frameworks -c -num-threads 12 -Xcc -ivfsstatcache -Xcc /Users/justinhou/Development/deepshelves/.build/S5SignedDerivedData/SDKStatCaches.noindex/macosx26.5-25F70-e082c4a02f00227109f4ed75e425c832.sdkstatcache -output-file-map /Users/justinhou/Development/deepshelves/.build/S5SignedDerivedData/Build/Intermediates.noindex/MemoryDesignSystem.build/Release/MemoryDesignSystem.build/Objects-normal/x86_64/MemoryDesignSystem-OutputFileMap.json -use-frontend-parseable-output -save-temps -no-color-diagnostics -explicit-module-build -module-cache-path /Users/justinhou/Development/deepshelves/.build/S5SignedDerivedData/Build/Intermediates.noindex/SwiftExplicitPrecompiledModules -clang-scanner-module-cache-path /Users/justinhou/Development/deepshelves/.build/S5SignedDerivedData/ModuleCache.noindex -sdk-module-cache-path /Users/justinhou/Development/deepshelves/.build/S5SignedDerivedData/ModuleCache.noindex -serialize-diagnostics -emit-dependencies -emit-module -emit-module-path /Users/justinhou/Development/deepshelves/.build/S5SignedDerivedData/Build/Intermediates.noindex/MemoryDesignSystem.build/Release/MemoryDesignSystem.build/Objects-normal/x86_64/MemoryDesignSystem.swiftmodule -validate-clang-modules-once -clang-build-session-file /Users/justinhou/Development/deepshelves/.build/S5SignedDerivedData/ModuleCache.noindex/Session.modulevalidation -package-name memorydesignsystem -Xcc -I/Users/justinhou/Development/deepshelves/.build/S5SignedDerivedData/Build/Intermediates.noindex/MemoryDesignSystem.build/Release/MemoryDesignSystem.build/swift-overrides.hmap -emit-const-values -Xfrontend -const-gather-protocols-file -Xfrontend /Users/justinhou/Development/deepshelves/.build/S5SignedDerivedData/Build/Intermediates.noindex/MemoryDesignSystem.build/Release/MemoryDesignSystem.build/Objects-normal/x86_64/MemoryDesignSystem_const_extract_protocols.json -Xcc -I/Users/justinhou/Development/deepshelves/.build/S5SignedDerivedData/Build/Products/Release/include -Xcc -I/Users/justinhou/Development/deepshelves/.build/S5SignedDerivedData/Build/Intermediates.noindex/MemoryDesignSystem.build/Release/MemoryDesignSystem.build/DerivedSources-normal/x86_64 -Xcc -I/Users/justinhou/Development/deepshelves/.build/S5SignedDerivedData/Build/Intermediates.noindex/MemoryDesignSystem.build/Release/MemoryDesignSystem.build/DerivedSources/x86_64 -Xcc -I/Users/justinhou/Development/deepshelves/.build/S5SignedDerivedData/Build/Intermediates.noindex/MemoryDesignSystem.build/Release/MemoryDesignSystem.build/DerivedSources -Xcc -DSWIFT_PACKAGE -emit-objc-header -emit-objc-header-path /Users/justinhou/Development/deepshelves/.build/S5SignedDerivedData/Build/Intermediates.noindex/MemoryDesignSystem.build/Release/MemoryDesignSystem.build/Objects-normal/x86_64/MemoryDesignSystem-Swift.h -working-directory /Users/justinhou/Development/deepshelves/LocalMemory.xcodeproj -no-emit-module-separately-wmo

SwiftDriver\ Compilation MemoryDesignSystem normal arm64 com.apple.xcode.tools.swift.compiler (in target 'MemoryDesignSystem' from project 'MemoryDesignSystem')
    cd /Users/justinhou/Development/deepshelves/LocalMemory.xcodeproj
    builtin-Swift-Compilation -- /Applications/Xcode.app/Contents/Developer/Toolchains/XcodeDefault.xctoolchain/usr/bin/swiftc -module-name MemoryDesignSystem -O -whole-module-optimization @/Users/justinhou/Development/deepshelves/.build/S5SignedDerivedData/Build/Intermediates.noindex/MemoryDesignSystem.build/Release/MemoryDesignSystem.build/Objects-normal/arm64/MemoryDesignSystem.SwiftFileList -DSWIFT_PACKAGE -DSWIFT_MODULE_RESOURCE_BUNDLE_UNAVAILABLE -DXcode -plugin-path /Applications/Xcode.app/Contents/Developer/Toolchains/XcodeDefault.xctoolchain/usr/lib/swift/host/plugins/testing -enable-experimental-feature DebugDescriptionMacro -sdk /Applications/Xcode.app/Contents/Developer/Platforms/MacOSX.platform/Developer/SDKs/MacOSX26.5.sdk -target arm64-apple-macos15.0 -g -module-cache-path /Users/justinhou/Development/deepshelves/.build/S5SignedDerivedData/ModuleCache.noindex -Xfrontend -serialize-debugging-options -swift-version 6 -I /Users/justinhou/Development/deepshelves/.build/S5SignedDerivedData/Build/Products/Release -Isystem /Applications/Xcode.app/Contents/Developer/Platforms/MacOSX.platform/Developer/usr/lib -F /Users/justinhou/Development/deepshelves/.build/S5SignedDerivedData/Build/Products/Release -F /Applications/Xcode.app/Contents/Developer/Platforms/MacOSX.platform/Developer/Library/Frameworks -c -num-threads 12 -Xcc -ivfsstatcache -Xcc /Users/justinhou/Development/deepshelves/.build/S5SignedDerivedData/SDKStatCaches.noindex/macosx26.5-25F70-e082c4a02f00227109f4ed75e425c832.sdkstatcache -output-file-map /Users/justinhou/Development/deepshelves/.build/S5SignedDerivedData/Build/Intermediates.noindex/MemoryDesignSystem.build/Release/MemoryDesignSystem.build/Objects-normal/arm64/MemoryDesignSystem-OutputFileMap.json -use-frontend-parseable-output -save-temps -no-color-diagnostics -explicit-module-build -module-cache-path /Users/justinhou/Development/deepshelves/.build/S5SignedDerivedData/Build/Intermediates.noindex/SwiftExplicitPrecompiledModules -clang-scanner-module-cache-path /Users/justinhou/Development/deepshelves/.build/S5SignedDerivedData/ModuleCache.noindex -sdk-module-cache-path /Users/justinhou/Development/deepshelves/.build/S5SignedDerivedData/ModuleCache.noindex -serialize-diagnostics -emit-dependencies -emit-module -emit-module-path /Users/justinhou/Development/deepshelves/.build/S5SignedDerivedData/Build/Intermediates.noindex/MemoryDesignSystem.build/Release/MemoryDesignSystem.build/Objects-normal/arm64/MemoryDesignSystem.swiftmodule -validate-clang-modules-once -clang-build-session-file /Users/justinhou/Development/deepshelves/.build/S5SignedDerivedData/ModuleCache.noindex/Session.modulevalidation -package-name memorydesignsystem -Xcc -I/Users/justinhou/Development/deepshelves/.build/S5SignedDerivedData/Build/Intermediates.noindex/MemoryDesignSystem.build/Release/MemoryDesignSystem.build/swift-overrides.hmap -emit-const-values -Xfrontend -const-gather-protocols-file -Xfrontend /Users/justinhou/Development/deepshelves/.build/S5SignedDerivedData/Build/Intermediates.noindex/MemoryDesignSystem.build/Release/MemoryDesignSystem.build/Objects-normal/arm64/MemoryDesignSystem_const_extract_protocols.json -Xcc -I/Users/justinhou/Development/deepshelves/.build/S5SignedDerivedData/Build/Products/Release/include -Xcc -I/Users/justinhou/Development/deepshelves/.build/S5SignedDerivedData/Build/Intermediates.noindex/MemoryDesignSystem.build/Release/MemoryDesignSystem.build/DerivedSources-normal/arm64 -Xcc -I/Users/justinhou/Development/deepshelves/.build/S5SignedDerivedData/Build/Intermediates.noindex/MemoryDesignSystem.build/Release/MemoryDesignSystem.build/DerivedSources/arm64 -Xcc -I/Users/justinhou/Development/deepshelves/.build/S5SignedDerivedData/Build/Intermediates.noindex/MemoryDesignSystem.build/Release/MemoryDesignSystem.build/DerivedSources -Xcc -DSWIFT_PACKAGE -emit-objc-header -emit-objc-header-path /Users/justinhou/Development/deepshelves/.build/S5SignedDerivedData/Build/Intermediates.noindex/MemoryDesignSystem.build/Release/MemoryDesignSystem.build/Objects-normal/arm64/MemoryDesignSystem-Swift.h -working-directory /Users/justinhou/Development/deepshelves/LocalMemory.xcodeproj -no-emit-module-separately-wmo

SwiftCompile normal arm64 Compiling\ LM008UIDefaults.swift,\ MemoryDesignSystem.swift,\ S6SpikeCore.swift /Users/justinhou/Development/deepshelves/Packages/MemoryDesignSystem/Sources/MemoryDesignSystem/LM008UIDefaults.swift /Users/justinhou/Development/deepshelves/Packages/MemoryDesignSystem/Sources/MemoryDesignSystem/MemoryDesignSystem.swift /Users/justinhou/Development/deepshelves/Packages/MemoryDesignSystem/Sources/MemoryDesignSystem/S6SpikeCore.swift /Applications/Xcode.app/Contents/Developer/Toolchains/XcodeDefault.xctoolchain/usr/lib/swift/macosx/prebuilt-modules/26.5/Darwin.swiftmodule/arm64e-apple-macos.swiftmodule /Applications/Xcode.app/Contents/Developer/Toolchains/XcodeDefault.xctoolchain/usr/lib/swift/macosx/prebuilt-modules/26.5/Combine.swiftmodule/arm64e-apple-macos.swiftmodule /Applications/Xcode.app/Contents/Developer/Toolchains/XcodeDefault.xctoolchain/usr/lib/swift/macosx/prebuilt-modules/26.5/Foundation.swiftmodule/arm64e-apple-macos.swiftmodule /Applications/Xcode.app/Contents/Developer/Toolchains/XcodeDefault.xctoolchain/usr/lib/swift/macosx/prebuilt-modules/26.5/Observation.swiftmodule/arm64e-apple-macos.swiftmodule /Applications/Xcode.app/Contents/Developer/Toolchains/XcodeDefault.xctoolchain/usr/lib/swift/macosx/prebuilt-modules/26.5/CoreFoundation.swiftmodule/arm64e-apple-macos.swiftmodule /Applications/Xcode.app/Contents/Developer/Toolchains/XcodeDefault.xctoolchain/usr/lib/swift/macosx/prebuilt-modules/26.5/Swift.swiftmodule/arm64e-apple-macos.swiftmodule /Applications/Xcode.app/Contents/Developer/Toolchains/XcodeDefault.xctoolchain/usr/lib/swift/macosx/prebuilt-modules/26.5/_Builtin_float.swiftmodule/arm64e-apple-macos.swiftmodule /Applications/Xcode.app/Contents/Developer/Toolchains/XcodeDefault.xctoolchain/usr/lib/swift/macosx/prebuilt-modules/26.5/System.swiftmodule/arm64e-apple-macos.swiftmodule /Applications/Xcode.app/Contents/Developer/Toolchains/XcodeDefault.xctoolchain/usr/lib/swift/macosx/prebuilt-modules/26.5/_DarwinFoundation1.swiftmodule/arm64e-apple-macos.swiftmodule /Applications/Xcode.app/Contents/Developer/Toolchains/XcodeDefault.xctoolchain/usr/lib/swift/macosx/prebuilt-modules/26.5/_DarwinFoundation3.swiftmodule/arm64e-apple-macos.swiftmodule /Applications/Xcode.app/Contents/Developer/Toolchains/XcodeDefault.xctoolchain/usr/lib/swift/macosx/prebuilt-modules/26.5/Dispatch.swiftmodule/arm64e-apple-macos.swiftmodule /Applications/Xcode.app/Contents/Developer/Toolchains/XcodeDefault.xctoolchain/usr/lib/swift/macosx/prebuilt-modules/26.5/_DarwinFoundation2.swiftmodule/arm64e-apple-macos.swiftmodule /Applications/Xcode.app/Contents/Developer/Toolchains/XcodeDefault.xctoolchain/usr/lib/swift/macosx/prebuilt-modules/26.5/_StringProcessing.swiftmodule/arm64e-apple-macos.swiftmodule /Applications/Xcode.app/Contents/Developer/Toolchains/XcodeDefault.xctoolchain/usr/lib/swift/macosx/prebuilt-modules/26.5/IOKit.swiftmodule/arm64e-apple-macos.swiftmodule /Applications/Xcode.app/Contents/Developer/Toolchains/XcodeDefault.xctoolchain/usr/lib/swift/macosx/prebuilt-modules/26.5/_Concurrency.swiftmodule/arm64e-apple-macos.swiftmodule /Applications/Xcode.app/Contents/Developer/Toolchains/XcodeDefault.xctoolchain/usr/lib/swift/macosx/prebuilt-modules/26.5/XPC.swiftmodule/arm64e-apple-macos.swiftmodule /Applications/Xcode.app/Contents/Developer/Toolchains/XcodeDefault.xctoolchain/usr/lib/swift/macosx/prebuilt-modules/26.5/ObjectiveC.swiftmodule/arm64e-apple-macos.swiftmodule /Users/justinhou/Development/deepshelves/.build/S5SignedDerivedData/ModuleCache.noindex/_SwiftConcurrencyShims-DPEGU1R5DQ1PLMPFHO89HO7TE.pcm /Users/justinhou/Development/deepshelves/.build/S5SignedDerivedData/ModuleCache.noindex/libDER-46AB84OC3HBTV8L05R3UVEL6L.pcm /Users/justinhou/Development/deepshelves/.build/S5SignedDerivedData/ModuleCache.noindex/ptrauth-1R5ZZ36Q8NHGG4T142ZH2HT2Y.pcm /Users/justinhou/Development/deepshelves/.build/S5SignedDerivedData/ModuleCache.noindex/Foundation-AEW71GHYLKHAV43ZFH2DWY48M.pcm /Users/justinhou/Development/deepshelves/.build/S5SignedDerivedData/ModuleCache.noindex/_DarwinFoundation1-5G1YPYLIF7DPZ7EY2D0RNNEYN.pcm /Users/justinhou/Development/deepshelves/.build/S5SignedDerivedData/ModuleCache.noindex/CFNetwork-EMOA4RIEW4AEZGJBZ0HTR66Y9.pcm /Users/justinhou/Development/deepshelves/.build/S5SignedDerivedData/ModuleCache.noindex/Darwin-97IJE5CTXVQEP7VIWLQTQBFPT.pcm /Users/justinhou/Development/deepshelves/.build/S5SignedDerivedData/ModuleCache.noindex/_Builtin_inttypes-DI7Q860Y74LR3INO3N7EJQ5US.pcm /Users/justinhou/Development/deepshelves/.build/S5SignedDerivedData/ModuleCache.noindex/sys_types-7FVMZAUIOHXQVDHPWJBVK8RSZ.pcm /Users/justinhou/Development/deepshelves/.build/S5SignedDerivedData/ModuleCache.noindex/DiskArbitration-1MGP6AAIR4B6TCCJSQ0Z5C3D3.pcm /Users/justinhou/Development/deepshelves/.build/S5SignedDerivedData/ModuleCache.noindex/_Builtin_float-8V4KBF428AW3P95RSQMPNWRFU.pcm /Users/justinhou/Development/deepshelves/.build/S5SignedDerivedData/ModuleCache.noindex/os_workgroup-4KWX7Z08U2MXKH1WBGV1DMWAJ.pcm /Users/justinhou/Development/deepshelves/.build/S5SignedDerivedData/ModuleCache.noindex/_Builtin_stddef-60HIY400F9W98KQ11EZ0RCBXR.pcm /Users/justinhou/Development/deepshelves/.build/S5SignedDerivedData/ModuleCache.noindex/CoreFoundation-E2Q3H9QN0E5ATWYXP78LLLRSF.pcm /Users/justinhou/Development/deepshelves/.build/S5SignedDerivedData/ModuleCache.noindex/_Builtin_stdbool-38NJMJ1PDHOLFHI07T2K1JDGF.pcm /Users/justinhou/Development/deepshelves/.build/S5SignedDerivedData/ModuleCache.noindex/ptrcheck-1MPHKUTOS4GPIGWJ9Q65F82E.pcm /Users/justinhou/Development/deepshelves/.build/S5SignedDerivedData/ModuleCache.noindex/XPC-BUJ13WV3TOUKQUJNTY24DISKK.pcm /Users/justinhou/Development/deepshelves/.build/S5SignedDerivedData/ModuleCache.noindex/libkern-F0QX1ZGIOSRH949H687PN6C3G.pcm /Users/justinhou/Development/deepshelves/.build/S5SignedDerivedData/ModuleCache.noindex/_DarwinFoundation2-B1EXZ5LHSUZU3FYQPA2HC4V6D.pcm /Users/justinhou/Development/deepshelves/.build/S5SignedDerivedData/ModuleCache.noindex/Security-50Y9I7NQDKZIK884OT7M230ED.pcm /Users/justinhou/Development/deepshelves/.build/S5SignedDerivedData/ModuleCache.noindex/_DarwinFoundation3-CSU44EA3VQ5JCAUJKZ8PEE5SK.pcm /Users/justinhou/Development/deepshelves/.build/S5SignedDerivedData/ModuleCache.noindex/CoreServices-8VGC34IZUYOJ0HE4PKKV7JX2D.pcm /Users/justinhou/Development/deepshelves/.build/S5SignedDerivedData/ModuleCache.noindex/ObjectiveC-P0KACSIJ65S2VDRDGOATNTJH.pcm /Users/justinhou/Development/deepshelves/.build/S5SignedDerivedData/ModuleCache.noindex/launch-2E24H96EJX31PLCT8E3LBKP3X.pcm /Users/justinhou/Development/deepshelves/.build/S5SignedDerivedData/ModuleCache.noindex/_AvailabilityInternal-C0R8BXR4OH7RZR3RHAQYS0UIH.pcm /Users/justinhou/Development/deepshelves/.build/S5SignedDerivedData/ModuleCache.noindex/Dispatch-53AHK4WMM3L8OWH7YDBFXRZLL.pcm /Users/justinhou/Development/deepshelves/.build/S5SignedDerivedData/ModuleCache.noindex/os_object-2DG61KL6BBJM7JME5KSQWOJHI.pcm /Users/justinhou/Development/deepshelves/.build/S5SignedDerivedData/ModuleCache.noindex/IOKit-F3EQ5VXCBMPW3VVOUMJNY1I94.pcm /Users/justinhou/Development/deepshelves/.build/S5SignedDerivedData/ModuleCache.noindex/_Builtin_limits-64VS1GY9P6YJCQ4TCSJ56W1HL.pcm /Users/justinhou/Development/deepshelves/.build/S5SignedDerivedData/ModuleCache.noindex/SwiftShims-E1Q5XWBJV64GIBF49COA2JMCZ.pcm /Users/justinhou/Development/deepshelves/.build/S5SignedDerivedData/ModuleCache.noindex/_Builtin_stdint-45Y9BTWP25E7FYQN3ODNUB0SC.pcm /Users/justinhou/Development/deepshelves/.build/S5SignedDerivedData/ModuleCache.noindex/_Builtin_stdarg-1LHG6YYY88GYYMVRYI917XTVJ.pcm /Users/justinhou/Development/deepshelves/.build/S5SignedDerivedData/ModuleCache.noindex/MachO-BRZEY7YKZOBBPO16I6Y5Y9OP4.pcm /Users/justinhou/Development/deepshelves/.build/S5SignedDerivedData/Build/Intermediates.noindex/MemoryDesignSystem.build/Release/MemoryDesignSystem.build/Objects-normal/arm64/MemoryDesignSystem-dependencies-2.json (in target 'MemoryDesignSystem' from project 'MemoryDesignSystem')

CompileSwift normal arm64 (in target 'MemoryDesignSystem' from project 'MemoryDesignSystem')
    cd /Users/justinhou/Development/deepshelves/LocalMemory.xcodeproj


SwiftDriverJobDiscovery normal arm64 Compiling LM008UIDefaults.swift, MemoryDesignSystem.swift, S6SpikeCore.swift (in target 'MemoryDesignSystem' from project 'MemoryDesignSystem')

SwiftDriver\ Compilation\ Requirements MemoryDesignSystem normal arm64 com.apple.xcode.tools.swift.compiler (in target 'MemoryDesignSystem' from project 'MemoryDesignSystem')
    cd /Users/justinhou/Development/deepshelves/LocalMemory.xcodeproj
    builtin-Swift-Compilation-Requirements -- /Applications/Xcode.app/Contents/Developer/Toolchains/XcodeDefault.xctoolchain/usr/bin/swiftc -module-name MemoryDesignSystem -O -whole-module-optimization @/Users/justinhou/Development/deepshelves/.build/S5SignedDerivedData/Build/Intermediates.noindex/MemoryDesignSystem.build/Release/MemoryDesignSystem.build/Objects-normal/arm64/MemoryDesignSystem.SwiftFileList -DSWIFT_PACKAGE -DSWIFT_MODULE_RESOURCE_BUNDLE_UNAVAILABLE -DXcode -plugin-path /Applications/Xcode.app/Contents/Developer/Toolchains/XcodeDefault.xctoolchain/usr/lib/swift/host/plugins/testing -enable-experimental-feature DebugDescriptionMacro -sdk /Applications/Xcode.app/Contents/Developer/Platforms/MacOSX.platform/Developer/SDKs/MacOSX26.5.sdk -target arm64-apple-macos15.0 -g -module-cache-path /Users/justinhou/Development/deepshelves/.build/S5SignedDerivedData/ModuleCache.noindex -Xfrontend -serialize-debugging-options -swift-version 6 -I /Users/justinhou/Development/deepshelves/.build/S5SignedDerivedData/Build/Products/Release -Isystem /Applications/Xcode.app/Contents/Developer/Platforms/MacOSX.platform/Developer/usr/lib -F /Users/justinhou/Development/deepshelves/.build/S5SignedDerivedData/Build/Products/Release -F /Applications/Xcode.app/Contents/Developer/Platforms/MacOSX.platform/Developer/Library/Frameworks -c -num-threads 12 -Xcc -ivfsstatcache -Xcc /Users/justinhou/Development/deepshelves/.build/S5SignedDerivedData/SDKStatCaches.noindex/macosx26.5-25F70-e082c4a02f00227109f4ed75e425c832.sdkstatcache -output-file-map /Users/justinhou/Development/deepshelves/.build/S5SignedDerivedData/Build/Intermediates.noindex/MemoryDesignSystem.build/Release/MemoryDesignSystem.build/Objects-normal/arm64/MemoryDesignSystem-OutputFileMap.json -use-frontend-parseable-output -save-temps -no-color-diagnostics -explicit-module-build -module-cache-path /Users/justinhou/Development/deepshelves/.build/S5SignedDerivedData/Build/Intermediates.noindex/SwiftExplicitPrecompiledModules -clang-scanner-module-cache-path /Users/justinhou/Development/deepshelves/.build/S5SignedDerivedData/ModuleCache.noindex -sdk-module-cache-path /Users/justinhou/Development/deepshelves/.build/S5SignedDerivedData/ModuleCache.noindex -serialize-diagnostics -emit-dependencies -emit-module -emit-module-path /Users/justinhou/Development/deepshelves/.build/S5SignedDerivedData/Build/Intermediates.noindex/MemoryDesignSystem.build/Release/MemoryDesignSystem.build/Objects-normal/arm64/MemoryDesignSystem.swiftmodule -validate-clang-modules-once -clang-build-session-file /Users/justinhou/Development/deepshelves/.build/S5SignedDerivedData/ModuleCache.noindex/Session.modulevalidation -package-name memorydesignsystem -Xcc -I/Users/justinhou/Development/deepshelves/.build/S5SignedDerivedData/Build/Intermediates.noindex/MemoryDesignSystem.build/Release/MemoryDesignSystem.build/swift-overrides.hmap -emit-const-values -Xfrontend -const-gather-protocols-file -Xfrontend /Users/justinhou/Development/deepshelves/.build/S5SignedDerivedData/Build/Intermediates.noindex/MemoryDesignSystem.build/Release/MemoryDesignSystem.build/Objects-normal/arm64/MemoryDesignSystem_const_extract_protocols.json -Xcc -I/Users/justinhou/Development/deepshelves/.build/S5SignedDerivedData/Build/Products/Release/include -Xcc -I/Users/justinhou/Development/deepshelves/.build/S5SignedDerivedData/Build/Intermediates.noindex/MemoryDesignSystem.build/Release/MemoryDesignSystem.build/DerivedSources-normal/arm64 -Xcc -I/Users/justinhou/Development/deepshelves/.build/S5SignedDerivedData/Build/Intermediates.noindex/MemoryDesignSystem.build/Release/MemoryDesignSystem.build/DerivedSources/arm64 -Xcc -I/Users/justinhou/Development/deepshelves/.build/S5SignedDerivedData/Build/Intermediates.noindex/MemoryDesignSystem.build/Release/MemoryDesignSystem.build/DerivedSources -Xcc -DSWIFT_PACKAGE -emit-objc-header -emit-objc-header-path /Users/justinhou/Development/deepshelves/.build/S5SignedDerivedData/Build/Intermediates.noindex/MemoryDesignSystem.build/Release/MemoryDesignSystem.build/Objects-normal/arm64/MemoryDesignSystem-Swift.h -working-directory /Users/justinhou/Development/deepshelves/LocalMemory.xcodeproj -no-emit-module-separately-wmo

Copy /Users/justinhou/Development/deepshelves/.build/S5SignedDerivedData/Build/Products/Release/MemoryDesignSystem.swiftmodule/arm64-apple-macos.abi.json /Users/justinhou/Development/deepshelves/.build/S5SignedDerivedData/Build/Intermediates.noindex/MemoryDesignSystem.build/Release/MemoryDesignSystem.build/Objects-normal/arm64/MemoryDesignSystem.abi.json (in target 'MemoryDesignSystem' from project 'MemoryDesignSystem')
    cd /Users/justinhou/Development/deepshelves/Packages/MemoryDesignSystem
    builtin-copy -exclude .DS_Store -exclude CVS -exclude .svn -exclude .git -exclude .hg -strip-unsigned-binaries -strip-deterministic -strip-tool /Applications/Xcode.app/Contents/Developer/Toolchains/XcodeDefault.xctoolchain/usr/bin/strip -resolve-src-symlinks -rename /Users/justinhou/Development/deepshelves/.build/S5SignedDerivedData/Build/Intermediates.noindex/MemoryDesignSystem.build/Release/MemoryDesignSystem.build/Objects-normal/arm64/MemoryDesignSystem.abi.json /Users/justinhou/Development/deepshelves/.build/S5SignedDerivedData/Build/Products/Release/MemoryDesignSystem.swiftmodule/arm64-apple-macos.abi.json

Copy /Users/justinhou/Development/deepshelves/.build/S5SignedDerivedData/Build/Products/Release/MemoryDesignSystem.swiftmodule/Project/arm64-apple-macos.swiftsourceinfo /Users/justinhou/Development/deepshelves/.build/S5SignedDerivedData/Build/Intermediates.noindex/MemoryDesignSystem.build/Release/MemoryDesignSystem.build/Objects-normal/arm64/MemoryDesignSystem.swiftsourceinfo (in target 'MemoryDesignSystem' from project 'MemoryDesignSystem')
    cd /Users/justinhou/Development/deepshelves/Packages/MemoryDesignSystem
    builtin-copy -exclude .DS_Store -exclude CVS -exclude .svn -exclude .git -exclude .hg -strip-unsigned-binaries -strip-deterministic -strip-tool /Applications/Xcode.app/Contents/Developer/Toolchains/XcodeDefault.xctoolchain/usr/bin/strip -resolve-src-symlinks -rename /Users/justinhou/Development/deepshelves/.build/S5SignedDerivedData/Build/Intermediates.noindex/MemoryDesignSystem.build/Release/MemoryDesignSystem.build/Objects-normal/arm64/MemoryDesignSystem.swiftsourceinfo /Users/justinhou/Development/deepshelves/.build/S5SignedDerivedData/Build/Products/Release/MemoryDesignSystem.swiftmodule/Project/arm64-apple-macos.swiftsourceinfo

Copy /Users/justinhou/Development/deepshelves/.build/S5SignedDerivedData/Build/Products/Release/MemoryDesignSystem.swiftmodule/arm64-apple-macos.swiftmodule /Users/justinhou/Development/deepshelves/.build/S5SignedDerivedData/Build/Intermediates.noindex/MemoryDesignSystem.build/Release/MemoryDesignSystem.build/Objects-normal/arm64/MemoryDesignSystem.swiftmodule (in target 'MemoryDesignSystem' from project 'MemoryDesignSystem')
    cd /Users/justinhou/Development/deepshelves/Packages/MemoryDesignSystem
    builtin-copy -exclude .DS_Store -exclude CVS -exclude .svn -exclude .git -exclude .hg -strip-unsigned-binaries -strip-deterministic -strip-tool /Applications/Xcode.app/Contents/Developer/Toolchains/XcodeDefault.xctoolchain/usr/bin/strip -resolve-src-symlinks -rename /Users/justinhou/Development/deepshelves/.build/S5SignedDerivedData/Build/Intermediates.noindex/MemoryDesignSystem.build/Release/MemoryDesignSystem.build/Objects-normal/arm64/MemoryDesignSystem.swiftmodule /Users/justinhou/Development/deepshelves/.build/S5SignedDerivedData/Build/Products/Release/MemoryDesignSystem.swiftmodule/arm64-apple-macos.swiftmodule

SwiftDriverJobDiscovery normal x86_64 Compiling LM008UIDefaults.swift, MemoryDesignSystem.swift, S6SpikeCore.swift (in target 'MemoryDesignSystem' from project 'MemoryDesignSystem')

SwiftDriver\ Compilation\ Requirements MemoryDesignSystem normal x86_64 com.apple.xcode.tools.swift.compiler (in target 'MemoryDesignSystem' from project 'MemoryDesignSystem')
    cd /Users/justinhou/Development/deepshelves/LocalMemory.xcodeproj
    builtin-Swift-Compilation-Requirements -- /Applications/Xcode.app/Contents/Developer/Toolchains/XcodeDefault.xctoolchain/usr/bin/swiftc -module-name MemoryDesignSystem -O -whole-module-optimization @/Users/justinhou/Development/deepshelves/.build/S5SignedDerivedData/Build/Intermediates.noindex/MemoryDesignSystem.build/Release/MemoryDesignSystem.build/Objects-normal/x86_64/MemoryDesignSystem.SwiftFileList -DSWIFT_PACKAGE -DSWIFT_MODULE_RESOURCE_BUNDLE_UNAVAILABLE -DXcode -plugin-path /Applications/Xcode.app/Contents/Developer/Toolchains/XcodeDefault.xctoolchain/usr/lib/swift/host/plugins/testing -enable-experimental-feature DebugDescriptionMacro -sdk /Applications/Xcode.app/Contents/Developer/Platforms/MacOSX.platform/Developer/SDKs/MacOSX26.5.sdk -target x86_64-apple-macos15.0 -g -module-cache-path /Users/justinhou/Development/deepshelves/.build/S5SignedDerivedData/ModuleCache.noindex -Xfrontend -serialize-debugging-options -swift-version 6 -I /Users/justinhou/Development/deepshelves/.build/S5SignedDerivedData/Build/Products/Release -Isystem /Applications/Xcode.app/Contents/Developer/Platforms/MacOSX.platform/Developer/usr/lib -F /Users/justinhou/Development/deepshelves/.build/S5SignedDerivedData/Build/Products/Release -F /Applications/Xcode.app/Contents/Developer/Platforms/MacOSX.platform/Developer/Library/Frameworks -c -num-threads 12 -Xcc -ivfsstatcache -Xcc /Users/justinhou/Development/deepshelves/.build/S5SignedDerivedData/SDKStatCaches.noindex/macosx26.5-25F70-e082c4a02f00227109f4ed75e425c832.sdkstatcache -output-file-map /Users/justinhou/Development/deepshelves/.build/S5SignedDerivedData/Build/Intermediates.noindex/MemoryDesignSystem.build/Release/MemoryDesignSystem.build/Objects-normal/x86_64/MemoryDesignSystem-OutputFileMap.json -use-frontend-parseable-output -save-temps -no-color-diagnostics -explicit-module-build -module-cache-path /Users/justinhou/Development/deepshelves/.build/S5SignedDerivedData/Build/Intermediates.noindex/SwiftExplicitPrecompiledModules -clang-scanner-module-cache-path /Users/justinhou/Development/deepshelves/.build/S5SignedDerivedData/ModuleCache.noindex -sdk-module-cache-path /Users/justinhou/Development/deepshelves/.build/S5SignedDerivedData/ModuleCache.noindex -serialize-diagnostics -emit-dependencies -emit-module -emit-module-path /Users/justinhou/Development/deepshelves/.build/S5SignedDerivedData/Build/Intermediates.noindex/MemoryDesignSystem.build/Release/MemoryDesignSystem.build/Objects-normal/x86_64/MemoryDesignSystem.swiftmodule -validate-clang-modules-once -clang-build-session-file /Users/justinhou/Development/deepshelves/.build/S5SignedDerivedData/ModuleCache.noindex/Session.modulevalidation -package-name memorydesignsystem -Xcc -I/Users/justinhou/Development/deepshelves/.build/S5SignedDerivedData/Build/Intermediates.noindex/MemoryDesignSystem.build/Release/MemoryDesignSystem.build/swift-overrides.hmap -emit-const-values -Xfrontend -const-gather-protocols-file -Xfrontend /Users/justinhou/Development/deepshelves/.build/S5SignedDerivedData/Build/Intermediates.noindex/MemoryDesignSystem.build/Release/MemoryDesignSystem.build/Objects-normal/x86_64/MemoryDesignSystem_const_extract_protocols.json -Xcc -I/Users/justinhou/Development/deepshelves/.build/S5SignedDerivedData/Build/Products/Release/include -Xcc -I/Users/justinhou/Development/deepshelves/.build/S5SignedDerivedData/Build/Intermediates.noindex/MemoryDesignSystem.build/Release/MemoryDesignSystem.build/DerivedSources-normal/x86_64 -Xcc -I/Users/justinhou/Development/deepshelves/.build/S5SignedDerivedData/Build/Intermediates.noindex/MemoryDesignSystem.build/Release/MemoryDesignSystem.build/DerivedSources/x86_64 -Xcc -I/Users/justinhou/Development/deepshelves/.build/S5SignedDerivedData/Build/Intermediates.noindex/MemoryDesignSystem.build/Release/MemoryDesignSystem.build/DerivedSources -Xcc -DSWIFT_PACKAGE -emit-objc-header -emit-objc-header-path /Users/justinhou/Development/deepshelves/.build/S5SignedDerivedData/Build/Intermediates.noindex/MemoryDesignSystem.build/Release/MemoryDesignSystem.build/Objects-normal/x86_64/MemoryDesignSystem-Swift.h -working-directory /Users/justinhou/Development/deepshelves/LocalMemory.xcodeproj -no-emit-module-separately-wmo

Copy /Users/justinhou/Development/deepshelves/.build/S5SignedDerivedData/Build/Products/Release/MemoryDesignSystem.swiftmodule/x86_64-apple-macos.abi.json /Users/justinhou/Development/deepshelves/.build/S5SignedDerivedData/Build/Intermediates.noindex/MemoryDesignSystem.build/Release/MemoryDesignSystem.build/Objects-normal/x86_64/MemoryDesignSystem.abi.json (in target 'MemoryDesignSystem' from project 'MemoryDesignSystem')
    cd /Users/justinhou/Development/deepshelves/Packages/MemoryDesignSystem
    builtin-copy -exclude .DS_Store -exclude CVS -exclude .svn -exclude .git -exclude .hg -strip-unsigned-binaries -strip-deterministic -strip-tool /Applications/Xcode.app/Contents/Developer/Toolchains/XcodeDefault.xctoolchain/usr/bin/strip -resolve-src-symlinks -rename /Users/justinhou/Development/deepshelves/.build/S5SignedDerivedData/Build/Intermediates.noindex/MemoryDesignSystem.build/Release/MemoryDesignSystem.build/Objects-normal/x86_64/MemoryDesignSystem.abi.json /Users/justinhou/Development/deepshelves/.build/S5SignedDerivedData/Build/Products/Release/MemoryDesignSystem.swiftmodule/x86_64-apple-macos.abi.json

Copy /Users/justinhou/Development/deepshelves/.build/S5SignedDerivedData/Build/Products/Release/MemoryDesignSystem.swiftmodule/x86_64-apple-macos.swiftmodule /Users/justinhou/Development/deepshelves/.build/S5SignedDerivedData/Build/Intermediates.noindex/MemoryDesignSystem.build/Release/MemoryDesignSystem.build/Objects-normal/x86_64/MemoryDesignSystem.swiftmodule (in target 'MemoryDesignSystem' from project 'MemoryDesignSystem')
    cd /Users/justinhou/Development/deepshelves/Packages/MemoryDesignSystem
    builtin-copy -exclude .DS_Store -exclude CVS -exclude .svn -exclude .git -exclude .hg -strip-unsigned-binaries -strip-deterministic -strip-tool /Applications/Xcode.app/Contents/Developer/Toolchains/XcodeDefault.xctoolchain/usr/bin/strip -resolve-src-symlinks -rename /Users/justinhou/Development/deepshelves/.build/S5SignedDerivedData/Build/Intermediates.noindex/MemoryDesignSystem.build/Release/MemoryDesignSystem.build/Objects-normal/x86_64/MemoryDesignSystem.swiftmodule /Users/justinhou/Development/deepshelves/.build/S5SignedDerivedData/Build/Products/Release/MemoryDesignSystem.swiftmodule/x86_64-apple-macos.swiftmodule

Copy /Users/justinhou/Development/deepshelves/.build/S5SignedDerivedData/Build/Products/Release/MemoryDesignSystem.swiftmodule/Project/x86_64-apple-macos.swiftsourceinfo /Users/justinhou/Development/deepshelves/.build/S5SignedDerivedData/Build/Intermediates.noindex/MemoryDesignSystem.build/Release/MemoryDesignSystem.build/Objects-normal/x86_64/MemoryDesignSystem.swiftsourceinfo (in target 'MemoryDesignSystem' from project 'MemoryDesignSystem')
    cd /Users/justinhou/Development/deepshelves/Packages/MemoryDesignSystem
    builtin-copy -exclude .DS_Store -exclude CVS -exclude .svn -exclude .git -exclude .hg -strip-unsigned-binaries -strip-deterministic -strip-tool /Applications/Xcode.app/Contents/Developer/Toolchains/XcodeDefault.xctoolchain/usr/bin/strip -resolve-src-symlinks -rename /Users/justinhou/Development/deepshelves/.build/S5SignedDerivedData/Build/Intermediates.noindex/MemoryDesignSystem.build/Release/MemoryDesignSystem.build/Objects-normal/x86_64/MemoryDesignSystem.swiftsourceinfo /Users/justinhou/Development/deepshelves/.build/S5SignedDerivedData/Build/Products/Release/MemoryDesignSystem.swiftmodule/Project/x86_64-apple-macos.swiftsourceinfo

Ld /Users/justinhou/Development/deepshelves/.build/S5SignedDerivedData/Build/Intermediates.noindex/MemoryDesignSystem.build/Release/MemoryDesignSystem.build/Objects-normal/x86_64/Binary/MemoryDesignSystem.o normal x86_64 (in target 'MemoryDesignSystem' from project 'MemoryDesignSystem')
    cd /Users/justinhou/Development/deepshelves/Packages/MemoryDesignSystem
    /Applications/Xcode.app/Contents/Developer/Toolchains/XcodeDefault.xctoolchain/usr/bin/clang -Xlinker -reproducible -target x86_64-apple-macos15.0 -r -isysroot /Applications/Xcode.app/Contents/Developer/Platforms/MacOSX.platform/Developer/SDKs/MacOSX26.5.sdk -Os -F/Users/justinhou/Development/deepshelves/.build/S5SignedDerivedData/Build/Intermediates.noindex/EagerLinkingTBDs/Release -F/Users/justinhou/Development/deepshelves/.build/S5SignedDerivedData/Build/Products/Release -iframework /Applications/Xcode.app/Contents/Developer/Platforms/MacOSX.platform/Developer/Library/Frameworks -filelist /Users/justinhou/Development/deepshelves/.build/S5SignedDerivedData/Build/Intermediates.noindex/MemoryDesignSystem.build/Release/MemoryDesignSystem.build/Objects-normal/x86_64/MemoryDesignSystem.LinkFileList -nostdlib -Xlinker -object_path_lto -Xlinker /Users/justinhou/Development/deepshelves/.build/S5SignedDerivedData/Build/Intermediates.noindex/MemoryDesignSystem.build/Release/MemoryDesignSystem.build/Objects-normal/x86_64/MemoryDesignSystem_lto.o -Xlinker -dependency_info -Xlinker /Users/justinhou/Development/deepshelves/.build/S5SignedDerivedData/Build/Intermediates.noindex/MemoryDesignSystem.build/Release/MemoryDesignSystem.build/Objects-normal/x86_64/MemoryDesignSystem_dependency_info.dat -fobjc-link-runtime -L/Applications/Xcode.app/Contents/Developer/Toolchains/XcodeDefault.xctoolchain/usr/lib/swift/macosx -L/usr/lib/swift -Xlinker -add_ast_path -Xlinker /Users/justinhou/Development/deepshelves/.build/S5SignedDerivedData/Build/Intermediates.noindex/MemoryDesignSystem.build/Release/MemoryDesignSystem.build/Objects-normal/x86_64/MemoryDesignSystem.swiftmodule @/Users/justinhou/Development/deepshelves/.build/S5SignedDerivedData/Build/Intermediates.noindex/MemoryDesignSystem.build/Release/MemoryDesignSystem.build/Objects-normal/x86_64/MemoryDesignSystem-linker-args.resp -o /Users/justinhou/Development/deepshelves/.build/S5SignedDerivedData/Build/Intermediates.noindex/MemoryDesignSystem.build/Release/MemoryDesignSystem.build/Objects-normal/x86_64/Binary/MemoryDesignSystem.o

Ld /Users/justinhou/Development/deepshelves/.build/S5SignedDerivedData/Build/Intermediates.noindex/MemoryDesignSystem.build/Release/MemoryDesignSystem.build/Objects-normal/arm64/Binary/MemoryDesignSystem.o normal arm64 (in target 'MemoryDesignSystem' from project 'MemoryDesignSystem')
    cd /Users/justinhou/Development/deepshelves/Packages/MemoryDesignSystem
    /Applications/Xcode.app/Contents/Developer/Toolchains/XcodeDefault.xctoolchain/usr/bin/clang -Xlinker -reproducible -target arm64-apple-macos15.0 -r -isysroot /Applications/Xcode.app/Contents/Developer/Platforms/MacOSX.platform/Developer/SDKs/MacOSX26.5.sdk -Os -F/Users/justinhou/Development/deepshelves/.build/S5SignedDerivedData/Build/Intermediates.noindex/EagerLinkingTBDs/Release -F/Users/justinhou/Development/deepshelves/.build/S5SignedDerivedData/Build/Products/Release -iframework /Applications/Xcode.app/Contents/Developer/Platforms/MacOSX.platform/Developer/Library/Frameworks -filelist /Users/justinhou/Development/deepshelves/.build/S5SignedDerivedData/Build/Intermediates.noindex/MemoryDesignSystem.build/Release/MemoryDesignSystem.build/Objects-normal/arm64/MemoryDesignSystem.LinkFileList -nostdlib -Xlinker -object_path_lto -Xlinker /Users/justinhou/Development/deepshelves/.build/S5SignedDerivedData/Build/Intermediates.noindex/MemoryDesignSystem.build/Release/MemoryDesignSystem.build/Objects-normal/arm64/MemoryDesignSystem_lto.o -Xlinker -dependency_info -Xlinker /Users/justinhou/Development/deepshelves/.build/S5SignedDerivedData/Build/Intermediates.noindex/MemoryDesignSystem.build/Release/MemoryDesignSystem.build/Objects-normal/arm64/MemoryDesignSystem_dependency_info.dat -fobjc-link-runtime -L/Applications/Xcode.app/Contents/Developer/Toolchains/XcodeDefault.xctoolchain/usr/lib/swift/macosx -L/usr/lib/swift -Xlinker -add_ast_path -Xlinker /Users/justinhou/Development/deepshelves/.build/S5SignedDerivedData/Build/Intermediates.noindex/MemoryDesignSystem.build/Release/MemoryDesignSystem.build/Objects-normal/arm64/MemoryDesignSystem.swiftmodule @/Users/justinhou/Development/deepshelves/.build/S5SignedDerivedData/Build/Intermediates.noindex/MemoryDesignSystem.build/Release/MemoryDesignSystem.build/Objects-normal/arm64/MemoryDesignSystem-linker-args.resp -o /Users/justinhou/Development/deepshelves/.build/S5SignedDerivedData/Build/Intermediates.noindex/MemoryDesignSystem.build/Release/MemoryDesignSystem.build/Objects-normal/arm64/Binary/MemoryDesignSystem.o

CreateUniversalBinary /Users/justinhou/Development/deepshelves/.build/S5SignedDerivedData/Build/Products/Release/MemoryDesignSystem.o normal arm64\ x86_64 (in target 'MemoryDesignSystem' from project 'MemoryDesignSystem')
    cd /Users/justinhou/Development/deepshelves/Packages/MemoryDesignSystem
    /Applications/Xcode.app/Contents/Developer/Toolchains/XcodeDefault.xctoolchain/usr/bin/lipo -create /Users/justinhou/Development/deepshelves/.build/S5SignedDerivedData/Build/Intermediates.noindex/MemoryDesignSystem.build/Release/MemoryDesignSystem.build/Objects-normal/arm64/Binary/MemoryDesignSystem.o /Users/justinhou/Development/deepshelves/.build/S5SignedDerivedData/Build/Intermediates.noindex/MemoryDesignSystem.build/Release/MemoryDesignSystem.build/Objects-normal/x86_64/Binary/MemoryDesignSystem.o -output /Users/justinhou/Development/deepshelves/.build/S5SignedDerivedData/Build/Products/Release/MemoryDesignSystem.o

ExtractAppIntentsMetadata (in target 'MemoryDesignSystem' from project 'MemoryDesignSystem')
    cd /Users/justinhou/Development/deepshelves/Packages/MemoryDesignSystem
    /Applications/Xcode.app/Contents/Developer/Toolchains/XcodeDefault.xctoolchain/usr/bin/appintentsmetadataprocessor --toolchain-dir /Applications/Xcode.app/Contents/Developer/Toolchains/XcodeDefault.xctoolchain --module-name MemoryDesignSystem --sdk-root /Applications/Xcode.app/Contents/Developer/Platforms/MacOSX.platform/Developer/SDKs/MacOSX26.5.sdk --xcode-version 17F42 --platform-family macOS --deployment-target 15.0 --bundle-identifier memorydesignsystem.MemoryDesignSystem --output /Users/justinhou/Development/deepshelves/.build/S5SignedDerivedData/Build/Products/Release/MemoryDesignSystem.appintents --target-triple arm64-apple-macos15.0 --target-triple x86_64-apple-macos15.0 --binary-file /Users/justinhou/Development/deepshelves/.build/S5SignedDerivedData/Build/Products/Release/MemoryDesignSystem.o --dependency-file /Users/justinhou/Development/deepshelves/.build/S5SignedDerivedData/Build/Intermediates.noindex/MemoryDesignSystem.build/Release/MemoryDesignSystem.build/Objects-normal/arm64/MemoryDesignSystem_dependency_info.dat --dependency-file /Users/justinhou/Development/deepshelves/.build/S5SignedDerivedData/Build/Intermediates.noindex/MemoryDesignSystem.build/Release/MemoryDesignSystem.build/Objects-normal/x86_64/MemoryDesignSystem_dependency_info.dat --stringsdata-file /Users/justinhou/Development/deepshelves/.build/S5SignedDerivedData/Build/Intermediates.noindex/MemoryDesignSystem.build/Release/MemoryDesignSystem.build/Objects-normal/arm64/ExtractedAppShortcutsMetadata.stringsdata --stringsdata-file /Users/justinhou/Development/deepshelves/.build/S5SignedDerivedData/Build/Intermediates.noindex/MemoryDesignSystem.build/Release/MemoryDesignSystem.build/Objects-normal/x86_64/ExtractedAppShortcutsMetadata.stringsdata --source-file-list /Users/justinhou/Development/deepshelves/.build/S5SignedDerivedData/Build/Intermediates.noindex/MemoryDesignSystem.build/Release/MemoryDesignSystem.build/Objects-normal/arm64/MemoryDesignSystem.SwiftFileList --source-file-list /Users/justinhou/Development/deepshelves/.build/S5SignedDerivedData/Build/Intermediates.noindex/MemoryDesignSystem.build/Release/MemoryDesignSystem.build/Objects-normal/x86_64/MemoryDesignSystem.SwiftFileList --metadata-file-list /Users/justinhou/Development/deepshelves/.build/S5SignedDerivedData/Build/Intermediates.noindex/MemoryDesignSystem.build/Release/MemoryDesignSystem.build/MemoryDesignSystem.DependencyMetadataFileList --static-metadata-file-list /Users/justinhou/Development/deepshelves/.build/S5SignedDerivedData/Build/Intermediates.noindex/MemoryDesignSystem.build/Release/MemoryDesignSystem.build/MemoryDesignSystem.DependencyStaticMetadataFileList --swift-const-vals-list /Users/justinhou/Development/deepshelves/.build/S5SignedDerivedData/Build/Intermediates.noindex/MemoryDesignSystem.build/Release/MemoryDesignSystem.build/Objects-normal/arm64/MemoryDesignSystem.SwiftConstValuesFileList --swift-const-vals-list /Users/justinhou/Development/deepshelves/.build/S5SignedDerivedData/Build/Intermediates.noindex/MemoryDesignSystem.build/Release/MemoryDesignSystem.build/Objects-normal/x86_64/MemoryDesignSystem.SwiftConstValuesFileList --force --compile-time-extraction --deployment-aware-processing --validate-assistant-intents --no-app-shortcuts-localization
2026-08-28 00:40:28.551 appintentsmetadataprocessor[41160:23030390] Starting appintentsmetadataprocessor export
2026-08-28 00:40:28.584 appintentsmetadataprocessor[41160:23030390] Extracted no relevant App Intents symbols, skipping writing output

RegisterExecutionPolicyException /Users/justinhou/Development/deepshelves/.build/S5SignedDerivedData/Build/Products/Release/MemoryDesignSystem.o (in target 'MemoryDesignSystem' from project 'MemoryDesignSystem')
    cd /Users/justinhou/Development/deepshelves/Packages/MemoryDesignSystem
    builtin-RegisterExecutionPolicyException /Users/justinhou/Development/deepshelves/.build/S5SignedDerivedData/Build/Products/Release/MemoryDesignSystem.o

WriteAuxiliaryFile /Users/justinhou/Development/deepshelves/.build/S5SignedDerivedData/Build/Intermediates.noindex/MemoryEnrichment.build/Release/MemoryEnrichment.build/Objects-normal/x86_64/MemoryEnrichment.LinkFileList (in target 'MemoryEnrichment' from project 'MemoryEnrichment')
    cd /Users/justinhou/Development/deepshelves/Packages/MemoryEnrichment
    write-file /Users/justinhou/Development/deepshelves/.build/S5SignedDerivedData/Build/Intermediates.noindex/MemoryEnrichment.build/Release/MemoryEnrichment.build/Objects-normal/x86_64/MemoryEnrichment.LinkFileList

SwiftDriver\ Compilation MemoryEnrichment normal arm64 com.apple.xcode.tools.swift.compiler (in target 'MemoryEnrichment' from project 'MemoryEnrichment')
    cd /Users/justinhou/Development/deepshelves/LocalMemory.xcodeproj
    builtin-Swift-Compilation -- /Applications/Xcode.app/Contents/Developer/Toolchains/XcodeDefault.xctoolchain/usr/bin/swiftc -module-name MemoryEnrichment -O -whole-module-optimization @/Users/justinhou/Development/deepshelves/.build/S5SignedDerivedData/Build/Intermediates.noindex/MemoryEnrichment.build/Release/MemoryEnrichment.build/Objects-normal/arm64/MemoryEnrichment.SwiftFileList -DSWIFT_PACKAGE -DSWIFT_MODULE_RESOURCE_BUNDLE_AVAILABLE -DXcode -plugin-path /Applications/Xcode.app/Contents/Developer/Toolchains/XcodeDefault.xctoolchain/usr/lib/swift/host/plugins/testing -enable-experimental-feature DebugDescriptionMacro -sdk /Applications/Xcode.app/Contents/Developer/Platforms/MacOSX.platform/Developer/SDKs/MacOSX26.5.sdk -target arm64-apple-macos15.0 -g -module-cache-path /Users/justinhou/Development/deepshelves/.build/S5SignedDerivedData/ModuleCache.noindex -Xfrontend -serialize-debugging-options -swift-version 6 -I /Users/justinhou/Development/deepshelves/.build/S5SignedDerivedData/Build/Products/Release -Isystem /Applications/Xcode.app/Contents/Developer/Platforms/MacOSX.platform/Developer/usr/lib -F /Users/justinhou/Development/deepshelves/.build/S5SignedDerivedData/Build/Products/Release -F /Applications/Xcode.app/Contents/Developer/Platforms/MacOSX.platform/Developer/Library/Frameworks -c -num-threads 12 -Xcc -ivfsstatcache -Xcc /Users/justinhou/Development/deepshelves/.build/S5SignedDerivedData/SDKStatCaches.noindex/macosx26.5-25F70-e082c4a02f00227109f4ed75e425c832.sdkstatcache -output-file-map /Users/justinhou/Development/deepshelves/.build/S5SignedDerivedData/Build/Intermediates.noindex/MemoryEnrichment.build/Release/MemoryEnrichment.build/Objects-normal/arm64/MemoryEnrichment-OutputFileMap.json -use-frontend-parseable-output -save-temps -no-color-diagnostics -explicit-module-build -module-cache-path /Users/justinhou/Development/deepshelves/.build/S5SignedDerivedData/Build/Intermediates.noindex/SwiftExplicitPrecompiledModules -clang-scanner-module-cache-path /Users/justinhou/Development/deepshelves/.build/S5SignedDerivedData/ModuleCache.noindex -sdk-module-cache-path /Users/justinhou/Development/deepshelves/.build/S5SignedDerivedData/ModuleCache.noindex -serialize-diagnostics -emit-dependencies -emit-module -emit-module-path /Users/justinhou/Development/deepshelves/.build/S5SignedDerivedData/Build/Intermediates.noindex/MemoryEnrichment.build/Release/MemoryEnrichment.build/Objects-normal/arm64/MemoryEnrichment.swiftmodule -validate-clang-modules-once -clang-build-session-file /Users/justinhou/Development/deepshelves/.build/S5SignedDerivedData/ModuleCache.noindex/Session.modulevalidation -package-name memoryenrichment -Xcc -I/Users/justinhou/Development/deepshelves/.build/S5SignedDerivedData/Build/Intermediates.noindex/MemoryEnrichment.build/Release/MemoryEnrichment.build/swift-overrides.hmap -emit-const-values -Xfrontend -const-gather-protocols-file -Xfrontend /Users/justinhou/Development/deepshelves/.build/S5SignedDerivedData/Build/Intermediates.noindex/MemoryEnrichment.build/Release/MemoryEnrichment.build/Objects-normal/arm64/MemoryEnrichment_const_extract_protocols.json -Xcc -I/Users/justinhou/Development/deepshelves/.build/S5SignedDerivedData/Build/Products/Release/include -Xcc -I/Users/justinhou/Development/deepshelves/.build/S5SignedDerivedData/Build/Intermediates.noindex/MemoryEnrichment.build/Release/MemoryEnrichment.build/DerivedSources-normal/arm64 -Xcc -I/Users/justinhou/Development/deepshelves/.build/S5SignedDerivedData/Build/Intermediates.noindex/MemoryEnrichment.build/Release/MemoryEnrichment.build/DerivedSources/arm64 -Xcc -I/Users/justinhou/Development/deepshelves/.build/S5SignedDerivedData/Build/Intermediates.noindex/MemoryEnrichment.build/Release/MemoryEnrichment.build/DerivedSources -Xcc -DSWIFT_PACKAGE -emit-objc-header -emit-objc-header-path /Users/justinhou/Development/deepshelves/.build/S5SignedDerivedData/Build/Intermediates.noindex/MemoryEnrichment.build/Release/MemoryEnrichment.build/Objects-normal/arm64/MemoryEnrichment-Swift.h -working-directory /Users/justinhou/Development/deepshelves/LocalMemory.xcodeproj -no-emit-module-separately-wmo

SwiftDriver\ Compilation MemoryEnrichment normal x86_64 com.apple.xcode.tools.swift.compiler (in target 'MemoryEnrichment' from project 'MemoryEnrichment')
    cd /Users/justinhou/Development/deepshelves/LocalMemory.xcodeproj
    builtin-Swift-Compilation -- /Applications/Xcode.app/Contents/Developer/Toolchains/XcodeDefault.xctoolchain/usr/bin/swiftc -module-name MemoryEnrichment -O -whole-module-optimization @/Users/justinhou/Development/deepshelves/.build/S5SignedDerivedData/Build/Intermediates.noindex/MemoryEnrichment.build/Release/MemoryEnrichment.build/Objects-normal/x86_64/MemoryEnrichment.SwiftFileList -DSWIFT_PACKAGE -DSWIFT_MODULE_RESOURCE_BUNDLE_AVAILABLE -DXcode -plugin-path /Applications/Xcode.app/Contents/Developer/Toolchains/XcodeDefault.xctoolchain/usr/lib/swift/host/plugins/testing -enable-experimental-feature DebugDescriptionMacro -sdk /Applications/Xcode.app/Contents/Developer/Platforms/MacOSX.platform/Developer/SDKs/MacOSX26.5.sdk -target x86_64-apple-macos15.0 -g -module-cache-path /Users/justinhou/Development/deepshelves/.build/S5SignedDerivedData/ModuleCache.noindex -Xfrontend -serialize-debugging-options -swift-version 6 -I /Users/justinhou/Development/deepshelves/.build/S5SignedDerivedData/Build/Products/Release -Isystem /Applications/Xcode.app/Contents/Developer/Platforms/MacOSX.platform/Developer/usr/lib -F /Users/justinhou/Development/deepshelves/.build/S5SignedDerivedData/Build/Products/Release -F /Applications/Xcode.app/Contents/Developer/Platforms/MacOSX.platform/Developer/Library/Frameworks -c -num-threads 12 -Xcc -ivfsstatcache -Xcc /Users/justinhou/Development/deepshelves/.build/S5SignedDerivedData/SDKStatCaches.noindex/macosx26.5-25F70-e082c4a02f00227109f4ed75e425c832.sdkstatcache -output-file-map /Users/justinhou/Development/deepshelves/.build/S5SignedDerivedData/Build/Intermediates.noindex/MemoryEnrichment.build/Release/MemoryEnrichment.build/Objects-normal/x86_64/MemoryEnrichment-OutputFileMap.json -use-frontend-parseable-output -save-temps -no-color-diagnostics -explicit-module-build -module-cache-path /Users/justinhou/Development/deepshelves/.build/S5SignedDerivedData/Build/Intermediates.noindex/SwiftExplicitPrecompiledModules -clang-scanner-module-cache-path /Users/justinhou/Development/deepshelves/.build/S5SignedDerivedData/ModuleCache.noindex -sdk-module-cache-path /Users/justinhou/Development/deepshelves/.build/S5SignedDerivedData/ModuleCache.noindex -serialize-diagnostics -emit-dependencies -emit-module -emit-module-path /Users/justinhou/Development/deepshelves/.build/S5SignedDerivedData/Build/Intermediates.noindex/MemoryEnrichment.build/Release/MemoryEnrichment.build/Objects-normal/x86_64/MemoryEnrichment.swiftmodule -validate-clang-modules-once -clang-build-session-file /Users/justinhou/Development/deepshelves/.build/S5SignedDerivedData/ModuleCache.noindex/Session.modulevalidation -package-name memoryenrichment -Xcc -I/Users/justinhou/Development/deepshelves/.build/S5SignedDerivedData/Build/Intermediates.noindex/MemoryEnrichment.build/Release/MemoryEnrichment.build/swift-overrides.hmap -emit-const-values -Xfrontend -const-gather-protocols-file -Xfrontend /Users/justinhou/Development/deepshelves/.build/S5SignedDerivedData/Build/Intermediates.noindex/MemoryEnrichment.build/Release/MemoryEnrichment.build/Objects-normal/x86_64/MemoryEnrichment_const_extract_protocols.json -Xcc -I/Users/justinhou/Development/deepshelves/.build/S5SignedDerivedData/Build/Products/Release/include -Xcc -I/Users/justinhou/Development/deepshelves/.build/S5SignedDerivedData/Build/Intermediates.noindex/MemoryEnrichment.build/Release/MemoryEnrichment.build/DerivedSources-normal/x86_64 -Xcc -I/Users/justinhou/Development/deepshelves/.build/S5SignedDerivedData/Build/Intermediates.noindex/MemoryEnrichment.build/Release/MemoryEnrichment.build/DerivedSources/x86_64 -Xcc -I/Users/justinhou/Development/deepshelves/.build/S5SignedDerivedData/Build/Intermediates.noindex/MemoryEnrichment.build/Release/MemoryEnrichment.build/DerivedSources -Xcc -DSWIFT_PACKAGE -emit-objc-header -emit-objc-header-path /Users/justinhou/Development/deepshelves/.build/S5SignedDerivedData/Build/Intermediates.noindex/MemoryEnrichment.build/Release/MemoryEnrichment.build/Objects-normal/x86_64/MemoryEnrichment-Swift.h -working-directory /Users/justinhou/Development/deepshelves/LocalMemory.xcodeproj -no-emit-module-separately-wmo

SwiftDriverJobDiscovery normal arm64 Compiling LM008StoreDefaults.swift, MemoryStore.swift, S5CrashRecoveryModel.swift, S5SpikeRunner.swift, SQLCipherSpikeDatabase.swift, SharedKeychainKeyStore.swift (in target 'MemoryStore' from project 'MemoryStore')

SwiftDriver\ Compilation\ Requirements MemoryStore normal arm64 com.apple.xcode.tools.swift.compiler (in target 'MemoryStore' from project 'MemoryStore')
    cd /Users/justinhou/Development/deepshelves/LocalMemory.xcodeproj
    builtin-Swift-Compilation-Requirements -- /Applications/Xcode.app/Contents/Developer/Toolchains/XcodeDefault.xctoolchain/usr/bin/swiftc -module-name MemoryStore -O -whole-module-optimization @/Users/justinhou/Development/deepshelves/.build/S5SignedDerivedData/Build/Intermediates.noindex/MemoryStore.build/Release/MemoryStore.build/Objects-normal/arm64/MemoryStore.SwiftFileList -DSWIFT_PACKAGE -DSWIFT_MODULE_RESOURCE_BUNDLE_UNAVAILABLE -DXcode -plugin-path /Applications/Xcode.app/Contents/Developer/Toolchains/XcodeDefault.xctoolchain/usr/lib/swift/host/plugins/testing -enable-experimental-feature DebugDescriptionMacro -sdk /Applications/Xcode.app/Contents/Developer/Platforms/MacOSX.platform/Developer/SDKs/MacOSX26.5.sdk -target arm64-apple-macos15.0 -g -module-cache-path /Users/justinhou/Development/deepshelves/.build/S5SignedDerivedData/ModuleCache.noindex -Xfrontend -serialize-debugging-options -swift-version 6 -I /Users/justinhou/Development/deepshelves/.build/S5SignedDerivedData/Build/Products/Release -Isystem /Applications/Xcode.app/Contents/Developer/Platforms/MacOSX.platform/Developer/usr/lib -F /Users/justinhou/Development/deepshelves/.build/S5SignedDerivedData/Build/Products/Release/PackageFrameworks -F /Users/justinhou/Development/deepshelves/.build/S5SignedDerivedData/Build/Products/Release/PackageFrameworks -F /Users/justinhou/Development/deepshelves/.build/S5SignedDerivedData/Build/Products/Release -F /Applications/Xcode.app/Contents/Developer/Platforms/MacOSX.platform/Developer/Library/Frameworks -c -num-threads 12 -Xcc -ivfsstatcache -Xcc /Users/justinhou/Development/deepshelves/.build/S5SignedDerivedData/SDKStatCaches.noindex/macosx26.5-25F70-e082c4a02f00227109f4ed75e425c832.sdkstatcache -output-file-map /Users/justinhou/Development/deepshelves/.build/S5SignedDerivedData/Build/Intermediates.noindex/MemoryStore.build/Release/MemoryStore.build/Objects-normal/arm64/MemoryStore-OutputFileMap.json -use-frontend-parseable-output -save-temps -no-color-diagnostics -explicit-module-build -module-cache-path /Users/justinhou/Development/deepshelves/.build/S5SignedDerivedData/Build/Intermediates.noindex/SwiftExplicitPrecompiledModules -clang-scanner-module-cache-path /Users/justinhou/Development/deepshelves/.build/S5SignedDerivedData/ModuleCache.noindex -sdk-module-cache-path /Users/justinhou/Development/deepshelves/.build/S5SignedDerivedData/ModuleCache.noindex -serialize-diagnostics -emit-dependencies -emit-module -emit-module-path /Users/justinhou/Development/deepshelves/.build/S5SignedDerivedData/Build/Intermediates.noindex/MemoryStore.build/Release/MemoryStore.build/Objects-normal/arm64/MemoryStore.swiftmodule -validate-clang-modules-once -clang-build-session-file /Users/justinhou/Development/deepshelves/.build/S5SignedDerivedData/ModuleCache.noindex/Session.modulevalidation -package-name memorystore -Xcc -I/Users/justinhou/Development/deepshelves/.build/S5SignedDerivedData/Build/Intermediates.noindex/MemoryStore.build/Release/MemoryStore.build/swift-overrides.hmap -emit-const-values -Xfrontend -const-gather-protocols-file -Xfrontend /Users/justinhou/Development/deepshelves/.build/S5SignedDerivedData/Build/Intermediates.noindex/MemoryStore.build/Release/MemoryStore.build/Objects-normal/arm64/MemoryStore_const_extract_protocols.json -Xcc -I/Users/justinhou/Development/deepshelves/.build/Dependencies/GRDB.swift-a285e4ca87ec6b3584c97b0ec25fc61fec02de60/Sources/GRDBSQLCipher/include -Xcc -I/Users/justinhou/Development/deepshelves/.build/S5SignedDerivedData/Build/Products/Release/include -Xcc -I/Users/justinhou/Development/deepshelves/.build/S5SignedDerivedData/Build/Intermediates.noindex/MemoryStore.build/Release/MemoryStore.build/DerivedSources-normal/arm64 -Xcc -I/Users/justinhou/Development/deepshelves/.build/S5SignedDerivedData/Build/Intermediates.noindex/MemoryStore.build/Release/MemoryStore.build/DerivedSources/arm64 -Xcc -I/Users/justinhou/Development/deepshelves/.build/S5SignedDerivedData/Build/Intermediates.noindex/MemoryStore.build/Release/MemoryStore.build/DerivedSources -Xcc -DSWIFT_PACKAGE -emit-objc-header -emit-objc-header-path /Users/justinhou/Development/deepshelves/.build/S5SignedDerivedData/Build/Intermediates.noindex/MemoryStore.build/Release/MemoryStore.build/Objects-normal/arm64/MemoryStore-Swift.h -working-directory /Users/justinhou/Development/deepshelves/LocalMemory.xcodeproj -no-emit-module-separately-wmo

SwiftDriver MemoryStore normal x86_64 com.apple.xcode.tools.swift.compiler (in target 'MemoryStore' from project 'MemoryStore')
    cd /Users/justinhou/Development/deepshelves/LocalMemory.xcodeproj
    builtin-SwiftDriver -- /Applications/Xcode.app/Contents/Developer/Toolchains/XcodeDefault.xctoolchain/usr/bin/swiftc -module-name MemoryStore -O -whole-module-optimization @/Users/justinhou/Development/deepshelves/.build/S5SignedDerivedData/Build/Intermediates.noindex/MemoryStore.build/Release/MemoryStore.build/Objects-normal/x86_64/MemoryStore.SwiftFileList -DSWIFT_PACKAGE -DSWIFT_MODULE_RESOURCE_BUNDLE_UNAVAILABLE -DXcode -plugin-path /Applications/Xcode.app/Contents/Developer/Toolchains/XcodeDefault.xctoolchain/usr/lib/swift/host/plugins/testing -enable-experimental-feature DebugDescriptionMacro -sdk /Applications/Xcode.app/Contents/Developer/Platforms/MacOSX.platform/Developer/SDKs/MacOSX26.5.sdk -target x86_64-apple-macos15.0 -g -module-cache-path /Users/justinhou/Development/deepshelves/.build/S5SignedDerivedData/ModuleCache.noindex -Xfrontend -serialize-debugging-options -swift-version 6 -I /Users/justinhou/Development/deepshelves/.build/S5SignedDerivedData/Build/Products/Release -Isystem /Applications/Xcode.app/Contents/Developer/Platforms/MacOSX.platform/Developer/usr/lib -F /Users/justinhou/Development/deepshelves/.build/S5SignedDerivedData/Build/Products/Release/PackageFrameworks -F /Users/justinhou/Development/deepshelves/.build/S5SignedDerivedData/Build/Products/Release/PackageFrameworks -F /Users/justinhou/Development/deepshelves/.build/S5SignedDerivedData/Build/Products/Release -F /Applications/Xcode.app/Contents/Developer/Platforms/MacOSX.platform/Developer/Library/Frameworks -c -num-threads 12 -Xcc -ivfsstatcache -Xcc /Users/justinhou/Development/deepshelves/.build/S5SignedDerivedData/SDKStatCaches.noindex/macosx26.5-25F70-e082c4a02f00227109f4ed75e425c832.sdkstatcache -output-file-map /Users/justinhou/Development/deepshelves/.build/S5SignedDerivedData/Build/Intermediates.noindex/MemoryStore.build/Release/MemoryStore.build/Objects-normal/x86_64/MemoryStore-OutputFileMap.json -use-frontend-parseable-output -save-temps -no-color-diagnostics -explicit-module-build -module-cache-path /Users/justinhou/Development/deepshelves/.build/S5SignedDerivedData/Build/Intermediates.noindex/SwiftExplicitPrecompiledModules -clang-scanner-module-cache-path /Users/justinhou/Development/deepshelves/.build/S5SignedDerivedData/ModuleCache.noindex -sdk-module-cache-path /Users/justinhou/Development/deepshelves/.build/S5SignedDerivedData/ModuleCache.noindex -serialize-diagnostics -emit-dependencies -emit-module -emit-module-path /Users/justinhou/Development/deepshelves/.build/S5SignedDerivedData/Build/Intermediates.noindex/MemoryStore.build/Release/MemoryStore.build/Objects-normal/x86_64/MemoryStore.swiftmodule -validate-clang-modules-once -clang-build-session-file /Users/justinhou/Development/deepshelves/.build/S5SignedDerivedData/ModuleCache.noindex/Session.modulevalidation -package-name memorystore -Xcc -I/Users/justinhou/Development/deepshelves/.build/S5SignedDerivedData/Build/Intermediates.noindex/MemoryStore.build/Release/MemoryStore.build/swift-overrides.hmap -emit-const-values -Xfrontend -const-gather-protocols-file -Xfrontend /Users/justinhou/Development/deepshelves/.build/S5SignedDerivedData/Build/Intermediates.noindex/MemoryStore.build/Release/MemoryStore.build/Objects-normal/x86_64/MemoryStore_const_extract_protocols.json -Xcc -I/Users/justinhou/Development/deepshelves/.build/Dependencies/GRDB.swift-a285e4ca87ec6b3584c97b0ec25fc61fec02de60/Sources/GRDBSQLCipher/include -Xcc -I/Users/justinhou/Development/deepshelves/.build/S5SignedDerivedData/Build/Products/Release/include -Xcc -I/Users/justinhou/Development/deepshelves/.build/S5SignedDerivedData/Build/Intermediates.noindex/MemoryStore.build/Release/MemoryStore.build/DerivedSources-normal/x86_64 -Xcc -I/Users/justinhou/Development/deepshelves/.build/S5SignedDerivedData/Build/Intermediates.noindex/MemoryStore.build/Release/MemoryStore.build/DerivedSources/x86_64 -Xcc -I/Users/justinhou/Development/deepshelves/.build/S5SignedDerivedData/Build/Intermediates.noindex/MemoryStore.build/Release/MemoryStore.build/DerivedSources -Xcc -DSWIFT_PACKAGE -emit-objc-header -emit-objc-header-path /Users/justinhou/Development/deepshelves/.build/S5SignedDerivedData/Build/Intermediates.noindex/MemoryStore.build/Release/MemoryStore.build/Objects-normal/x86_64/MemoryStore-Swift.h -working-directory /Users/justinhou/Development/deepshelves/LocalMemory.xcodeproj -no-emit-module-separately-wmo

SwiftCompile normal x86_64 Compiling\ LM008StoreDefaults.swift,\ MemoryStore.swift,\ S5CrashRecoveryModel.swift,\ S5SpikeRunner.swift,\ SQLCipherSpikeDatabase.swift,\ SharedKeychainKeyStore.swift /Users/justinhou/Development/deepshelves/Packages/MemoryStore/Sources/MemoryStore/LM008StoreDefaults.swift /Users/justinhou/Development/deepshelves/Packages/MemoryStore/Sources/MemoryStore/MemoryStore.swift /Users/justinhou/Development/deepshelves/Packages/MemoryStore/Sources/MemoryStore/S5CrashRecoveryModel.swift /Users/justinhou/Development/deepshelves/Packages/MemoryStore/Sources/MemoryStore/S5SpikeRunner.swift /Users/justinhou/Development/deepshelves/Packages/MemoryStore/Sources/MemoryStore/SQLCipherSpikeDatabase.swift /Users/justinhou/Development/deepshelves/Packages/MemoryStore/Sources/MemoryStore/SharedKeychainKeyStore.swift /Applications/Xcode.app/Contents/Developer/Toolchains/XcodeDefault.xctoolchain/usr/lib/swift/macosx/prebuilt-modules/26.5/AVFAudio.swiftmodule/x86_64-apple-macos.swiftmodule /Applications/Xcode.app/Contents/Developer/Toolchains/XcodeDefault.xctoolchain/usr/lib/swift/macosx/prebuilt-modules/26.5/Observation.swiftmodule/x86_64-apple-macos.swiftmodule /Applications/Xcode.app/Contents/Developer/Toolchains/XcodeDefault.xctoolchain/usr/lib/swift/macosx/prebuilt-modules/26.5/CryptoKit.swiftmodule/x86_64-apple-macos.swiftmodule /Applications/Xcode.app/Contents/Developer/Toolchains/XcodeDefault.xctoolchain/usr/lib/swift/macosx/prebuilt-modules/26.5/CoreMedia.swiftmodule/x86_64-apple-macos.swiftmodule /Applications/Xcode.app/Contents/Developer/Toolchains/XcodeDefault.xctoolchain/usr/lib/swift/macosx/prebuilt-modules/26.5/Foundation.swiftmodule/x86_64-apple-macos.swiftmodule /Users/justinhou/Development/deepshelves/.build/S5SignedDerivedData/Build/Products/Release/GRDB.swiftmodule/x86_64-apple-macos.swiftmodule /Applications/Xcode.app/Contents/Developer/Toolchains/XcodeDefault.xctoolchain/usr/lib/swift/macosx/prebuilt-modules/26.5/CoreImage.swiftmodule/x86_64-apple-macos.swiftmodule /Applications/Xcode.app/Contents/Developer/Toolchains/XcodeDefault.xctoolchain/usr/lib/swift/macosx/prebuilt-modules/26.5/_DarwinFoundation1.swiftmodule/x86_64-apple-macos.swiftmodule /Applications/Xcode.app/Contents/Developer/Toolchains/XcodeDefault.xctoolchain/usr/lib/swift/macosx/prebuilt-modules/26.5/_DarwinFoundation3.swiftmodule/x86_64-apple-macos.swiftmodule /Applications/Xcode.app/Contents/Developer/Toolchains/XcodeDefault.xctoolchain/usr/lib/swift/macosx/prebuilt-modules/26.5/_Builtin_float.swiftmodule/x86_64-apple-macos.swiftmodule /Applications/Xcode.app/Contents/Developer/Toolchains/XcodeDefault.xctoolchain/usr/lib/swift/macosx/prebuilt-modules/26.5/QuartzCore.swiftmodule/x86_64-apple-macos.swiftmodule /Applications/Xcode.app/Contents/Developer/Toolchains/XcodeDefault.xctoolchain/usr/lib/swift/macosx/prebuilt-modules/26.5/XPC.swiftmodule/x86_64-apple-macos.swiftmodule /Applications/Xcode.app/Contents/Developer/Toolchains/XcodeDefault.xctoolchain/usr/lib/swift/macosx/prebuilt-modules/26.5/CoreMIDI.swiftmodule/x86_64-apple-macos.swiftmodule /Applications/Xcode.app/Contents/Developer/Toolchains/XcodeDefault.xctoolchain/usr/lib/swift/macosx/prebuilt-modules/26.5/CoreAudio.swiftmodule/x86_64-apple-macos.swiftmodule /Applications/Xcode.app/Contents/Developer/Toolchains/XcodeDefault.xctoolchain/usr/lib/swift/macosx/prebuilt-modules/26.5/_DarwinFoundation2.swiftmodule/x86_64-apple-macos.swiftmodule /Applications/Xcode.app/Contents/Developer/Toolchains/XcodeDefault.xctoolchain/usr/lib/swift/macosx/prebuilt-modules/26.5/System.swiftmodule/x86_64-apple-macos.swiftmodule /Applications/Xcode.app/Contents/Developer/Toolchains/XcodeDefault.xctoolchain/usr/lib/swift/macosx/prebuilt-modules/26.5/Dispatch.swiftmodule/x86_64-apple-macos.swiftmodule /Applications/Xcode.app/Contents/Developer/Toolchains/XcodeDefault.xctoolchain/usr/lib/swift/macosx/prebuilt-modules/26.5/Metal.swiftmodule/x86_64-apple-macos.swiftmodule /Applications/Xcode.app/Contents/Developer/Toolchains/XcodeDefault.xctoolchain/usr/lib/swift/macosx/prebuilt-modules/26.5/Darwin.swiftmodule/x86_64-apple-macos.swiftmodule /Applications/Xcode.app/Contents/Developer/Toolchains/XcodeDefault.xctoolchain/usr/lib/swift/macosx/prebuilt-modules/26.5/CoreFoundation.swiftmodule/x86_64-apple-macos.swiftmodule /Applications/Xcode.app/Contents/Developer/Toolchains/XcodeDefault.xctoolchain/usr/lib/swift/macosx/prebuilt-modules/26.5/CoreGraphics.swiftmodule/x86_64-apple-macos.swiftmodule /Applications/Xcode.app/Contents/Developer/Toolchains/XcodeDefault.xctoolchain/usr/lib/swift/macosx/prebuilt-modules/26.5/UniformTypeIdentifiers.swiftmodule/x86_64-apple-macos.swiftmodule /Applications/Xcode.app/Contents/Developer/Toolchains/XcodeDefault.xctoolchain/usr/lib/swift/macosx/prebuilt-modules/26.5/Combine.swiftmodule/x86_64-apple-macos.swiftmodule /Applications/Xcode.app/Contents/Developer/Toolchains/XcodeDefault.xctoolchain/usr/lib/swift/macosx/prebuilt-modules/26.5/IOKit.swiftmodule/x86_64-apple-macos.swiftmodule /Applications/Xcode.app/Contents/Developer/Toolchains/XcodeDefault.xctoolchain/usr/lib/swift/macosx/prebuilt-modules/26.5/AudioToolbox.swiftmodule/x86_64-apple-macos.swiftmodule /Applications/Xcode.app/Contents/Developer/Toolchains/XcodeDefault.xctoolchain/usr/lib/swift/macosx/prebuilt-modules/26.5/_StringProcessing.swiftmodule/x86_64-apple-macos.swiftmodule /Applications/Xcode.app/Contents/Developer/Toolchains/XcodeDefault.xctoolchain/usr/lib/swift/macosx/prebuilt-modules/26.5/_Concurrency.swiftmodule/x86_64-apple-macos.swiftmodule /Applications/Xcode.app/Contents/Developer/Toolchains/XcodeDefault.xctoolchain/usr/lib/swift/macosx/prebuilt-modules/26.5/simd.swiftmodule/x86_64-apple-macos.swiftmodule /Applications/Xcode.app/Contents/Developer/Toolchains/XcodeDefault.xctoolchain/usr/lib/swift/macosx/prebuilt-modules/26.5/ObjectiveC.swiftmodule/x86_64-apple-macos.swiftmodule /Applications/Xcode.app/Contents/Developer/Toolchains/XcodeDefault.xctoolchain/usr/lib/swift/macosx/prebuilt-modules/26.5/Swift.swiftmodule/x86_64-apple-macos.swiftmodule /Applications/Xcode.app/Contents/Developer/Toolchains/XcodeDefault.xctoolchain/usr/lib/swift/macosx/prebuilt-modules/26.5/Synchronization.swiftmodule/x86_64-apple-macos.swiftmodule /Applications/Xcode.app/Contents/Developer/Toolchains/XcodeDefault.xctoolchain/usr/lib/swift/macosx/prebuilt-modules/26.5/CoreText.swiftmodule/x86_64-apple-macos.swiftmodule /Applications/Xcode.app/Contents/Developer/Toolchains/XcodeDefault.xctoolchain/usr/lib/swift/macosx/prebuilt-modules/26.5/AVFoundation.swiftmodule/x86_64-apple-macos.swiftmodule /Applications/Xcode.app/Contents/Developer/Toolchains/XcodeDefault.xctoolchain/usr/lib/swift/macosx/prebuilt-modules/26.5/LocalAuthentication.swiftmodule/x86_64-apple-macos.swiftmodule /Applications/Xcode.app/Contents/Developer/Toolchains/XcodeDefault.xctoolchain/usr/lib/swift/macosx/prebuilt-modules/26.5/CoreVideo.swiftmodule/x86_64-apple-macos.swiftmodule /Users/justinhou/Development/deepshelves/.build/S5SignedDerivedData/ModuleCache.noindex/ptrauth-54CCX4SAQNPOCS158PLQXIS5P.pcm /Users/justinhou/Development/deepshelves/.build/S5SignedDerivedData/ModuleCache.noindex/AVFAudio-14EZ4QM6GP25Y0CG1H6WFVXWH.pcm /Users/justinhou/Development/deepshelves/.build/S5SignedDerivedData/ModuleCache.noindex/simd-CGDKBKI3W1BZ0LLRKFTESTK2G.pcm /Users/justinhou/Development/deepshelves/.build/S5SignedDerivedData/ModuleCache.noindex/string_h-8A9YZ5KWVJL19HXE3F8CG6P2N.pcm /Users/justinhou/Development/deepshelves/.build/S5SignedDerivedData/ModuleCache.noindex/_Builtin_tgmath-D8E7J6R5RUUAEA085BD22F74J.pcm /Users/justinhou/Development/deepshelves/.build/S5SignedDerivedData/ModuleCache.noindex/Carbon-4M09BUH6ZAKR1RX9ACC975REF.pcm /Users/justinhou/Development/deepshelves/.build/S5SignedDerivedData/ModuleCache.noindex/_DarwinFoundation1-9VOSZ1LOV68GQJQ4MXDZRFVPM.pcm /Users/justinhou/Development/deepshelves/.build/S5SignedDerivedData/ModuleCache.noindex/AVFoundation-4SFXSB9GWY8GLCTXHDF2MYY5Y.pcm /Users/justinhou/Development/deepshelves/.build/S5SignedDerivedData/ModuleCache.noindex/_Builtin_limits-6H21UDBPJ8F4BKW8EIWZ33K23.pcm /Users/justinhou/Development/deepshelves/.build/S5SignedDerivedData/ModuleCache.noindex/_Builtin_intrinsics-BLUAQE7JSU3I7IRZGA8IE5BMW.pcm /Users/justinhou/Development/deepshelves/.build/S5SignedDerivedData/ModuleCache.noindex/OpenGL-DTX6ZUFN5ISYIIAWRVNNLK4WS.pcm /Users/justinhou/Development/deepshelves/.build/S5SignedDerivedData/ModuleCache.noindex/CoreMIDI-7ZYSO06FGNJAJZV6GXS6NQX98.pcm /Users/justinhou/Development/deepshelves/.build/S5SignedDerivedData/ModuleCache.noindex/launch-5JMKNU2K8E1E9WZE080BPY32O.pcm /Users/justinhou/Development/deepshelves/.build/S5SignedDerivedData/ModuleCache.noindex/CoreAudioTypes-6LV4EA4IRU612BVFSU4JZLPZ8.pcm /Users/justinhou/Development/deepshelves/.build/S5SignedDerivedData/ModuleCache.noindex/libDER-7JI29EHCP9REOMZ3TEHNMUON3.pcm /Users/justinhou/Development/deepshelves/.build/S5SignedDerivedData/ModuleCache.noindex/UniformTypeIdentifiers-EUE34MI8RVXR91V52CI9ELDYQ.pcm /Users/justinhou/Development/deepshelves/.build/S5SignedDerivedData/ModuleCache.noindex/IOSurface-99I5HJ2MIGZ75BI9O6716XV3S.pcm /Users/justinhou/Development/deepshelves/.build/S5SignedDerivedData/ModuleCache.noindex/CFNetwork-J0VEV06BLWWC88ZBQF1XKISI.pcm /Users/justinhou/Development/deepshelves/.build/S5SignedDerivedData/ModuleCache.noindex/ApplicationServices-7H1YTX5MKL12RYRIEOQ7EHD4W.pcm /Users/justinhou/Development/deepshelves/.build/S5SignedDerivedData/Build/Intermediates.noindex/SwiftExplicitPrecompiledModules/SQLCipher-5V694UUO9HFWA3AX0YH5MMG2A.pcm /Users/justinhou/Development/deepshelves/.build/S5SignedDerivedData/ModuleCache.noindex/os_object-C8LUVATG7UNYQ1VK1VXC1X5UJ.pcm /Users/justinhou/Development/deepshelves/.build/S5SignedDerivedData/ModuleCache.noindex/QuartzCore-9J2QIQ05T0PVIUTS33ULCJMF2.pcm /Users/justinhou/Development/deepshelves/.build/S5SignedDerivedData/ModuleCache.noindex/Metal-2ON7JRGI6G86X7RNDU9Q3LEJV.pcm /Users/justinhou/Development/deepshelves/.build/S5SignedDerivedData/ModuleCache.noindex/_AvailabilityInternal-9DOALYE57UIERGEX12LMAPGD7.pcm /Users/justinhou/Development/deepshelves/.build/S5SignedDerivedData/ModuleCache.noindex/CoreAudio-373C1NC3194HSWGDCXEW3Q3W9.pcm /Users/justinhou/Development/deepshelves/.build/S5SignedDerivedData/ModuleCache.noindex/ptrcheck-D5LGC563Y4Z6KFAUZKA25TCGX.pcm /Users/justinhou/Development/deepshelves/.build/S5SignedDerivedData/ModuleCache.noindex/_Builtin_stdarg-7IJRTVJNT9HUHTJHZ4RW1QMOF.pcm /Users/justinhou/Development/deepshelves/.build/S5SignedDerivedData/ModuleCache.noindex/CoreServices-96XYE2E6AWS2VDB3YA9UTG40H.pcm /Users/justinhou/Development/deepshelves/.build/S5SignedDerivedData/ModuleCache.noindex/Foundation-57FJRLB7DSMMWY8KOWXIXULJ7.pcm /Users/justinhou/Development/deepshelves/.build/S5SignedDerivedData/ModuleCache.noindex/_DarwinFoundation3-AVU10BU9WDYH2VZ7UG53JS0EJ.pcm /Users/justinhou/Development/deepshelves/.build/S5SignedDerivedData/ModuleCache.noindex/CoreFoundation-CZD0DZM63V821ESTHGE2I34YB.pcm /Users/justinhou/Development/deepshelves/.build/S5SignedDerivedData/ModuleCache.noindex/_DarwinFoundation2-5PEE0XCE5A0WETMY431ZO6GLV.pcm /Users/justinhou/Development/deepshelves/.build/S5SignedDerivedData/ModuleCache.noindex/ImageIO-DXRDHMJL1D373062GN4R7P3X0.pcm /Users/justinhou/Development/deepshelves/.build/S5SignedDerivedData/ModuleCache.noindex/_SwiftConcurrencyShims-6YJXLDNL23LY21DKY96QH1OCO.pcm /Users/justinhou/Development/deepshelves/.build/S5SignedDerivedData/ModuleCache.noindex/AudioToolbox-2R0DY8QVX1FWMCBOV1L5OZQD1.pcm /Users/justinhou/Development/deepshelves/.build/S5SignedDerivedData/ModuleCache.noindex/_Builtin_stdbool-7QJ2C3J1TMF42PP2I1HTKCYJ0.pcm /Users/justinhou/Development/deepshelves/.build/S5SignedDerivedData/ModuleCache.noindex/DiskArbitration-8A1MY67JF0FDKT5XFVREFL9QR.pcm /Users/justinhou/Development/deepshelves/.build/S5SignedDerivedData/ModuleCache.noindex/_Builtin_float-55B7ET49MXH27JBWM7ZKTA4WV.pcm /Users/justinhou/Development/deepshelves/.build/S5SignedDerivedData/ModuleCache.noindex/CoreImage-EHI3RL43TX30412M9838BU0KR.pcm /Users/justinhou/Development/deepshelves/.build/S5SignedDerivedData/ModuleCache.noindex/Darwin-DDHQ3Z4Q2KOQNKKNUGAZ1PB0R.pcm /Users/justinhou/Development/deepshelves/.build/S5SignedDerivedData/ModuleCache.noindex/_Builtin_stddef-517BSIEM7WLL19CW6GUZZLFP1.pcm /Users/justinhou/Development/deepshelves/.build/S5SignedDerivedData/ModuleCache.noindex/XPC-24MGJ5S6FMMCXN8UY872SWG3R.pcm /Users/justinhou/Development/deepshelves/.build/S5SignedDerivedData/ModuleCache.noindex/CoreGraphics-A24DQCM9PJT6LDLXX0TO1YVAR.pcm /Users/justinhou/Development/deepshelves/.build/S5SignedDerivedData/ModuleCache.noindex/_Builtin_stdint-AAHCY6BENO4IY1WX4I4KZ6CVV.pcm /Users/justinhou/Development/deepshelves/.build/S5SignedDerivedData/ModuleCache.noindex/IOKit-4N8T5OCE96VEMNAPC3035DY4A.pcm /Users/justinhou/Development/deepshelves/.build/S5SignedDerivedData/ModuleCache.noindex/Dispatch-2Q3AE0N8BCN7ZX4DUFJHIRCAP.pcm /Users/justinhou/Development/deepshelves/.build/S5SignedDerivedData/ModuleCache.noindex/ColorSync-DCYU8HXNHSYMNHRAUY0DQ1JX1.pcm /Users/justinhou/Development/deepshelves/.build/S5SignedDerivedData/ModuleCache.noindex/sys_types-BE7SWQQYXI3H7H1AZLRSP6HYA.pcm /Users/justinhou/Development/deepshelves/.build/S5SignedDerivedData/ModuleCache.noindex/libkern-AGA8I6ZIL9GJYGSE8TP68MH6Y.pcm /Users/justinhou/Development/deepshelves/.build/S5SignedDerivedData/ModuleCache.noindex/os_workgroup-6ALCSO78CC0K0SUK4N7N82R9J.pcm /Users/justinhou/Development/deepshelves/.build/S5SignedDerivedData/ModuleCache.noindex/Security-80AJ4R1WEHHMHNC7FP7WZ3KWT.pcm /Users/justinhou/Development/deepshelves/.build/S5SignedDerivedData/ModuleCache.noindex/CoreText-CO1AUAQK3MFKUZKVMM22NCSI6.pcm /Users/justinhou/Development/deepshelves/.build/S5SignedDerivedData/ModuleCache.noindex/MachO-F53SQJ6IHJIXRQ3AK7BI7QZW.pcm /Users/justinhou/Development/deepshelves/.build/S5SignedDerivedData/ModuleCache.noindex/SwiftShims-ELT7DMJ15MFQ4M0MI8AP1A1UB.pcm /Users/justinhou/Development/deepshelves/.build/S5SignedDerivedData/ModuleCache.noindex/CoreVideo-82N6X01H6CA34R0AQKRN9O2P5.pcm /Users/justinhou/Development/deepshelves/.build/S5SignedDerivedData/ModuleCache.noindex/_Builtin_inttypes-E3FNE9LTBVAOBBIW536FO1HP0.pcm /Users/justinhou/Development/deepshelves/.build/S5SignedDerivedData/ModuleCache.noindex/LocalAuthentication-5RPLGZH7P7FW2C03BXFAG6Q6Y.pcm /Users/justinhou/Development/deepshelves/.build/S5SignedDerivedData/Build/Intermediates.noindex/SwiftExplicitPrecompiledModules/GRDBSQLCipher-3LL0FY30Z0ATZ4C9WRGGJPI8F.pcm /Users/justinhou/Development/deepshelves/.build/S5SignedDerivedData/ModuleCache.noindex/MediaToolbox-A9IBKZ5T4SX9U99L3V2OQV5LC.pcm /Users/justinhou/Development/deepshelves/.build/S5SignedDerivedData/ModuleCache.noindex/CUPS-8X0GPR0CKMM46EZ3YAO8AKBOD.pcm /Users/justinhou/Development/deepshelves/.build/S5SignedDerivedData/ModuleCache.noindex/CoreMedia-BZTEBBYIY8W94YDX13JLGMGMG.pcm /Users/justinhou/Development/deepshelves/.build/S5SignedDerivedData/ModuleCache.noindex/ObjectiveC-BX8ZQRCAH70GGJDOA3XZMZ99D.pcm /Users/justinhou/Development/deepshelves/.build/S5SignedDerivedData/Build/Intermediates.noindex/MemoryStore.build/Release/MemoryStore.build/Objects-normal/x86_64/MemoryStore-dependencies-2.json (in target 'MemoryStore' from project 'MemoryStore')

CompileSwift normal x86_64 (in target 'MemoryStore' from project 'MemoryStore')
    cd /Users/justinhou/Development/deepshelves/LocalMemory.xcodeproj


SwiftDriverJobDiscovery normal x86_64 Compiling LM008StoreDefaults.swift, MemoryStore.swift, S5CrashRecoveryModel.swift, S5SpikeRunner.swift, SQLCipherSpikeDatabase.swift, SharedKeychainKeyStore.swift (in target 'MemoryStore' from project 'MemoryStore')

SwiftDriver\ Compilation\ Requirements MemoryStore normal x86_64 com.apple.xcode.tools.swift.compiler (in target 'MemoryStore' from project 'MemoryStore')
    cd /Users/justinhou/Development/deepshelves/LocalMemory.xcodeproj
    builtin-Swift-Compilation-Requirements -- /Applications/Xcode.app/Contents/Developer/Toolchains/XcodeDefault.xctoolchain/usr/bin/swiftc -module-name MemoryStore -O -whole-module-optimization @/Users/justinhou/Development/deepshelves/.build/S5SignedDerivedData/Build/Intermediates.noindex/MemoryStore.build/Release/MemoryStore.build/Objects-normal/x86_64/MemoryStore.SwiftFileList -DSWIFT_PACKAGE -DSWIFT_MODULE_RESOURCE_BUNDLE_UNAVAILABLE -DXcode -plugin-path /Applications/Xcode.app/Contents/Developer/Toolchains/XcodeDefault.xctoolchain/usr/lib/swift/host/plugins/testing -enable-experimental-feature DebugDescriptionMacro -sdk /Applications/Xcode.app/Contents/Developer/Platforms/MacOSX.platform/Developer/SDKs/MacOSX26.5.sdk -target x86_64-apple-macos15.0 -g -module-cache-path /Users/justinhou/Development/deepshelves/.build/S5SignedDerivedData/ModuleCache.noindex -Xfrontend -serialize-debugging-options -swift-version 6 -I /Users/justinhou/Development/deepshelves/.build/S5SignedDerivedData/Build/Products/Release -Isystem /Applications/Xcode.app/Contents/Developer/Platforms/MacOSX.platform/Developer/usr/lib -F /Users/justinhou/Development/deepshelves/.build/S5SignedDerivedData/Build/Products/Release/PackageFrameworks -F /Users/justinhou/Development/deepshelves/.build/S5SignedDerivedData/Build/Products/Release/PackageFrameworks -F /Users/justinhou/Development/deepshelves/.build/S5SignedDerivedData/Build/Products/Release -F /Applications/Xcode.app/Contents/Developer/Platforms/MacOSX.platform/Developer/Library/Frameworks -c -num-threads 12 -Xcc -ivfsstatcache -Xcc /Users/justinhou/Development/deepshelves/.build/S5SignedDerivedData/SDKStatCaches.noindex/macosx26.5-25F70-e082c4a02f00227109f4ed75e425c832.sdkstatcache -output-file-map /Users/justinhou/Development/deepshelves/.build/S5SignedDerivedData/Build/Intermediates.noindex/MemoryStore.build/Release/MemoryStore.build/Objects-normal/x86_64/MemoryStore-OutputFileMap.json -use-frontend-parseable-output -save-temps -no-color-diagnostics -explicit-module-build -module-cache-path /Users/justinhou/Development/deepshelves/.build/S5SignedDerivedData/Build/Intermediates.noindex/SwiftExplicitPrecompiledModules -clang-scanner-module-cache-path /Users/justinhou/Development/deepshelves/.build/S5SignedDerivedData/ModuleCache.noindex -sdk-module-cache-path /Users/justinhou/Development/deepshelves/.build/S5SignedDerivedData/ModuleCache.noindex -serialize-diagnostics -emit-dependencies -emit-module -emit-module-path /Users/justinhou/Development/deepshelves/.build/S5SignedDerivedData/Build/Intermediates.noindex/MemoryStore.build/Release/MemoryStore.build/Objects-normal/x86_64/MemoryStore.swiftmodule -validate-clang-modules-once -clang-build-session-file /Users/justinhou/Development/deepshelves/.build/S5SignedDerivedData/ModuleCache.noindex/Session.modulevalidation -package-name memorystore -Xcc -I/Users/justinhou/Development/deepshelves/.build/S5SignedDerivedData/Build/Intermediates.noindex/MemoryStore.build/Release/MemoryStore.build/swift-overrides.hmap -emit-const-values -Xfrontend -const-gather-protocols-file -Xfrontend /Users/justinhou/Development/deepshelves/.build/S5SignedDerivedData/Build/Intermediates.noindex/MemoryStore.build/Release/MemoryStore.build/Objects-normal/x86_64/MemoryStore_const_extract_protocols.json -Xcc -I/Users/justinhou/Development/deepshelves/.build/Dependencies/GRDB.swift-a285e4ca87ec6b3584c97b0ec25fc61fec02de60/Sources/GRDBSQLCipher/include -Xcc -I/Users/justinhou/Development/deepshelves/.build/S5SignedDerivedData/Build/Products/Release/include -Xcc -I/Users/justinhou/Development/deepshelves/.build/S5SignedDerivedData/Build/Intermediates.noindex/MemoryStore.build/Release/MemoryStore.build/DerivedSources-normal/x86_64 -Xcc -I/Users/justinhou/Development/deepshelves/.build/S5SignedDerivedData/Build/Intermediates.noindex/MemoryStore.build/Release/MemoryStore.build/DerivedSources/x86_64 -Xcc -I/Users/justinhou/Development/deepshelves/.build/S5SignedDerivedData/Build/Intermediates.noindex/MemoryStore.build/Release/MemoryStore.build/DerivedSources -Xcc -DSWIFT_PACKAGE -emit-objc-header -emit-objc-header-path /Users/justinhou/Development/deepshelves/.build/S5SignedDerivedData/Build/Intermediates.noindex/MemoryStore.build/Release/MemoryStore.build/Objects-normal/x86_64/MemoryStore-Swift.h -working-directory /Users/justinhou/Development/deepshelves/LocalMemory.xcodeproj -no-emit-module-separately-wmo

Ld /Users/justinhou/Development/deepshelves/.build/S5SignedDerivedData/Build/Intermediates.noindex/MemoryStore.build/Release/MemoryStore.build/Objects-normal/arm64/Binary/MemoryStore.o normal arm64 (in target 'MemoryStore' from project 'MemoryStore')
    cd /Users/justinhou/Development/deepshelves/Packages/MemoryStore
    /Applications/Xcode.app/Contents/Developer/Toolchains/XcodeDefault.xctoolchain/usr/bin/clang -Xlinker -reproducible -target arm64-apple-macos15.0 -r -isysroot /Applications/Xcode.app/Contents/Developer/Platforms/MacOSX.platform/Developer/SDKs/MacOSX26.5.sdk -Os -F/Users/justinhou/Development/deepshelves/.build/S5SignedDerivedData/Build/Intermediates.noindex/EagerLinkingTBDs/Release -F/Users/justinhou/Development/deepshelves/.build/S5SignedDerivedData/Build/Products/Release/PackageFrameworks -F/Users/justinhou/Development/deepshelves/.build/S5SignedDerivedData/Build/Products/Release/PackageFrameworks -F/Users/justinhou/Development/deepshelves/.build/S5SignedDerivedData/Build/Products/Release -iframework /Applications/Xcode.app/Contents/Developer/Platforms/MacOSX.platform/Developer/Library/Frameworks -filelist /Users/justinhou/Development/deepshelves/.build/S5SignedDerivedData/Build/Intermediates.noindex/MemoryStore.build/Release/MemoryStore.build/Objects-normal/arm64/MemoryStore.LinkFileList -nostdlib -Xlinker -object_path_lto -Xlinker /Users/justinhou/Development/deepshelves/.build/S5SignedDerivedData/Build/Intermediates.noindex/MemoryStore.build/Release/MemoryStore.build/Objects-normal/arm64/MemoryStore_lto.o -Xlinker -dependency_info -Xlinker /Users/justinhou/Development/deepshelves/.build/S5SignedDerivedData/Build/Intermediates.noindex/MemoryStore.build/Release/MemoryStore.build/Objects-normal/arm64/MemoryStore_dependency_info.dat -fobjc-link-runtime -L/Applications/Xcode.app/Contents/Developer/Toolchains/XcodeDefault.xctoolchain/usr/lib/swift/macosx -L/usr/lib/swift -Xlinker -add_ast_path -Xlinker /Users/justinhou/Development/deepshelves/.build/S5SignedDerivedData/Build/Intermediates.noindex/MemoryStore.build/Release/MemoryStore.build/Objects-normal/arm64/MemoryStore.swiftmodule @/Users/justinhou/Development/deepshelves/.build/S5SignedDerivedData/Build/Intermediates.noindex/MemoryStore.build/Release/MemoryStore.build/Objects-normal/arm64/MemoryStore-linker-args.resp -o /Users/justinhou/Development/deepshelves/.build/S5SignedDerivedData/Build/Intermediates.noindex/MemoryStore.build/Release/MemoryStore.build/Objects-normal/arm64/Binary/MemoryStore.o

Ld /Users/justinhou/Development/deepshelves/.build/S5SignedDerivedData/Build/Intermediates.noindex/MemoryStore.build/Release/MemoryStore.build/Objects-normal/x86_64/Binary/MemoryStore.o normal x86_64 (in target 'MemoryStore' from project 'MemoryStore')
    cd /Users/justinhou/Development/deepshelves/Packages/MemoryStore
    /Applications/Xcode.app/Contents/Developer/Toolchains/XcodeDefault.xctoolchain/usr/bin/clang -Xlinker -reproducible -target x86_64-apple-macos15.0 -r -isysroot /Applications/Xcode.app/Contents/Developer/Platforms/MacOSX.platform/Developer/SDKs/MacOSX26.5.sdk -Os -F/Users/justinhou/Development/deepshelves/.build/S5SignedDerivedData/Build/Intermediates.noindex/EagerLinkingTBDs/Release -F/Users/justinhou/Development/deepshelves/.build/S5SignedDerivedData/Build/Products/Release/PackageFrameworks -F/Users/justinhou/Development/deepshelves/.build/S5SignedDerivedData/Build/Products/Release/PackageFrameworks -F/Users/justinhou/Development/deepshelves/.build/S5SignedDerivedData/Build/Products/Release -iframework /Applications/Xcode.app/Contents/Developer/Platforms/MacOSX.platform/Developer/Library/Frameworks -filelist /Users/justinhou/Development/deepshelves/.build/S5SignedDerivedData/Build/Intermediates.noindex/MemoryStore.build/Release/MemoryStore.build/Objects-normal/x86_64/MemoryStore.LinkFileList -nostdlib -Xlinker -object_path_lto -Xlinker /Users/justinhou/Development/deepshelves/.build/S5SignedDerivedData/Build/Intermediates.noindex/MemoryStore.build/Release/MemoryStore.build/Objects-normal/x86_64/MemoryStore_lto.o -Xlinker -dependency_info -Xlinker /Users/justinhou/Development/deepshelves/.build/S5SignedDerivedData/Build/Intermediates.noindex/MemoryStore.build/Release/MemoryStore.build/Objects-normal/x86_64/MemoryStore_dependency_info.dat -fobjc-link-runtime -L/Applications/Xcode.app/Contents/Developer/Toolchains/XcodeDefault.xctoolchain/usr/lib/swift/macosx -L/usr/lib/swift -Xlinker -add_ast_path -Xlinker /Users/justinhou/Development/deepshelves/.build/S5SignedDerivedData/Build/Intermediates.noindex/MemoryStore.build/Release/MemoryStore.build/Objects-normal/x86_64/MemoryStore.swiftmodule @/Users/justinhou/Development/deepshelves/.build/S5SignedDerivedData/Build/Intermediates.noindex/MemoryStore.build/Release/MemoryStore.build/Objects-normal/x86_64/MemoryStore-linker-args.resp -o /Users/justinhou/Development/deepshelves/.build/S5SignedDerivedData/Build/Intermediates.noindex/MemoryStore.build/Release/MemoryStore.build/Objects-normal/x86_64/Binary/MemoryStore.o

CreateUniversalBinary /Users/justinhou/Development/deepshelves/.build/S5SignedDerivedData/Build/Products/Release/MemoryStore.o normal arm64\ x86_64 (in target 'MemoryStore' from project 'MemoryStore')
    cd /Users/justinhou/Development/deepshelves/Packages/MemoryStore
    /Applications/Xcode.app/Contents/Developer/Toolchains/XcodeDefault.xctoolchain/usr/bin/lipo -create /Users/justinhou/Development/deepshelves/.build/S5SignedDerivedData/Build/Intermediates.noindex/MemoryStore.build/Release/MemoryStore.build/Objects-normal/arm64/Binary/MemoryStore.o /Users/justinhou/Development/deepshelves/.build/S5SignedDerivedData/Build/Intermediates.noindex/MemoryStore.build/Release/MemoryStore.build/Objects-normal/x86_64/Binary/MemoryStore.o -output /Users/justinhou/Development/deepshelves/.build/S5SignedDerivedData/Build/Products/Release/MemoryStore.o

SwiftDriverJobDiscovery normal x86_64 Compiling resource_bundle_accessor.swift, ContextLiveAX.swift, ContextSpikeCore.swift, ContextVisionOCR.swift, ExactVectorScan.swift, GPT2ByteEncoder.swift, MemoryEnrichment.swift, MobileCLIPRuntime.swift, MobileCLIPTokenizer.swift, MobileCLIPTokenizerUtils.swift, ModelResourceIntegrity.swift, S3S4SpikeRunner.swift, S7OfflineClosure.swift (in target 'MemoryEnrichment' from project 'MemoryEnrichment')

SwiftDriver\ Compilation\ Requirements MemoryEnrichment normal x86_64 com.apple.xcode.tools.swift.compiler (in target 'MemoryEnrichment' from project 'MemoryEnrichment')
    cd /Users/justinhou/Development/deepshelves/LocalMemory.xcodeproj
    builtin-Swift-Compilation-Requirements -- /Applications/Xcode.app/Contents/Developer/Toolchains/XcodeDefault.xctoolchain/usr/bin/swiftc -module-name MemoryEnrichment -O -whole-module-optimization @/Users/justinhou/Development/deepshelves/.build/S5SignedDerivedData/Build/Intermediates.noindex/MemoryEnrichment.build/Release/MemoryEnrichment.build/Objects-normal/x86_64/MemoryEnrichment.SwiftFileList -DSWIFT_PACKAGE -DSWIFT_MODULE_RESOURCE_BUNDLE_AVAILABLE -DXcode -plugin-path /Applications/Xcode.app/Contents/Developer/Toolchains/XcodeDefault.xctoolchain/usr/lib/swift/host/plugins/testing -enable-experimental-feature DebugDescriptionMacro -sdk /Applications/Xcode.app/Contents/Developer/Platforms/MacOSX.platform/Developer/SDKs/MacOSX26.5.sdk -target x86_64-apple-macos15.0 -g -module-cache-path /Users/justinhou/Development/deepshelves/.build/S5SignedDerivedData/ModuleCache.noindex -Xfrontend -serialize-debugging-options -swift-version 6 -I /Users/justinhou/Development/deepshelves/.build/S5SignedDerivedData/Build/Products/Release -Isystem /Applications/Xcode.app/Contents/Developer/Platforms/MacOSX.platform/Developer/usr/lib -F /Users/justinhou/Development/deepshelves/.build/S5SignedDerivedData/Build/Products/Release -F /Applications/Xcode.app/Contents/Developer/Platforms/MacOSX.platform/Developer/Library/Frameworks -c -num-threads 12 -Xcc -ivfsstatcache -Xcc /Users/justinhou/Development/deepshelves/.build/S5SignedDerivedData/SDKStatCaches.noindex/macosx26.5-25F70-e082c4a02f00227109f4ed75e425c832.sdkstatcache -output-file-map /Users/justinhou/Development/deepshelves/.build/S5SignedDerivedData/Build/Intermediates.noindex/MemoryEnrichment.build/Release/MemoryEnrichment.build/Objects-normal/x86_64/MemoryEnrichment-OutputFileMap.json -use-frontend-parseable-output -save-temps -no-color-diagnostics -explicit-module-build -module-cache-path /Users/justinhou/Development/deepshelves/.build/S5SignedDerivedData/Build/Intermediates.noindex/SwiftExplicitPrecompiledModules -clang-scanner-module-cache-path /Users/justinhou/Development/deepshelves/.build/S5SignedDerivedData/ModuleCache.noindex -sdk-module-cache-path /Users/justinhou/Development/deepshelves/.build/S5SignedDerivedData/ModuleCache.noindex -serialize-diagnostics -emit-dependencies -emit-module -emit-module-path /Users/justinhou/Development/deepshelves/.build/S5SignedDerivedData/Build/Intermediates.noindex/MemoryEnrichment.build/Release/MemoryEnrichment.build/Objects-normal/x86_64/MemoryEnrichment.swiftmodule -validate-clang-modules-once -clang-build-session-file /Users/justinhou/Development/deepshelves/.build/S5SignedDerivedData/ModuleCache.noindex/Session.modulevalidation -package-name memoryenrichment -Xcc -I/Users/justinhou/Development/deepshelves/.build/S5SignedDerivedData/Build/Intermediates.noindex/MemoryEnrichment.build/Release/MemoryEnrichment.build/swift-overrides.hmap -emit-const-values -Xfrontend -const-gather-protocols-file -Xfrontend /Users/justinhou/Development/deepshelves/.build/S5SignedDerivedData/Build/Intermediates.noindex/MemoryEnrichment.build/Release/MemoryEnrichment.build/Objects-normal/x86_64/MemoryEnrichment_const_extract_protocols.json -Xcc -I/Users/justinhou/Development/deepshelves/.build/S5SignedDerivedData/Build/Products/Release/include -Xcc -I/Users/justinhou/Development/deepshelves/.build/S5SignedDerivedData/Build/Intermediates.noindex/MemoryEnrichment.build/Release/MemoryEnrichment.build/DerivedSources-normal/x86_64 -Xcc -I/Users/justinhou/Development/deepshelves/.build/S5SignedDerivedData/Build/Intermediates.noindex/MemoryEnrichment.build/Release/MemoryEnrichment.build/DerivedSources/x86_64 -Xcc -I/Users/justinhou/Development/deepshelves/.build/S5SignedDerivedData/Build/Intermediates.noindex/MemoryEnrichment.build/Release/MemoryEnrichment.build/DerivedSources -Xcc -DSWIFT_PACKAGE -emit-objc-header -emit-objc-header-path /Users/justinhou/Development/deepshelves/.build/S5SignedDerivedData/Build/Intermediates.noindex/MemoryEnrichment.build/Release/MemoryEnrichment.build/Objects-normal/x86_64/MemoryEnrichment-Swift.h -working-directory /Users/justinhou/Development/deepshelves/LocalMemory.xcodeproj -no-emit-module-separately-wmo

Copy /Users/justinhou/Development/deepshelves/.build/S5SignedDerivedData/Build/Products/Release/MemoryEnrichment.swiftmodule/x86_64-apple-macos.abi.json /Users/justinhou/Development/deepshelves/.build/S5SignedDerivedData/Build/Intermediates.noindex/MemoryEnrichment.build/Release/MemoryEnrichment.build/Objects-normal/x86_64/MemoryEnrichment.abi.json (in target 'MemoryEnrichment' from project 'MemoryEnrichment')
    cd /Users/justinhou/Development/deepshelves/Packages/MemoryEnrichment
    builtin-copy -exclude .DS_Store -exclude CVS -exclude .svn -exclude .git -exclude .hg -strip-unsigned-binaries -strip-deterministic -strip-tool /Applications/Xcode.app/Contents/Developer/Toolchains/XcodeDefault.xctoolchain/usr/bin/strip -resolve-src-symlinks -rename /Users/justinhou/Development/deepshelves/.build/S5SignedDerivedData/Build/Intermediates.noindex/MemoryEnrichment.build/Release/MemoryEnrichment.build/Objects-normal/x86_64/MemoryEnrichment.abi.json /Users/justinhou/Development/deepshelves/.build/S5SignedDerivedData/Build/Products/Release/MemoryEnrichment.swiftmodule/x86_64-apple-macos.abi.json

Copy /Users/justinhou/Development/deepshelves/.build/S5SignedDerivedData/Build/Products/Release/MemoryEnrichment.swiftmodule/Project/x86_64-apple-macos.swiftsourceinfo /Users/justinhou/Development/deepshelves/.build/S5SignedDerivedData/Build/Intermediates.noindex/MemoryEnrichment.build/Release/MemoryEnrichment.build/Objects-normal/x86_64/MemoryEnrichment.swiftsourceinfo (in target 'MemoryEnrichment' from project 'MemoryEnrichment')
    cd /Users/justinhou/Development/deepshelves/Packages/MemoryEnrichment
    builtin-copy -exclude .DS_Store -exclude CVS -exclude .svn -exclude .git -exclude .hg -strip-unsigned-binaries -strip-deterministic -strip-tool /Applications/Xcode.app/Contents/Developer/Toolchains/XcodeDefault.xctoolchain/usr/bin/strip -resolve-src-symlinks -rename /Users/justinhou/Development/deepshelves/.build/S5SignedDerivedData/Build/Intermediates.noindex/MemoryEnrichment.build/Release/MemoryEnrichment.build/Objects-normal/x86_64/MemoryEnrichment.swiftsourceinfo /Users/justinhou/Development/deepshelves/.build/S5SignedDerivedData/Build/Products/Release/MemoryEnrichment.swiftmodule/Project/x86_64-apple-macos.swiftsourceinfo

Copy /Users/justinhou/Development/deepshelves/.build/S5SignedDerivedData/Build/Products/Release/MemoryEnrichment.swiftmodule/x86_64-apple-macos.swiftmodule /Users/justinhou/Development/deepshelves/.build/S5SignedDerivedData/Build/Intermediates.noindex/MemoryEnrichment.build/Release/MemoryEnrichment.build/Objects-normal/x86_64/MemoryEnrichment.swiftmodule (in target 'MemoryEnrichment' from project 'MemoryEnrichment')
    cd /Users/justinhou/Development/deepshelves/Packages/MemoryEnrichment
    builtin-copy -exclude .DS_Store -exclude CVS -exclude .svn -exclude .git -exclude .hg -strip-unsigned-binaries -strip-deterministic -strip-tool /Applications/Xcode.app/Contents/Developer/Toolchains/XcodeDefault.xctoolchain/usr/bin/strip -resolve-src-symlinks -rename /Users/justinhou/Development/deepshelves/.build/S5SignedDerivedData/Build/Intermediates.noindex/MemoryEnrichment.build/Release/MemoryEnrichment.build/Objects-normal/x86_64/MemoryEnrichment.swiftmodule /Users/justinhou/Development/deepshelves/.build/S5SignedDerivedData/Build/Products/Release/MemoryEnrichment.swiftmodule/x86_64-apple-macos.swiftmodule

SwiftDriverJobDiscovery normal arm64 Compiling resource_bundle_accessor.swift, ContextLiveAX.swift, ContextSpikeCore.swift, ContextVisionOCR.swift, ExactVectorScan.swift, GPT2ByteEncoder.swift, MemoryEnrichment.swift, MobileCLIPRuntime.swift, MobileCLIPTokenizer.swift, MobileCLIPTokenizerUtils.swift, ModelResourceIntegrity.swift, S3S4SpikeRunner.swift, S7OfflineClosure.swift (in target 'MemoryEnrichment' from project 'MemoryEnrichment')

SwiftDriver\ Compilation\ Requirements MemoryEnrichment normal arm64 com.apple.xcode.tools.swift.compiler (in target 'MemoryEnrichment' from project 'MemoryEnrichment')
    cd /Users/justinhou/Development/deepshelves/LocalMemory.xcodeproj
    builtin-Swift-Compilation-Requirements -- /Applications/Xcode.app/Contents/Developer/Toolchains/XcodeDefault.xctoolchain/usr/bin/swiftc -module-name MemoryEnrichment -O -whole-module-optimization @/Users/justinhou/Development/deepshelves/.build/S5SignedDerivedData/Build/Intermediates.noindex/MemoryEnrichment.build/Release/MemoryEnrichment.build/Objects-normal/arm64/MemoryEnrichment.SwiftFileList -DSWIFT_PACKAGE -DSWIFT_MODULE_RESOURCE_BUNDLE_AVAILABLE -DXcode -plugin-path /Applications/Xcode.app/Contents/Developer/Toolchains/XcodeDefault.xctoolchain/usr/lib/swift/host/plugins/testing -enable-experimental-feature DebugDescriptionMacro -sdk /Applications/Xcode.app/Contents/Developer/Platforms/MacOSX.platform/Developer/SDKs/MacOSX26.5.sdk -target arm64-apple-macos15.0 -g -module-cache-path /Users/justinhou/Development/deepshelves/.build/S5SignedDerivedData/ModuleCache.noindex -Xfrontend -serialize-debugging-options -swift-version 6 -I /Users/justinhou/Development/deepshelves/.build/S5SignedDerivedData/Build/Products/Release -Isystem /Applications/Xcode.app/Contents/Developer/Platforms/MacOSX.platform/Developer/usr/lib -F /Users/justinhou/Development/deepshelves/.build/S5SignedDerivedData/Build/Products/Release -F /Applications/Xcode.app/Contents/Developer/Platforms/MacOSX.platform/Developer/Library/Frameworks -c -num-threads 12 -Xcc -ivfsstatcache -Xcc /Users/justinhou/Development/deepshelves/.build/S5SignedDerivedData/SDKStatCaches.noindex/macosx26.5-25F70-e082c4a02f00227109f4ed75e425c832.sdkstatcache -output-file-map /Users/justinhou/Development/deepshelves/.build/S5SignedDerivedData/Build/Intermediates.noindex/MemoryEnrichment.build/Release/MemoryEnrichment.build/Objects-normal/arm64/MemoryEnrichment-OutputFileMap.json -use-frontend-parseable-output -save-temps -no-color-diagnostics -explicit-module-build -module-cache-path /Users/justinhou/Development/deepshelves/.build/S5SignedDerivedData/Build/Intermediates.noindex/SwiftExplicitPrecompiledModules -clang-scanner-module-cache-path /Users/justinhou/Development/deepshelves/.build/S5SignedDerivedData/ModuleCache.noindex -sdk-module-cache-path /Users/justinhou/Development/deepshelves/.build/S5SignedDerivedData/ModuleCache.noindex -serialize-diagnostics -emit-dependencies -emit-module -emit-module-path /Users/justinhou/Development/deepshelves/.build/S5SignedDerivedData/Build/Intermediates.noindex/MemoryEnrichment.build/Release/MemoryEnrichment.build/Objects-normal/arm64/MemoryEnrichment.swiftmodule -validate-clang-modules-once -clang-build-session-file /Users/justinhou/Development/deepshelves/.build/S5SignedDerivedData/ModuleCache.noindex/Session.modulevalidation -package-name memoryenrichment -Xcc -I/Users/justinhou/Development/deepshelves/.build/S5SignedDerivedData/Build/Intermediates.noindex/MemoryEnrichment.build/Release/MemoryEnrichment.build/swift-overrides.hmap -emit-const-values -Xfrontend -const-gather-protocols-file -Xfrontend /Users/justinhou/Development/deepshelves/.build/S5SignedDerivedData/Build/Intermediates.noindex/MemoryEnrichment.build/Release/MemoryEnrichment.build/Objects-normal/arm64/MemoryEnrichment_const_extract_protocols.json -Xcc -I/Users/justinhou/Development/deepshelves/.build/S5SignedDerivedData/Build/Products/Release/include -Xcc -I/Users/justinhou/Development/deepshelves/.build/S5SignedDerivedData/Build/Intermediates.noindex/MemoryEnrichment.build/Release/MemoryEnrichment.build/DerivedSources-normal/arm64 -Xcc -I/Users/justinhou/Development/deepshelves/.build/S5SignedDerivedData/Build/Intermediates.noindex/MemoryEnrichment.build/Release/MemoryEnrichment.build/DerivedSources/arm64 -Xcc -I/Users/justinhou/Development/deepshelves/.build/S5SignedDerivedData/Build/Intermediates.noindex/MemoryEnrichment.build/Release/MemoryEnrichment.build/DerivedSources -Xcc -DSWIFT_PACKAGE -emit-objc-header -emit-objc-header-path /Users/justinhou/Development/deepshelves/.build/S5SignedDerivedData/Build/Intermediates.noindex/MemoryEnrichment.build/Release/MemoryEnrichment.build/Objects-normal/arm64/MemoryEnrichment-Swift.h -working-directory /Users/justinhou/Development/deepshelves/LocalMemory.xcodeproj -no-emit-module-separately-wmo

Copy /Users/justinhou/Development/deepshelves/.build/S5SignedDerivedData/Build/Products/Release/MemoryEnrichment.swiftmodule/arm64-apple-macos.swiftmodule /Users/justinhou/Development/deepshelves/.build/S5SignedDerivedData/Build/Intermediates.noindex/MemoryEnrichment.build/Release/MemoryEnrichment.build/Objects-normal/arm64/MemoryEnrichment.swiftmodule (in target 'MemoryEnrichment' from project 'MemoryEnrichment')
    cd /Users/justinhou/Development/deepshelves/Packages/MemoryEnrichment
    builtin-copy -exclude .DS_Store -exclude CVS -exclude .svn -exclude .git -exclude .hg -strip-unsigned-binaries -strip-deterministic -strip-tool /Applications/Xcode.app/Contents/Developer/Toolchains/XcodeDefault.xctoolchain/usr/bin/strip -resolve-src-symlinks -rename /Users/justinhou/Development/deepshelves/.build/S5SignedDerivedData/Build/Intermediates.noindex/MemoryEnrichment.build/Release/MemoryEnrichment.build/Objects-normal/arm64/MemoryEnrichment.swiftmodule /Users/justinhou/Development/deepshelves/.build/S5SignedDerivedData/Build/Products/Release/MemoryEnrichment.swiftmodule/arm64-apple-macos.swiftmodule

Copy /Users/justinhou/Development/deepshelves/.build/S5SignedDerivedData/Build/Products/Release/MemoryEnrichment.swiftmodule/arm64-apple-macos.abi.json /Users/justinhou/Development/deepshelves/.build/S5SignedDerivedData/Build/Intermediates.noindex/MemoryEnrichment.build/Release/MemoryEnrichment.build/Objects-normal/arm64/MemoryEnrichment.abi.json (in target 'MemoryEnrichment' from project 'MemoryEnrichment')
    cd /Users/justinhou/Development/deepshelves/Packages/MemoryEnrichment
    builtin-copy -exclude .DS_Store -exclude CVS -exclude .svn -exclude .git -exclude .hg -strip-unsigned-binaries -strip-deterministic -strip-tool /Applications/Xcode.app/Contents/Developer/Toolchains/XcodeDefault.xctoolchain/usr/bin/strip -resolve-src-symlinks -rename /Users/justinhou/Development/deepshelves/.build/S5SignedDerivedData/Build/Intermediates.noindex/MemoryEnrichment.build/Release/MemoryEnrichment.build/Objects-normal/arm64/MemoryEnrichment.abi.json /Users/justinhou/Development/deepshelves/.build/S5SignedDerivedData/Build/Products/Release/MemoryEnrichment.swiftmodule/arm64-apple-macos.abi.json

Copy /Users/justinhou/Development/deepshelves/.build/S5SignedDerivedData/Build/Products/Release/MemoryEnrichment.swiftmodule/Project/arm64-apple-macos.swiftsourceinfo /Users/justinhou/Development/deepshelves/.build/S5SignedDerivedData/Build/Intermediates.noindex/MemoryEnrichment.build/Release/MemoryEnrichment.build/Objects-normal/arm64/MemoryEnrichment.swiftsourceinfo (in target 'MemoryEnrichment' from project 'MemoryEnrichment')
    cd /Users/justinhou/Development/deepshelves/Packages/MemoryEnrichment
    builtin-copy -exclude .DS_Store -exclude CVS -exclude .svn -exclude .git -exclude .hg -strip-unsigned-binaries -strip-deterministic -strip-tool /Applications/Xcode.app/Contents/Developer/Toolchains/XcodeDefault.xctoolchain/usr/bin/strip -resolve-src-symlinks -rename /Users/justinhou/Development/deepshelves/.build/S5SignedDerivedData/Build/Intermediates.noindex/MemoryEnrichment.build/Release/MemoryEnrichment.build/Objects-normal/arm64/MemoryEnrichment.swiftsourceinfo /Users/justinhou/Development/deepshelves/.build/S5SignedDerivedData/Build/Products/Release/MemoryEnrichment.swiftmodule/Project/arm64-apple-macos.swiftsourceinfo

Ld /Users/justinhou/Development/deepshelves/.build/S5SignedDerivedData/Build/Intermediates.noindex/MemoryEnrichment.build/Release/MemoryEnrichment.build/Objects-normal/x86_64/Binary/MemoryEnrichment.o normal x86_64 (in target 'MemoryEnrichment' from project 'MemoryEnrichment')
    cd /Users/justinhou/Development/deepshelves/Packages/MemoryEnrichment
    /Applications/Xcode.app/Contents/Developer/Toolchains/XcodeDefault.xctoolchain/usr/bin/clang -Xlinker -reproducible -target x86_64-apple-macos15.0 -r -isysroot /Applications/Xcode.app/Contents/Developer/Platforms/MacOSX.platform/Developer/SDKs/MacOSX26.5.sdk -Os -F/Users/justinhou/Development/deepshelves/.build/S5SignedDerivedData/Build/Intermediates.noindex/EagerLinkingTBDs/Release -F/Users/justinhou/Development/deepshelves/.build/S5SignedDerivedData/Build/Products/Release -iframework /Applications/Xcode.app/Contents/Developer/Platforms/MacOSX.platform/Developer/Library/Frameworks -filelist /Users/justinhou/Development/deepshelves/.build/S5SignedDerivedData/Build/Intermediates.noindex/MemoryEnrichment.build/Release/MemoryEnrichment.build/Objects-normal/x86_64/MemoryEnrichment.LinkFileList -nostdlib -Xlinker -object_path_lto -Xlinker /Users/justinhou/Development/deepshelves/.build/S5SignedDerivedData/Build/Intermediates.noindex/MemoryEnrichment.build/Release/MemoryEnrichment.build/Objects-normal/x86_64/MemoryEnrichment_lto.o -Xlinker -dependency_info -Xlinker /Users/justinhou/Development/deepshelves/.build/S5SignedDerivedData/Build/Intermediates.noindex/MemoryEnrichment.build/Release/MemoryEnrichment.build/Objects-normal/x86_64/MemoryEnrichment_dependency_info.dat -fobjc-link-runtime -L/Applications/Xcode.app/Contents/Developer/Toolchains/XcodeDefault.xctoolchain/usr/lib/swift/macosx -L/usr/lib/swift -Xlinker -add_ast_path -Xlinker /Users/justinhou/Development/deepshelves/.build/S5SignedDerivedData/Build/Intermediates.noindex/MemoryEnrichment.build/Release/MemoryEnrichment.build/Objects-normal/x86_64/MemoryEnrichment.swiftmodule @/Users/justinhou/Development/deepshelves/.build/S5SignedDerivedData/Build/Intermediates.noindex/MemoryEnrichment.build/Release/MemoryEnrichment.build/Objects-normal/x86_64/MemoryEnrichment-linker-args.resp -o /Users/justinhou/Development/deepshelves/.build/S5SignedDerivedData/Build/Intermediates.noindex/MemoryEnrichment.build/Release/MemoryEnrichment.build/Objects-normal/x86_64/Binary/MemoryEnrichment.o

Ld /Users/justinhou/Development/deepshelves/.build/S5SignedDerivedData/Build/Intermediates.noindex/MemoryEnrichment.build/Release/MemoryEnrichment.build/Objects-normal/arm64/Binary/MemoryEnrichment.o normal arm64 (in target 'MemoryEnrichment' from project 'MemoryEnrichment')
    cd /Users/justinhou/Development/deepshelves/Packages/MemoryEnrichment
    /Applications/Xcode.app/Contents/Developer/Toolchains/XcodeDefault.xctoolchain/usr/bin/clang -Xlinker -reproducible -target arm64-apple-macos15.0 -r -isysroot /Applications/Xcode.app/Contents/Developer/Platforms/MacOSX.platform/Developer/SDKs/MacOSX26.5.sdk -Os -F/Users/justinhou/Development/deepshelves/.build/S5SignedDerivedData/Build/Intermediates.noindex/EagerLinkingTBDs/Release -F/Users/justinhou/Development/deepshelves/.build/S5SignedDerivedData/Build/Products/Release -iframework /Applications/Xcode.app/Contents/Developer/Platforms/MacOSX.platform/Developer/Library/Frameworks -filelist /Users/justinhou/Development/deepshelves/.build/S5SignedDerivedData/Build/Intermediates.noindex/MemoryEnrichment.build/Release/MemoryEnrichment.build/Objects-normal/arm64/MemoryEnrichment.LinkFileList -nostdlib -Xlinker -object_path_lto -Xlinker /Users/justinhou/Development/deepshelves/.build/S5SignedDerivedData/Build/Intermediates.noindex/MemoryEnrichment.build/Release/MemoryEnrichment.build/Objects-normal/arm64/MemoryEnrichment_lto.o -Xlinker -dependency_info -Xlinker /Users/justinhou/Development/deepshelves/.build/S5SignedDerivedData/Build/Intermediates.noindex/MemoryEnrichment.build/Release/MemoryEnrichment.build/Objects-normal/arm64/MemoryEnrichment_dependency_info.dat -fobjc-link-runtime -L/Applications/Xcode.app/Contents/Developer/Toolchains/XcodeDefault.xctoolchain/usr/lib/swift/macosx -L/usr/lib/swift -Xlinker -add_ast_path -Xlinker /Users/justinhou/Development/deepshelves/.build/S5SignedDerivedData/Build/Intermediates.noindex/MemoryEnrichment.build/Release/MemoryEnrichment.build/Objects-normal/arm64/MemoryEnrichment.swiftmodule @/Users/justinhou/Development/deepshelves/.build/S5SignedDerivedData/Build/Intermediates.noindex/MemoryEnrichment.build/Release/MemoryEnrichment.build/Objects-normal/arm64/MemoryEnrichment-linker-args.resp -o /Users/justinhou/Development/deepshelves/.build/S5SignedDerivedData/Build/Intermediates.noindex/MemoryEnrichment.build/Release/MemoryEnrichment.build/Objects-normal/arm64/Binary/MemoryEnrichment.o

Copy /Users/justinhou/Development/deepshelves/.build/S5SignedDerivedData/Build/Products/Release/MemoryStore.swiftmodule/Project/arm64-apple-macos.swiftsourceinfo /Users/justinhou/Development/deepshelves/.build/S5SignedDerivedData/Build/Intermediates.noindex/MemoryStore.build/Release/MemoryStore.build/Objects-normal/arm64/MemoryStore.swiftsourceinfo (in target 'MemoryStore' from project 'MemoryStore')
    cd /Users/justinhou/Development/deepshelves/Packages/MemoryStore
    builtin-copy -exclude .DS_Store -exclude CVS -exclude .svn -exclude .git -exclude .hg -strip-unsigned-binaries -strip-deterministic -strip-tool /Applications/Xcode.app/Contents/Developer/Toolchains/XcodeDefault.xctoolchain/usr/bin/strip -resolve-src-symlinks -rename /Users/justinhou/Development/deepshelves/.build/S5SignedDerivedData/Build/Intermediates.noindex/MemoryStore.build/Release/MemoryStore.build/Objects-normal/arm64/MemoryStore.swiftsourceinfo /Users/justinhou/Development/deepshelves/.build/S5SignedDerivedData/Build/Products/Release/MemoryStore.swiftmodule/Project/arm64-apple-macos.swiftsourceinfo

Copy /Users/justinhou/Development/deepshelves/.build/S5SignedDerivedData/Build/Products/Release/MemoryStore.swiftmodule/x86_64-apple-macos.abi.json /Users/justinhou/Development/deepshelves/.build/S5SignedDerivedData/Build/Intermediates.noindex/MemoryStore.build/Release/MemoryStore.build/Objects-normal/x86_64/MemoryStore.abi.json (in target 'MemoryStore' from project 'MemoryStore')
    cd /Users/justinhou/Development/deepshelves/Packages/MemoryStore
    builtin-copy -exclude .DS_Store -exclude CVS -exclude .svn -exclude .git -exclude .hg -strip-unsigned-binaries -strip-deterministic -strip-tool /Applications/Xcode.app/Contents/Developer/Toolchains/XcodeDefault.xctoolchain/usr/bin/strip -resolve-src-symlinks -rename /Users/justinhou/Development/deepshelves/.build/S5SignedDerivedData/Build/Intermediates.noindex/MemoryStore.build/Release/MemoryStore.build/Objects-normal/x86_64/MemoryStore.abi.json /Users/justinhou/Development/deepshelves/.build/S5SignedDerivedData/Build/Products/Release/MemoryStore.swiftmodule/x86_64-apple-macos.abi.json

Copy /Users/justinhou/Development/deepshelves/.build/S5SignedDerivedData/Build/Products/Release/MemoryStore.swiftmodule/x86_64-apple-macos.swiftmodule /Users/justinhou/Development/deepshelves/.build/S5SignedDerivedData/Build/Intermediates.noindex/MemoryStore.build/Release/MemoryStore.build/Objects-normal/x86_64/MemoryStore.swiftmodule (in target 'MemoryStore' from project 'MemoryStore')
    cd /Users/justinhou/Development/deepshelves/Packages/MemoryStore
    builtin-copy -exclude .DS_Store -exclude CVS -exclude .svn -exclude .git -exclude .hg -strip-unsigned-binaries -strip-deterministic -strip-tool /Applications/Xcode.app/Contents/Developer/Toolchains/XcodeDefault.xctoolchain/usr/bin/strip -resolve-src-symlinks -rename /Users/justinhou/Development/deepshelves/.build/S5SignedDerivedData/Build/Intermediates.noindex/MemoryStore.build/Release/MemoryStore.build/Objects-normal/x86_64/MemoryStore.swiftmodule /Users/justinhou/Development/deepshelves/.build/S5SignedDerivedData/Build/Products/Release/MemoryStore.swiftmodule/x86_64-apple-macos.swiftmodule

Copy /Users/justinhou/Development/deepshelves/.build/S5SignedDerivedData/Build/Products/Release/MemoryStore.swiftmodule/arm64-apple-macos.abi.json /Users/justinhou/Development/deepshelves/.build/S5SignedDerivedData/Build/Intermediates.noindex/MemoryStore.build/Release/MemoryStore.build/Objects-normal/arm64/MemoryStore.abi.json (in target 'MemoryStore' from project 'MemoryStore')
    cd /Users/justinhou/Development/deepshelves/Packages/MemoryStore
    builtin-copy -exclude .DS_Store -exclude CVS -exclude .svn -exclude .git -exclude .hg -strip-unsigned-binaries -strip-deterministic -strip-tool /Applications/Xcode.app/Contents/Developer/Toolchains/XcodeDefault.xctoolchain/usr/bin/strip -resolve-src-symlinks -rename /Users/justinhou/Development/deepshelves/.build/S5SignedDerivedData/Build/Intermediates.noindex/MemoryStore.build/Release/MemoryStore.build/Objects-normal/arm64/MemoryStore.abi.json /Users/justinhou/Development/deepshelves/.build/S5SignedDerivedData/Build/Products/Release/MemoryStore.swiftmodule/arm64-apple-macos.abi.json

Copy /Users/justinhou/Development/deepshelves/.build/S5SignedDerivedData/Build/Products/Release/MemoryStore.swiftmodule/arm64-apple-macos.swiftmodule /Users/justinhou/Development/deepshelves/.build/S5SignedDerivedData/Build/Intermediates.noindex/MemoryStore.build/Release/MemoryStore.build/Objects-normal/arm64/MemoryStore.swiftmodule (in target 'MemoryStore' from project 'MemoryStore')
    cd /Users/justinhou/Development/deepshelves/Packages/MemoryStore
    builtin-copy -exclude .DS_Store -exclude CVS -exclude .svn -exclude .git -exclude .hg -strip-unsigned-binaries -strip-deterministic -strip-tool /Applications/Xcode.app/Contents/Developer/Toolchains/XcodeDefault.xctoolchain/usr/bin/strip -resolve-src-symlinks -rename /Users/justinhou/Development/deepshelves/.build/S5SignedDerivedData/Build/Intermediates.noindex/MemoryStore.build/Release/MemoryStore.build/Objects-normal/arm64/MemoryStore.swiftmodule /Users/justinhou/Development/deepshelves/.build/S5SignedDerivedData/Build/Products/Release/MemoryStore.swiftmodule/arm64-apple-macos.swiftmodule

Copy /Users/justinhou/Development/deepshelves/.build/S5SignedDerivedData/Build/Products/Release/MemoryStore.swiftmodule/Project/x86_64-apple-macos.swiftsourceinfo /Users/justinhou/Development/deepshelves/.build/S5SignedDerivedData/Build/Intermediates.noindex/MemoryStore.build/Release/MemoryStore.build/Objects-normal/x86_64/MemoryStore.swiftsourceinfo (in target 'MemoryStore' from project 'MemoryStore')
    cd /Users/justinhou/Development/deepshelves/Packages/MemoryStore
    builtin-copy -exclude .DS_Store -exclude CVS -exclude .svn -exclude .git -exclude .hg -strip-unsigned-binaries -strip-deterministic -strip-tool /Applications/Xcode.app/Contents/Developer/Toolchains/XcodeDefault.xctoolchain/usr/bin/strip -resolve-src-symlinks -rename /Users/justinhou/Development/deepshelves/.build/S5SignedDerivedData/Build/Intermediates.noindex/MemoryStore.build/Release/MemoryStore.build/Objects-normal/x86_64/MemoryStore.swiftsourceinfo /Users/justinhou/Development/deepshelves/.build/S5SignedDerivedData/Build/Products/Release/MemoryStore.swiftmodule/Project/x86_64-apple-macos.swiftsourceinfo

SwiftDriver LocalMemoryApp normal x86_64 com.apple.xcode.tools.swift.compiler (in target 'LocalMemoryApp' from project 'LocalMemory')
    cd /Users/justinhou/Development/deepshelves
    builtin-SwiftDriver -- /Applications/Xcode.app/Contents/Developer/Toolchains/XcodeDefault.xctoolchain/usr/bin/swiftc -module-name Local_Memory -O -whole-module-optimization @/Users/justinhou/Development/deepshelves/.build/S5SignedDerivedData/Build/Intermediates.noindex/LocalMemory.build/Release/LocalMemoryApp.build/Objects-normal/x86_64/Local\ Memory.SwiftFileList -enable-experimental-feature DebugDescriptionMacro -sdk /Applications/Xcode.app/Contents/Developer/Platforms/MacOSX.platform/Developer/SDKs/MacOSX26.5.sdk -target x86_64-apple-macos15.0 -g -module-cache-path /Users/justinhou/Development/deepshelves/.build/S5SignedDerivedData/ModuleCache.noindex -Xfrontend -serialize-debugging-options -warnings-as-errors -swift-version 6 -I /Users/justinhou/Development/deepshelves/.build/S5SignedDerivedData/Build/Products/Release -F /Users/justinhou/Development/deepshelves/.build/S5SignedDerivedData/Build/Products/Release/PackageFrameworks -F /Users/justinhou/Development/deepshelves/.build/S5SignedDerivedData/Build/Products/Release/PackageFrameworks -F /Users/justinhou/Development/deepshelves/.build/S5SignedDerivedData/Build/Products/Release/PackageFrameworks -F /Users/justinhou/Development/deepshelves/.build/S5SignedDerivedData/Build/Products/Release/PackageFrameworks -F /Users/justinhou/Development/deepshelves/.build/S5SignedDerivedData/Build/Products/Release/PackageFrameworks -F /Users/justinhou/Development/deepshelves/.build/S5SignedDerivedData/Build/Products/Release/PackageFrameworks -F /Users/justinhou/Development/deepshelves/.build/S5SignedDerivedData/Build/Products/Release/PackageFrameworks -F /Users/justinhou/Development/deepshelves/.build/S5SignedDerivedData/Build/Products/Release -c -num-threads 12 -Xcc -ivfsstatcache -Xcc /Users/justinhou/Development/deepshelves/.build/S5SignedDerivedData/SDKStatCaches.noindex/macosx26.5-25F70-e082c4a02f00227109f4ed75e425c832.sdkstatcache -output-file-map /Users/justinhou/Development/deepshelves/.build/S5SignedDerivedData/Build/Intermediates.noindex/LocalMemory.build/Release/LocalMemoryApp.build/Objects-normal/x86_64/LocalMemoryApp-OutputFileMap.json -use-frontend-parseable-output -save-temps -no-color-diagnostics -explicit-module-build -module-cache-path /Users/justinhou/Development/deepshelves/.build/S5SignedDerivedData/Build/Intermediates.noindex/SwiftExplicitPrecompiledModules -clang-scanner-module-cache-path /Users/justinhou/Development/deepshelves/.build/S5SignedDerivedData/ModuleCache.noindex -sdk-module-cache-path /Users/justinhou/Development/deepshelves/.build/S5SignedDerivedData/ModuleCache.noindex -serialize-diagnostics -emit-dependencies -emit-module -emit-module-path /Users/justinhou/Development/deepshelves/.build/S5SignedDerivedData/Build/Intermediates.noindex/LocalMemory.build/Release/LocalMemoryApp.build/Objects-normal/x86_64/Local_Memory.swiftmodule -validate-clang-modules-once -clang-build-session-file /Users/justinhou/Development/deepshelves/.build/S5SignedDerivedData/ModuleCache.noindex/Session.modulevalidation -Xcc -I/Users/justinhou/Development/deepshelves/.build/S5SignedDerivedData/Build/Intermediates.noindex/LocalMemory.build/Release/LocalMemoryApp.build/swift-overrides.hmap -emit-const-values -Xfrontend -const-gather-protocols-file -Xfrontend /Users/justinhou/Development/deepshelves/.build/S5SignedDerivedData/Build/Intermediates.noindex/LocalMemory.build/Release/LocalMemoryApp.build/Objects-normal/x86_64/LocalMemoryApp_const_extract_protocols.json -Xcc -iquote -Xcc /Users/justinhou/Development/deepshelves/.build/S5SignedDerivedData/Build/Intermediates.noindex/LocalMemory.build/Release/LocalMemoryApp.build/Local\ Memory-generated-files.hmap -Xcc -I/Users/justinhou/Development/deepshelves/.build/S5SignedDerivedData/Build/Intermediates.noindex/LocalMemory.build/Release/LocalMemoryApp.build/Local\ Memory-own-target-headers.hmap -Xcc -I/Users/justinhou/Development/deepshelves/.build/S5SignedDerivedData/Build/Intermediates.noindex/LocalMemory.build/Release/LocalMemoryApp.build/Local\ Memory-all-non-framework-target-headers.hmap -Xcc -ivfsoverlay -Xcc /Users/justinhou/Development/deepshelves/.build/S5SignedDerivedData/Build/Intermediates.noindex/LocalMemory.build/Release/LocalMemory-a2f6a35635c1f574034e85928886420d-VFS/all-product-headers.yaml -Xcc -iquote -Xcc /Users/justinhou/Development/deepshelves/.build/S5SignedDerivedData/Build/Intermediates.noindex/LocalMemory.build/Release/LocalMemoryApp.build/Local\ Memory-project-headers.hmap -Xcc -I/Users/justinhou/Development/deepshelves/.build/Dependencies/GRDB.swift-a285e4ca87ec6b3584c97b0ec25fc61fec02de60/Sources/GRDBSQLCipher/include -Xcc -I/Users/justinhou/Development/deepshelves/.build/S5SignedDerivedData/Build/Products/Release/include -Xcc -I/Users/justinhou/Development/deepshelves/.build/S5SignedDerivedData/Build/Intermediates.noindex/LocalMemory.build/Release/LocalMemoryApp.build/DerivedSources-normal/x86_64 -Xcc -I/Users/justinhou/Development/deepshelves/.build/S5SignedDerivedData/Build/Intermediates.noindex/LocalMemory.build/Release/LocalMemoryApp.build/DerivedSources/x86_64 -Xcc -I/Users/justinhou/Development/deepshelves/.build/S5SignedDerivedData/Build/Intermediates.noindex/LocalMemory.build/Release/LocalMemoryApp.build/DerivedSources -emit-objc-header -emit-objc-header-path /Users/justinhou/Development/deepshelves/.build/S5SignedDerivedData/Build/Intermediates.noindex/LocalMemory.build/Release/LocalMemoryApp.build/Objects-normal/x86_64/Local_Memory-Swift.h -working-directory /Users/justinhou/Development/deepshelves -no-emit-module-separately-wmo

SwiftDriver LocalMemoryApp normal arm64 com.apple.xcode.tools.swift.compiler (in target 'LocalMemoryApp' from project 'LocalMemory')
    cd /Users/justinhou/Development/deepshelves
    builtin-SwiftDriver -- /Applications/Xcode.app/Contents/Developer/Toolchains/XcodeDefault.xctoolchain/usr/bin/swiftc -module-name Local_Memory -O -whole-module-optimization @/Users/justinhou/Development/deepshelves/.build/S5SignedDerivedData/Build/Intermediates.noindex/LocalMemory.build/Release/LocalMemoryApp.build/Objects-normal/arm64/Local\ Memory.SwiftFileList -enable-experimental-feature DebugDescriptionMacro -sdk /Applications/Xcode.app/Contents/Developer/Platforms/MacOSX.platform/Developer/SDKs/MacOSX26.5.sdk -target arm64-apple-macos15.0 -g -module-cache-path /Users/justinhou/Development/deepshelves/.build/S5SignedDerivedData/ModuleCache.noindex -Xfrontend -serialize-debugging-options -warnings-as-errors -swift-version 6 -I /Users/justinhou/Development/deepshelves/.build/S5SignedDerivedData/Build/Products/Release -F /Users/justinhou/Development/deepshelves/.build/S5SignedDerivedData/Build/Products/Release/PackageFrameworks -F /Users/justinhou/Development/deepshelves/.build/S5SignedDerivedData/Build/Products/Release/PackageFrameworks -F /Users/justinhou/Development/deepshelves/.build/S5SignedDerivedData/Build/Products/Release/PackageFrameworks -F /Users/justinhou/Development/deepshelves/.build/S5SignedDerivedData/Build/Products/Release/PackageFrameworks -F /Users/justinhou/Development/deepshelves/.build/S5SignedDerivedData/Build/Products/Release/PackageFrameworks -F /Users/justinhou/Development/deepshelves/.build/S5SignedDerivedData/Build/Products/Release/PackageFrameworks -F /Users/justinhou/Development/deepshelves/.build/S5SignedDerivedData/Build/Products/Release/PackageFrameworks -F /Users/justinhou/Development/deepshelves/.build/S5SignedDerivedData/Build/Products/Release -c -num-threads 12 -Xcc -ivfsstatcache -Xcc /Users/justinhou/Development/deepshelves/.build/S5SignedDerivedData/SDKStatCaches.noindex/macosx26.5-25F70-e082c4a02f00227109f4ed75e425c832.sdkstatcache -output-file-map /Users/justinhou/Development/deepshelves/.build/S5SignedDerivedData/Build/Intermediates.noindex/LocalMemory.build/Release/LocalMemoryApp.build/Objects-normal/arm64/LocalMemoryApp-OutputFileMap.json -use-frontend-parseable-output -save-temps -no-color-diagnostics -explicit-module-build -module-cache-path /Users/justinhou/Development/deepshelves/.build/S5SignedDerivedData/Build/Intermediates.noindex/SwiftExplicitPrecompiledModules -clang-scanner-module-cache-path /Users/justinhou/Development/deepshelves/.build/S5SignedDerivedData/ModuleCache.noindex -sdk-module-cache-path /Users/justinhou/Development/deepshelves/.build/S5SignedDerivedData/ModuleCache.noindex -serialize-diagnostics -emit-dependencies -emit-module -emit-module-path /Users/justinhou/Development/deepshelves/.build/S5SignedDerivedData/Build/Intermediates.noindex/LocalMemory.build/Release/LocalMemoryApp.build/Objects-normal/arm64/Local_Memory.swiftmodule -validate-clang-modules-once -clang-build-session-file /Users/justinhou/Development/deepshelves/.build/S5SignedDerivedData/ModuleCache.noindex/Session.modulevalidation -Xcc -I/Users/justinhou/Development/deepshelves/.build/S5SignedDerivedData/Build/Intermediates.noindex/LocalMemory.build/Release/LocalMemoryApp.build/swift-overrides.hmap -emit-const-values -Xfrontend -const-gather-protocols-file -Xfrontend /Users/justinhou/Development/deepshelves/.build/S5SignedDerivedData/Build/Intermediates.noindex/LocalMemory.build/Release/LocalMemoryApp.build/Objects-normal/arm64/LocalMemoryApp_const_extract_protocols.json -Xcc -iquote -Xcc /Users/justinhou/Development/deepshelves/.build/S5SignedDerivedData/Build/Intermediates.noindex/LocalMemory.build/Release/LocalMemoryApp.build/Local\ Memory-generated-files.hmap -Xcc -I/Users/justinhou/Development/deepshelves/.build/S5SignedDerivedData/Build/Intermediates.noindex/LocalMemory.build/Release/LocalMemoryApp.build/Local\ Memory-own-target-headers.hmap -Xcc -I/Users/justinhou/Development/deepshelves/.build/S5SignedDerivedData/Build/Intermediates.noindex/LocalMemory.build/Release/LocalMemoryApp.build/Local\ Memory-all-non-framework-target-headers.hmap -Xcc -ivfsoverlay -Xcc /Users/justinhou/Development/deepshelves/.build/S5SignedDerivedData/Build/Intermediates.noindex/LocalMemory.build/Release/LocalMemory-a2f6a35635c1f574034e85928886420d-VFS/all-product-headers.yaml -Xcc -iquote -Xcc /Users/justinhou/Development/deepshelves/.build/S5SignedDerivedData/Build/Intermediates.noindex/LocalMemory.build/Release/LocalMemoryApp.build/Local\ Memory-project-headers.hmap -Xcc -I/Users/justinhou/Development/deepshelves/.build/Dependencies/GRDB.swift-a285e4ca87ec6b3584c97b0ec25fc61fec02de60/Sources/GRDBSQLCipher/include -Xcc -I/Users/justinhou/Development/deepshelves/.build/S5SignedDerivedData/Build/Products/Release/include -Xcc -I/Users/justinhou/Development/deepshelves/.build/S5SignedDerivedData/Build/Intermediates.noindex/LocalMemory.build/Release/LocalMemoryApp.build/DerivedSources-normal/arm64 -Xcc -I/Users/justinhou/Development/deepshelves/.build/S5SignedDerivedData/Build/Intermediates.noindex/LocalMemory.build/Release/LocalMemoryApp.build/DerivedSources/arm64 -Xcc -I/Users/justinhou/Development/deepshelves/.build/S5SignedDerivedData/Build/Intermediates.noindex/LocalMemory.build/Release/LocalMemoryApp.build/DerivedSources -emit-objc-header -emit-objc-header-path /Users/justinhou/Development/deepshelves/.build/S5SignedDerivedData/Build/Intermediates.noindex/LocalMemory.build/Release/LocalMemoryApp.build/Objects-normal/arm64/Local_Memory-Swift.h -working-directory /Users/justinhou/Development/deepshelves -no-emit-module-separately-wmo

CreateUniversalBinary /Users/justinhou/Development/deepshelves/.build/S5SignedDerivedData/Build/Products/Release/MemoryEnrichment.o normal arm64\ x86_64 (in target 'MemoryEnrichment' from project 'MemoryEnrichment')
    cd /Users/justinhou/Development/deepshelves/Packages/MemoryEnrichment
    /Applications/Xcode.app/Contents/Developer/Toolchains/XcodeDefault.xctoolchain/usr/bin/lipo -create /Users/justinhou/Development/deepshelves/.build/S5SignedDerivedData/Build/Intermediates.noindex/MemoryEnrichment.build/Release/MemoryEnrichment.build/Objects-normal/arm64/Binary/MemoryEnrichment.o /Users/justinhou/Development/deepshelves/.build/S5SignedDerivedData/Build/Intermediates.noindex/MemoryEnrichment.build/Release/MemoryEnrichment.build/Objects-normal/x86_64/Binary/MemoryEnrichment.o -output /Users/justinhou/Development/deepshelves/.build/S5SignedDerivedData/Build/Products/Release/MemoryEnrichment.o

ExtractAppIntentsMetadata (in target 'MemoryEnrichment' from project 'MemoryEnrichment')
    cd /Users/justinhou/Development/deepshelves/Packages/MemoryEnrichment
    /Applications/Xcode.app/Contents/Developer/Toolchains/XcodeDefault.xctoolchain/usr/bin/appintentsmetadataprocessor --toolchain-dir /Applications/Xcode.app/Contents/Developer/Toolchains/XcodeDefault.xctoolchain --module-name MemoryEnrichment --sdk-root /Applications/Xcode.app/Contents/Developer/Platforms/MacOSX.platform/Developer/SDKs/MacOSX26.5.sdk --xcode-version 17F42 --platform-family macOS --deployment-target 15.0 --bundle-identifier memoryenrichment.MemoryEnrichment --output /Users/justinhou/Development/deepshelves/.build/S5SignedDerivedData/Build/Products/Release/MemoryEnrichment.appintents --target-triple arm64-apple-macos15.0 --target-triple x86_64-apple-macos15.0 --binary-file /Users/justinhou/Development/deepshelves/.build/S5SignedDerivedData/Build/Products/Release/MemoryEnrichment.o --dependency-file /Users/justinhou/Development/deepshelves/.build/S5SignedDerivedData/Build/Intermediates.noindex/MemoryEnrichment.build/Release/MemoryEnrichment.build/Objects-normal/arm64/MemoryEnrichment_dependency_info.dat --dependency-file /Users/justinhou/Development/deepshelves/.build/S5SignedDerivedData/Build/Intermediates.noindex/MemoryEnrichment.build/Release/MemoryEnrichment.build/Objects-normal/x86_64/MemoryEnrichment_dependency_info.dat --stringsdata-file /Users/justinhou/Development/deepshelves/.build/S5SignedDerivedData/Build/Intermediates.noindex/MemoryEnrichment.build/Release/MemoryEnrichment.build/Objects-normal/arm64/ExtractedAppShortcutsMetadata.stringsdata --stringsdata-file /Users/justinhou/Development/deepshelves/.build/S5SignedDerivedData/Build/Intermediates.noindex/MemoryEnrichment.build/Release/MemoryEnrichment.build/Objects-normal/x86_64/ExtractedAppShortcutsMetadata.stringsdata --source-file-list /Users/justinhou/Development/deepshelves/.build/S5SignedDerivedData/Build/Intermediates.noindex/MemoryEnrichment.build/Release/MemoryEnrichment.build/Objects-normal/arm64/MemoryEnrichment.SwiftFileList --source-file-list /Users/justinhou/Development/deepshelves/.build/S5SignedDerivedData/Build/Intermediates.noindex/MemoryEnrichment.build/Release/MemoryEnrichment.build/Objects-normal/x86_64/MemoryEnrichment.SwiftFileList --metadata-file-list /Users/justinhou/Development/deepshelves/.build/S5SignedDerivedData/Build/Intermediates.noindex/MemoryEnrichment.build/Release/MemoryEnrichment.build/MemoryEnrichment.DependencyMetadataFileList --static-metadata-file-list /Users/justinhou/Development/deepshelves/.build/S5SignedDerivedData/Build/Intermediates.noindex/MemoryEnrichment.build/Release/MemoryEnrichment.build/MemoryEnrichment.DependencyStaticMetadataFileList --swift-const-vals-list /Users/justinhou/Development/deepshelves/.build/S5SignedDerivedData/Build/Intermediates.noindex/MemoryEnrichment.build/Release/MemoryEnrichment.build/Objects-normal/arm64/MemoryEnrichment.SwiftConstValuesFileList --swift-const-vals-list /Users/justinhou/Development/deepshelves/.build/S5SignedDerivedData/Build/Intermediates.noindex/MemoryEnrichment.build/Release/MemoryEnrichment.build/Objects-normal/x86_64/MemoryEnrichment.SwiftConstValuesFileList --force --compile-time-extraction --deployment-aware-processing --validate-assistant-intents --no-app-shortcuts-localization
2026-08-28 00:40:37.579 appintentsmetadataprocessor[41177:23030671] Starting appintentsmetadataprocessor export
2026-08-28 00:40:37.609 appintentsmetadataprocessor[41177:23030671] Extracted no relevant App Intents symbols, skipping writing output

RegisterExecutionPolicyException /Users/justinhou/Development/deepshelves/.build/S5SignedDerivedData/Build/Products/Release/MemoryEnrichment.o (in target 'MemoryEnrichment' from project 'MemoryEnrichment')
    cd /Users/justinhou/Development/deepshelves/Packages/MemoryEnrichment
    builtin-RegisterExecutionPolicyException /Users/justinhou/Development/deepshelves/.build/S5SignedDerivedData/Build/Products/Release/MemoryEnrichment.o

SwiftDriver\ Compilation MemoryStore normal arm64 com.apple.xcode.tools.swift.compiler (in target 'MemoryStore' from project 'MemoryStore')
    cd /Users/justinhou/Development/deepshelves/LocalMemory.xcodeproj
    builtin-Swift-Compilation -- /Applications/Xcode.app/Contents/Developer/Toolchains/XcodeDefault.xctoolchain/usr/bin/swiftc -module-name MemoryStore -O -whole-module-optimization @/Users/justinhou/Development/deepshelves/.build/S5SignedDerivedData/Build/Intermediates.noindex/MemoryStore.build/Release/MemoryStore.build/Objects-normal/arm64/MemoryStore.SwiftFileList -DSWIFT_PACKAGE -DSWIFT_MODULE_RESOURCE_BUNDLE_UNAVAILABLE -DXcode -plugin-path /Applications/Xcode.app/Contents/Developer/Toolchains/XcodeDefault.xctoolchain/usr/lib/swift/host/plugins/testing -enable-experimental-feature DebugDescriptionMacro -sdk /Applications/Xcode.app/Contents/Developer/Platforms/MacOSX.platform/Developer/SDKs/MacOSX26.5.sdk -target arm64-apple-macos15.0 -g -module-cache-path /Users/justinhou/Development/deepshelves/.build/S5SignedDerivedData/ModuleCache.noindex -Xfrontend -serialize-debugging-options -swift-version 6 -I /Users/justinhou/Development/deepshelves/.build/S5SignedDerivedData/Build/Products/Release -Isystem /Applications/Xcode.app/Contents/Developer/Platforms/MacOSX.platform/Developer/usr/lib -F /Users/justinhou/Development/deepshelves/.build/S5SignedDerivedData/Build/Products/Release/PackageFrameworks -F /Users/justinhou/Development/deepshelves/.build/S5SignedDerivedData/Build/Products/Release/PackageFrameworks -F /Users/justinhou/Development/deepshelves/.build/S5SignedDerivedData/Build/Products/Release -F /Applications/Xcode.app/Contents/Developer/Platforms/MacOSX.platform/Developer/Library/Frameworks -c -num-threads 12 -Xcc -ivfsstatcache -Xcc /Users/justinhou/Development/deepshelves/.build/S5SignedDerivedData/SDKStatCaches.noindex/macosx26.5-25F70-e082c4a02f00227109f4ed75e425c832.sdkstatcache -output-file-map /Users/justinhou/Development/deepshelves/.build/S5SignedDerivedData/Build/Intermediates.noindex/MemoryStore.build/Release/MemoryStore.build/Objects-normal/arm64/MemoryStore-OutputFileMap.json -use-frontend-parseable-output -save-temps -no-color-diagnostics -explicit-module-build -module-cache-path /Users/justinhou/Development/deepshelves/.build/S5SignedDerivedData/Build/Intermediates.noindex/SwiftExplicitPrecompiledModules -clang-scanner-module-cache-path /Users/justinhou/Development/deepshelves/.build/S5SignedDerivedData/ModuleCache.noindex -sdk-module-cache-path /Users/justinhou/Development/deepshelves/.build/S5SignedDerivedData/ModuleCache.noindex -serialize-diagnostics -emit-dependencies -emit-module -emit-module-path /Users/justinhou/Development/deepshelves/.build/S5SignedDerivedData/Build/Intermediates.noindex/MemoryStore.build/Release/MemoryStore.build/Objects-normal/arm64/MemoryStore.swiftmodule -validate-clang-modules-once -clang-build-session-file /Users/justinhou/Development/deepshelves/.build/S5SignedDerivedData/ModuleCache.noindex/Session.modulevalidation -package-name memorystore -Xcc -I/Users/justinhou/Development/deepshelves/.build/S5SignedDerivedData/Build/Intermediates.noindex/MemoryStore.build/Release/MemoryStore.build/swift-overrides.hmap -emit-const-values -Xfrontend -const-gather-protocols-file -Xfrontend /Users/justinhou/Development/deepshelves/.build/S5SignedDerivedData/Build/Intermediates.noindex/MemoryStore.build/Release/MemoryStore.build/Objects-normal/arm64/MemoryStore_const_extract_protocols.json -Xcc -I/Users/justinhou/Development/deepshelves/.build/Dependencies/GRDB.swift-a285e4ca87ec6b3584c97b0ec25fc61fec02de60/Sources/GRDBSQLCipher/include -Xcc -I/Users/justinhou/Development/deepshelves/.build/S5SignedDerivedData/Build/Products/Release/include -Xcc -I/Users/justinhou/Development/deepshelves/.build/S5SignedDerivedData/Build/Intermediates.noindex/MemoryStore.build/Release/MemoryStore.build/DerivedSources-normal/arm64 -Xcc -I/Users/justinhou/Development/deepshelves/.build/S5SignedDerivedData/Build/Intermediates.noindex/MemoryStore.build/Release/MemoryStore.build/DerivedSources/arm64 -Xcc -I/Users/justinhou/Development/deepshelves/.build/S5SignedDerivedData/Build/Intermediates.noindex/MemoryStore.build/Release/MemoryStore.build/DerivedSources -Xcc -DSWIFT_PACKAGE -emit-objc-header -emit-objc-header-path /Users/justinhou/Development/deepshelves/.build/S5SignedDerivedData/Build/Intermediates.noindex/MemoryStore.build/Release/MemoryStore.build/Objects-normal/arm64/MemoryStore-Swift.h -working-directory /Users/justinhou/Development/deepshelves/LocalMemory.xcodeproj -no-emit-module-separately-wmo

SwiftDriver\ Compilation MemoryStore normal x86_64 com.apple.xcode.tools.swift.compiler (in target 'MemoryStore' from project 'MemoryStore')
    cd /Users/justinhou/Development/deepshelves/LocalMemory.xcodeproj
    builtin-Swift-Compilation -- /Applications/Xcode.app/Contents/Developer/Toolchains/XcodeDefault.xctoolchain/usr/bin/swiftc -module-name MemoryStore -O -whole-module-optimization @/Users/justinhou/Development/deepshelves/.build/S5SignedDerivedData/Build/Intermediates.noindex/MemoryStore.build/Release/MemoryStore.build/Objects-normal/x86_64/MemoryStore.SwiftFileList -DSWIFT_PACKAGE -DSWIFT_MODULE_RESOURCE_BUNDLE_UNAVAILABLE -DXcode -plugin-path /Applications/Xcode.app/Contents/Developer/Toolchains/XcodeDefault.xctoolchain/usr/lib/swift/host/plugins/testing -enable-experimental-feature DebugDescriptionMacro -sdk /Applications/Xcode.app/Contents/Developer/Platforms/MacOSX.platform/Developer/SDKs/MacOSX26.5.sdk -target x86_64-apple-macos15.0 -g -module-cache-path /Users/justinhou/Development/deepshelves/.build/S5SignedDerivedData/ModuleCache.noindex -Xfrontend -serialize-debugging-options -swift-version 6 -I /Users/justinhou/Development/deepshelves/.build/S5SignedDerivedData/Build/Products/Release -Isystem /Applications/Xcode.app/Contents/Developer/Platforms/MacOSX.platform/Developer/usr/lib -F /Users/justinhou/Development/deepshelves/.build/S5SignedDerivedData/Build/Products/Release/PackageFrameworks -F /Users/justinhou/Development/deepshelves/.build/S5SignedDerivedData/Build/Products/Release/PackageFrameworks -F /Users/justinhou/Development/deepshelves/.build/S5SignedDerivedData/Build/Products/Release -F /Applications/Xcode.app/Contents/Developer/Platforms/MacOSX.platform/Developer/Library/Frameworks -c -num-threads 12 -Xcc -ivfsstatcache -Xcc /Users/justinhou/Development/deepshelves/.build/S5SignedDerivedData/SDKStatCaches.noindex/macosx26.5-25F70-e082c4a02f00227109f4ed75e425c832.sdkstatcache -output-file-map /Users/justinhou/Development/deepshelves/.build/S5SignedDerivedData/Build/Intermediates.noindex/MemoryStore.build/Release/MemoryStore.build/Objects-normal/x86_64/MemoryStore-OutputFileMap.json -use-frontend-parseable-output -save-temps -no-color-diagnostics -explicit-module-build -module-cache-path /Users/justinhou/Development/deepshelves/.build/S5SignedDerivedData/Build/Intermediates.noindex/SwiftExplicitPrecompiledModules -clang-scanner-module-cache-path /Users/justinhou/Development/deepshelves/.build/S5SignedDerivedData/ModuleCache.noindex -sdk-module-cache-path /Users/justinhou/Development/deepshelves/.build/S5SignedDerivedData/ModuleCache.noindex -serialize-diagnostics -emit-dependencies -emit-module -emit-module-path /Users/justinhou/Development/deepshelves/.build/S5SignedDerivedData/Build/Intermediates.noindex/MemoryStore.build/Release/MemoryStore.build/Objects-normal/x86_64/MemoryStore.swiftmodule -validate-clang-modules-once -clang-build-session-file /Users/justinhou/Development/deepshelves/.build/S5SignedDerivedData/ModuleCache.noindex/Session.modulevalidation -package-name memorystore -Xcc -I/Users/justinhou/Development/deepshelves/.build/S5SignedDerivedData/Build/Intermediates.noindex/MemoryStore.build/Release/MemoryStore.build/swift-overrides.hmap -emit-const-values -Xfrontend -const-gather-protocols-file -Xfrontend /Users/justinhou/Development/deepshelves/.build/S5SignedDerivedData/Build/Intermediates.noindex/MemoryStore.build/Release/MemoryStore.build/Objects-normal/x86_64/MemoryStore_const_extract_protocols.json -Xcc -I/Users/justinhou/Development/deepshelves/.build/Dependencies/GRDB.swift-a285e4ca87ec6b3584c97b0ec25fc61fec02de60/Sources/GRDBSQLCipher/include -Xcc -I/Users/justinhou/Development/deepshelves/.build/S5SignedDerivedData/Build/Products/Release/include -Xcc -I/Users/justinhou/Development/deepshelves/.build/S5SignedDerivedData/Build/Intermediates.noindex/MemoryStore.build/Release/MemoryStore.build/DerivedSources-normal/x86_64 -Xcc -I/Users/justinhou/Development/deepshelves/.build/S5SignedDerivedData/Build/Intermediates.noindex/MemoryStore.build/Release/MemoryStore.build/DerivedSources/x86_64 -Xcc -I/Users/justinhou/Development/deepshelves/.build/S5SignedDerivedData/Build/Intermediates.noindex/MemoryStore.build/Release/MemoryStore.build/DerivedSources -Xcc -DSWIFT_PACKAGE -emit-objc-header -emit-objc-header-path /Users/justinhou/Development/deepshelves/.build/S5SignedDerivedData/Build/Intermediates.noindex/MemoryStore.build/Release/MemoryStore.build/Objects-normal/x86_64/MemoryStore-Swift.h -working-directory /Users/justinhou/Development/deepshelves/LocalMemory.xcodeproj -no-emit-module-separately-wmo

ExtractAppIntentsMetadata (in target 'MemoryStore' from project 'MemoryStore')
    cd /Users/justinhou/Development/deepshelves/Packages/MemoryStore
    /Applications/Xcode.app/Contents/Developer/Toolchains/XcodeDefault.xctoolchain/usr/bin/appintentsmetadataprocessor --toolchain-dir /Applications/Xcode.app/Contents/Developer/Toolchains/XcodeDefault.xctoolchain --module-name MemoryStore --sdk-root /Applications/Xcode.app/Contents/Developer/Platforms/MacOSX.platform/Developer/SDKs/MacOSX26.5.sdk --xcode-version 17F42 --platform-family macOS --deployment-target 15.0 --bundle-identifier memorystore.MemoryStore --output /Users/justinhou/Development/deepshelves/.build/S5SignedDerivedData/Build/Products/Release/MemoryStore.appintents --target-triple arm64-apple-macos15.0 --target-triple x86_64-apple-macos15.0 --binary-file /Users/justinhou/Development/deepshelves/.build/S5SignedDerivedData/Build/Products/Release/MemoryStore.o --dependency-file /Users/justinhou/Development/deepshelves/.build/S5SignedDerivedData/Build/Intermediates.noindex/MemoryStore.build/Release/MemoryStore.build/Objects-normal/arm64/MemoryStore_dependency_info.dat --dependency-file /Users/justinhou/Development/deepshelves/.build/S5SignedDerivedData/Build/Intermediates.noindex/MemoryStore.build/Release/MemoryStore.build/Objects-normal/x86_64/MemoryStore_dependency_info.dat --stringsdata-file /Users/justinhou/Development/deepshelves/.build/S5SignedDerivedData/Build/Intermediates.noindex/MemoryStore.build/Release/MemoryStore.build/Objects-normal/arm64/ExtractedAppShortcutsMetadata.stringsdata --stringsdata-file /Users/justinhou/Development/deepshelves/.build/S5SignedDerivedData/Build/Intermediates.noindex/MemoryStore.build/Release/MemoryStore.build/Objects-normal/x86_64/ExtractedAppShortcutsMetadata.stringsdata --source-file-list /Users/justinhou/Development/deepshelves/.build/S5SignedDerivedData/Build/Intermediates.noindex/MemoryStore.build/Release/MemoryStore.build/Objects-normal/arm64/MemoryStore.SwiftFileList --source-file-list /Users/justinhou/Development/deepshelves/.build/S5SignedDerivedData/Build/Intermediates.noindex/MemoryStore.build/Release/MemoryStore.build/Objects-normal/x86_64/MemoryStore.SwiftFileList --metadata-file-list /Users/justinhou/Development/deepshelves/.build/S5SignedDerivedData/Build/Intermediates.noindex/MemoryStore.build/Release/MemoryStore.build/MemoryStore.DependencyMetadataFileList --static-metadata-file-list /Users/justinhou/Development/deepshelves/.build/S5SignedDerivedData/Build/Intermediates.noindex/MemoryStore.build/Release/MemoryStore.build/MemoryStore.DependencyStaticMetadataFileList --swift-const-vals-list /Users/justinhou/Development/deepshelves/.build/S5SignedDerivedData/Build/Intermediates.noindex/MemoryStore.build/Release/MemoryStore.build/Objects-normal/arm64/MemoryStore.SwiftConstValuesFileList --swift-const-vals-list /Users/justinhou/Development/deepshelves/.build/S5SignedDerivedData/Build/Intermediates.noindex/MemoryStore.build/Release/MemoryStore.build/Objects-normal/x86_64/MemoryStore.SwiftConstValuesFileList --force --compile-time-extraction --deployment-aware-processing --validate-assistant-intents --no-app-shortcuts-localization
2026-08-28 00:40:37.663 appintentsmetadataprocessor[41178:23030691] Starting appintentsmetadataprocessor export
2026-08-28 00:40:37.678 appintentsmetadataprocessor[41178:23030691] Extracted no relevant App Intents symbols, skipping writing output

RegisterExecutionPolicyException /Users/justinhou/Development/deepshelves/.build/S5SignedDerivedData/Build/Products/Release/MemoryStore.o (in target 'MemoryStore' from project 'MemoryStore')
    cd /Users/justinhou/Development/deepshelves/Packages/MemoryStore
    builtin-RegisterExecutionPolicyException /Users/justinhou/Development/deepshelves/.build/S5SignedDerivedData/Build/Products/Release/MemoryStore.o

SwiftDriver\ Compilation LocalMemoryApp normal x86_64 com.apple.xcode.tools.swift.compiler (in target 'LocalMemoryApp' from project 'LocalMemory')
    cd /Users/justinhou/Development/deepshelves
    builtin-Swift-Compilation -- /Applications/Xcode.app/Contents/Developer/Toolchains/XcodeDefault.xctoolchain/usr/bin/swiftc -module-name Local_Memory -O -whole-module-optimization @/Users/justinhou/Development/deepshelves/.build/S5SignedDerivedData/Build/Intermediates.noindex/LocalMemory.build/Release/LocalMemoryApp.build/Objects-normal/x86_64/Local\ Memory.SwiftFileList -enable-experimental-feature DebugDescriptionMacro -sdk /Applications/Xcode.app/Contents/Developer/Platforms/MacOSX.platform/Developer/SDKs/MacOSX26.5.sdk -target x86_64-apple-macos15.0 -g -module-cache-path /Users/justinhou/Development/deepshelves/.build/S5SignedDerivedData/ModuleCache.noindex -Xfrontend -serialize-debugging-options -warnings-as-errors -swift-version 6 -I /Users/justinhou/Development/deepshelves/.build/S5SignedDerivedData/Build/Products/Release -F /Users/justinhou/Development/deepshelves/.build/S5SignedDerivedData/Build/Products/Release/PackageFrameworks -F /Users/justinhou/Development/deepshelves/.build/S5SignedDerivedData/Build/Products/Release/PackageFrameworks -F /Users/justinhou/Development/deepshelves/.build/S5SignedDerivedData/Build/Products/Release/PackageFrameworks -F /Users/justinhou/Development/deepshelves/.build/S5SignedDerivedData/Build/Products/Release/PackageFrameworks -F /Users/justinhou/Development/deepshelves/.build/S5SignedDerivedData/Build/Products/Release/PackageFrameworks -F /Users/justinhou/Development/deepshelves/.build/S5SignedDerivedData/Build/Products/Release/PackageFrameworks -F /Users/justinhou/Development/deepshelves/.build/S5SignedDerivedData/Build/Products/Release/PackageFrameworks -F /Users/justinhou/Development/deepshelves/.build/S5SignedDerivedData/Build/Products/Release -c -num-threads 12 -Xcc -ivfsstatcache -Xcc /Users/justinhou/Development/deepshelves/.build/S5SignedDerivedData/SDKStatCaches.noindex/macosx26.5-25F70-e082c4a02f00227109f4ed75e425c832.sdkstatcache -output-file-map /Users/justinhou/Development/deepshelves/.build/S5SignedDerivedData/Build/Intermediates.noindex/LocalMemory.build/Release/LocalMemoryApp.build/Objects-normal/x86_64/LocalMemoryApp-OutputFileMap.json -use-frontend-parseable-output -save-temps -no-color-diagnostics -explicit-module-build -module-cache-path /Users/justinhou/Development/deepshelves/.build/S5SignedDerivedData/Build/Intermediates.noindex/SwiftExplicitPrecompiledModules -clang-scanner-module-cache-path /Users/justinhou/Development/deepshelves/.build/S5SignedDerivedData/ModuleCache.noindex -sdk-module-cache-path /Users/justinhou/Development/deepshelves/.build/S5SignedDerivedData/ModuleCache.noindex -serialize-diagnostics -emit-dependencies -emit-module -emit-module-path /Users/justinhou/Development/deepshelves/.build/S5SignedDerivedData/Build/Intermediates.noindex/LocalMemory.build/Release/LocalMemoryApp.build/Objects-normal/x86_64/Local_Memory.swiftmodule -validate-clang-modules-once -clang-build-session-file /Users/justinhou/Development/deepshelves/.build/S5SignedDerivedData/ModuleCache.noindex/Session.modulevalidation -Xcc -I/Users/justinhou/Development/deepshelves/.build/S5SignedDerivedData/Build/Intermediates.noindex/LocalMemory.build/Release/LocalMemoryApp.build/swift-overrides.hmap -emit-const-values -Xfrontend -const-gather-protocols-file -Xfrontend /Users/justinhou/Development/deepshelves/.build/S5SignedDerivedData/Build/Intermediates.noindex/LocalMemory.build/Release/LocalMemoryApp.build/Objects-normal/x86_64/LocalMemoryApp_const_extract_protocols.json -Xcc -iquote -Xcc /Users/justinhou/Development/deepshelves/.build/S5SignedDerivedData/Build/Intermediates.noindex/LocalMemory.build/Release/LocalMemoryApp.build/Local\ Memory-generated-files.hmap -Xcc -I/Users/justinhou/Development/deepshelves/.build/S5SignedDerivedData/Build/Intermediates.noindex/LocalMemory.build/Release/LocalMemoryApp.build/Local\ Memory-own-target-headers.hmap -Xcc -I/Users/justinhou/Development/deepshelves/.build/S5SignedDerivedData/Build/Intermediates.noindex/LocalMemory.build/Release/LocalMemoryApp.build/Local\ Memory-all-non-framework-target-headers.hmap -Xcc -ivfsoverlay -Xcc /Users/justinhou/Development/deepshelves/.build/S5SignedDerivedData/Build/Intermediates.noindex/LocalMemory.build/Release/LocalMemory-a2f6a35635c1f574034e85928886420d-VFS/all-product-headers.yaml -Xcc -iquote -Xcc /Users/justinhou/Development/deepshelves/.build/S5SignedDerivedData/Build/Intermediates.noindex/LocalMemory.build/Release/LocalMemoryApp.build/Local\ Memory-project-headers.hmap -Xcc -I/Users/justinhou/Development/deepshelves/.build/Dependencies/GRDB.swift-a285e4ca87ec6b3584c97b0ec25fc61fec02de60/Sources/GRDBSQLCipher/include -Xcc -I/Users/justinhou/Development/deepshelves/.build/S5SignedDerivedData/Build/Products/Release/include -Xcc -I/Users/justinhou/Development/deepshelves/.build/S5SignedDerivedData/Build/Intermediates.noindex/LocalMemory.build/Release/LocalMemoryApp.build/DerivedSources-normal/x86_64 -Xcc -I/Users/justinhou/Development/deepshelves/.build/S5SignedDerivedData/Build/Intermediates.noindex/LocalMemory.build/Release/LocalMemoryApp.build/DerivedSources/x86_64 -Xcc -I/Users/justinhou/Development/deepshelves/.build/S5SignedDerivedData/Build/Intermediates.noindex/LocalMemory.build/Release/LocalMemoryApp.build/DerivedSources -emit-objc-header -emit-objc-header-path /Users/justinhou/Development/deepshelves/.build/S5SignedDerivedData/Build/Intermediates.noindex/LocalMemory.build/Release/LocalMemoryApp.build/Objects-normal/x86_64/Local_Memory-Swift.h -working-directory /Users/justinhou/Development/deepshelves -no-emit-module-separately-wmo

SwiftCompile normal x86_64 Compiling\ CaptureSpikeHarness.swift,\ ContextSpikeHarness.swift,\ LM008ChildModes.swift,\ LocalMemoryApp.swift,\ S6SpikeHarness.swift,\ S7OfflineSpikeRunner.swift /Users/justinhou/Development/deepshelves/Apps/LocalMemoryApp/CaptureSpikeHarness.swift /Users/justinhou/Development/deepshelves/Apps/LocalMemoryApp/ContextSpikeHarness.swift /Users/justinhou/Development/deepshelves/Apps/LocalMemoryApp/LM008ChildModes.swift /Users/justinhou/Development/deepshelves/Apps/LocalMemoryApp/LocalMemoryApp.swift /Users/justinhou/Development/deepshelves/Apps/LocalMemoryApp/S6SpikeHarness.swift /Users/justinhou/Development/deepshelves/Apps/LocalMemoryApp/S7OfflineSpikeRunner.swift /Applications/Xcode.app/Contents/Developer/Toolchains/XcodeDefault.xctoolchain/usr/lib/swift/macosx/prebuilt-modules/26.5/CoreML.swiftmodule/x86_64-apple-macos.swiftmodule /Applications/Xcode.app/Contents/Developer/Toolchains/XcodeDefault.xctoolchain/usr/lib/swift/macosx/prebuilt-modules/26.5/QuartzCore.swiftmodule/x86_64-apple-macos.swiftmodule /Applications/Xcode.app/Contents/Developer/Toolchains/XcodeDefault.xctoolchain/usr/lib/swift/macosx/prebuilt-modules/26.5/CryptoKit.swiftmodule/x86_64-apple-macos.swiftmodule /Applications/Xcode.app/Contents/Developer/Toolchains/XcodeDefault.xctoolchain/usr/lib/swift/macosx/prebuilt-modules/26.5/OSLog.swiftmodule/x86_64-apple-macos.swiftmodule /Applications/Xcode.app/Contents/Developer/Toolchains/XcodeDefault.xctoolchain/usr/lib/swift/macosx/prebuilt-modules/26.5/AppKit.swiftmodule/x86_64-apple-macos.swiftmodule /Applications/Xcode.app/Contents/Developer/Toolchains/XcodeDefault.xctoolchain/usr/lib/swift/macosx/prebuilt-modules/26.5/_DarwinFoundation2.swiftmodule/x86_64-apple-macos.swiftmodule /Applications/Xcode.app/Contents/Developer/Toolchains/XcodeDefault.xctoolchain/usr/lib/swift/macosx/prebuilt-modules/26.5/Accessibility.swiftmodule/x86_64-apple-macos.swiftmodule /Applications/Xcode.app/Contents/Developer/Toolchains/XcodeDefault.xctoolchain/usr/lib/swift/macosx/prebuilt-modules/26.5/_DarwinFoundation1.swiftmodule/x86_64-apple-macos.swiftmodule /Applications/Xcode.app/Contents/Developer/Toolchains/XcodeDefault.xctoolchain/usr/lib/swift/macosx/prebuilt-modules/26.5/DataDetection.swiftmodule/x86_64-apple-macos.swiftmodule /Applications/Xcode.app/Contents/Developer/Toolchains/XcodeDefault.xctoolchain/usr/lib/swift/macosx/prebuilt-modules/26.5/CoreMedia.swiftmodule/x86_64-apple-macos.swiftmodule /Applications/Xcode.app/Contents/Developer/Toolchains/XcodeDefault.xctoolchain/usr/lib/swift/macosx/prebuilt-modules/26.5/simd.swiftmodule/x86_64-apple-macos.swiftmodule /Applications/Xcode.app/Contents/Developer/Toolchains/XcodeDefault.xctoolchain/usr/lib/swift/macosx/prebuilt-modules/26.5/Combine.swiftmodule/x86_64-apple-macos.swiftmodule /Applications/Xcode.app/Contents/Developer/Toolchains/XcodeDefault.xctoolchain/usr/lib/swift/macosx/prebuilt-modules/26.5/CoreFoundation.swiftmodule/x86_64-apple-macos.swiftmodule /Applications/Xcode.app/Contents/Developer/Toolchains/XcodeDefault.xctoolchain/usr/lib/swift/macosx/prebuilt-modules/26.5/SwiftUI.swiftmodule/x86_64-apple-macos.swiftmodule /Applications/Xcode.app/Contents/Developer/Toolchains/XcodeDefault.xctoolchain/usr/lib/swift/macosx/prebuilt-modules/26.5/ObjectiveC.swiftmodule/x86_64-apple-macos.swiftmodule /Applications/Xcode.app/Contents/Developer/Toolchains/XcodeDefault.xctoolchain/usr/lib/swift/macosx/prebuilt-modules/26.5/CoreText.swiftmodule/x86_64-apple-macos.swiftmodule /Applications/Xcode.app/Contents/Developer/Toolchains/XcodeDefault.xctoolchain/usr/lib/swift/macosx/prebuilt-modules/26.5/AVFAudio.swiftmodule/x86_64-apple-macos.swiftmodule /Applications/Xcode.app/Contents/Developer/Toolchains/XcodeDefault.xctoolchain/usr/lib/swift/macosx/prebuilt-modules/26.5/CoreData.swiftmodule/x86_64-apple-macos.swiftmodule /Users/justinhou/Development/deepshelves/.build/S5SignedDerivedData/Build/Products/Release/MemoryEnrichment.swiftmodule/x86_64-apple-macos.swiftmodule /Applications/Xcode.app/Contents/Developer/Toolchains/XcodeDefault.xctoolchain/usr/lib/swift/macosx/prebuilt-modules/26.5/CoreTransferable.swiftmodule/x86_64-apple-macos.swiftmodule /Applications/Xcode.app/Contents/Developer/Toolchains/XcodeDefault.xctoolchain/usr/lib/swift/macosx/prebuilt-modules/26.5/AudioToolbox.swiftmodule/x86_64-apple-macos.swiftmodule /Applications/Xcode.app/Contents/Developer/Toolchains/XcodeDefault.xctoolchain/usr/lib/swift/macosx/prebuilt-modules/26.5/Darwin.swiftmodule/x86_64-apple-macos.swiftmodule /Applications/Xcode.app/Contents/Developer/Toolchains/XcodeDefault.xctoolchain/usr/lib/swift/macosx/prebuilt-modules/26.5/Accelerate.swiftmodule/x86_64-apple-macos.swiftmodule /Users/justinhou/Development/deepshelves/.build/S5SignedDerivedData/Build/Products/Release/MemoryCapture.swiftmodule/x86_64-apple-macos.swiftmodule /Applications/Xcode.app/Contents/Developer/Toolchains/XcodeDefault.xctoolchain/usr/lib/swift/macosx/prebuilt-modules/26.5/Dispatch.swiftmodule/x86_64-apple-macos.swiftmodule /Applications/Xcode.app/Contents/Developer/Toolchains/XcodeDefault.xctoolchain/usr/lib/swift/macosx/prebuilt-modules/26.5/LocalAuthentication.swiftmodule/x86_64-apple-macos.swiftmodule /Applications/Xcode.app/Contents/Developer/Toolchains/XcodeDefault.xctoolchain/usr/lib/swift/macosx/prebuilt-modules/26.5/Synchronization.swiftmodule/x86_64-apple-macos.swiftmodule /Applications/Xcode.app/Contents/Developer/Toolchains/XcodeDefault.xctoolchain/usr/lib/swift/macosx/prebuilt-modules/26.5/CoreGraphics.swiftmodule/x86_64-apple-macos.swiftmodule /Applications/Xcode.app/Contents/Developer/Toolchains/XcodeDefault.xctoolchain/usr/lib/swift/macosx/prebuilt-modules/26.5/System.swiftmodule/x86_64-apple-macos.swiftmodule /Applications/Xcode.app/Contents/Developer/Toolchains/XcodeDefault.xctoolchain/usr/lib/swift/macosx/prebuilt-modules/26.5/CoreImage.swiftmodule/x86_64-apple-macos.swiftmodule /Applications/Xcode.app/Contents/Developer/Toolchains/XcodeDefault.xctoolchain/usr/lib/swift/macosx/prebuilt-modules/26.5/CoreMIDI.swiftmodule/x86_64-apple-macos.swiftmodule /Applications/Xcode.app/Contents/Developer/Toolchains/XcodeDefault.xctoolchain/usr/lib/swift/macosx/prebuilt-modules/26.5/_DarwinFoundation3.swiftmodule/x86_64-apple-macos.swiftmodule /Applications/Xcode.app/Contents/Developer/Toolchains/XcodeDefault.xctoolchain/usr/lib/swift/macosx/prebuilt-modules/26.5/_Builtin_float.swiftmodule/x86_64-apple-macos.swiftmodule /Users/justinhou/Development/deepshelves/.build/S5SignedDerivedData/Build/Products/Release/MemoryDesignSystem.swiftmodule/x86_64-apple-macos.swiftmodule /Applications/Xcode.app/Contents/Developer/Toolchains/XcodeDefault.xctoolchain/usr/lib/swift/macosx/prebuilt-modules/26.5/Symbols.swiftmodule/x86_64-apple-macos.swiftmodule /Applications/Xcode.app/Contents/Developer/Toolchains/XcodeDefault.xctoolchain/usr/lib/swift/macosx/prebuilt-modules/26.5/Swift.swiftmodule/x86_64-apple-macos.swiftmodule /Applications/Xcode.app/Contents/Developer/Toolchains/XcodeDefault.xctoolchain/usr/lib/swift/macosx/prebuilt-modules/26.5/XPC.swiftmodule/x86_64-apple-macos.swiftmodule /Applications/Xcode.app/Contents/Developer/Toolchains/XcodeDefault.xctoolchain/usr/lib/swift/macosx/prebuilt-modules/26.5/VideoToolbox.swiftmodule/x86_64-apple-macos.swiftmodule /Applications/Xcode.app/Contents/Developer/Toolchains/XcodeDefault.xctoolchain/usr/lib/swift/macosx/prebuilt-modules/26.5/DeveloperToolsSupport.swiftmodule/x86_64-apple-macos.swiftmodule /Applications/Xcode.app/Contents/Developer/Toolchains/XcodeDefault.xctoolchain/usr/lib/swift/macosx/prebuilt-modules/26.5/Observation.swiftmodule/x86_64-apple-macos.swiftmodule /Applications/Xcode.app/Contents/Developer/Toolchains/XcodeDefault.xctoolchain/usr/lib/swift/macosx/prebuilt-modules/26.5/IOKit.swiftmodule/x86_64-apple-macos.swiftmodule /Users/justinhou/Development/deepshelves/.build/S5SignedDerivedData/Build/Products/Release/MemoryContracts.swiftmodule/x86_64-apple-macos.swiftmodule /Applications/Xcode.app/Contents/Developer/Toolchains/XcodeDefault.xctoolchain/usr/lib/swift/macosx/prebuilt-modules/26.5/ScreenCaptureKit.swiftmodule/x86_64-apple-macos.swiftmodule /Applications/Xcode.app/Contents/Developer/Toolchains/XcodeDefault.xctoolchain/usr/lib/swift/macosx/prebuilt-modules/26.5/Metal.swiftmodule/x86_64-apple-macos.swiftmodule /Applications/Xcode.app/Contents/Developer/Toolchains/XcodeDefault.xctoolchain/usr/lib/swift/macosx/prebuilt-modules/26.5/_StringProcessing.swiftmodule/x86_64-apple-macos.swiftmodule /Applications/Xcode.app/Contents/Developer/Toolchains/XcodeDefault.xctoolchain/usr/lib/swift/macosx/prebuilt-modules/26.5/_Concurrency.swiftmodule/x86_64-apple-macos.swiftmodule /Applications/Xcode.app/Contents/Developer/Toolchains/XcodeDefault.xctoolchain/usr/lib/swift/macosx/prebuilt-modules/26.5/Vision.swiftmodule/x86_64-apple-macos.swiftmodule /Users/justinhou/Development/deepshelves/.build/S5SignedDerivedData/Build/Products/Release/MemoryStore.swiftmodule/x86_64-apple-macos.swiftmodule /Applications/Xcode.app/Contents/Developer/Toolchains/XcodeDefault.xctoolchain/usr/lib/swift/macosx/prebuilt-modules/26.5/UniformTypeIdentifiers.swiftmodule/x86_64-apple-macos.swiftmodule /Applications/Xcode.app/Contents/Developer/Toolchains/XcodeDefault.xctoolchain/usr/lib/swift/macosx/prebuilt-modules/26.5/Spatial.swiftmodule/x86_64-apple-macos.swiftmodule /Applications/Xcode.app/Contents/Developer/Toolchains/XcodeDefault.xctoolchain/usr/lib/swift/macosx/prebuilt-modules/26.5/AVFoundation.swiftmodule/x86_64-apple-macos.swiftmodule /Applications/Xcode.app/Contents/Developer/Toolchains/XcodeDefault.xctoolchain/usr/lib/swift/macosx/prebuilt-modules/26.5/CoreAudio.swiftmodule/x86_64-apple-macos.swiftmodule /Applications/Xcode.app/Contents/Developer/Toolchains/XcodeDefault.xctoolchain/usr/lib/swift/macosx/prebuilt-modules/26.5/SwiftUICore.swiftmodule/x86_64-apple-macos.swiftmodule /Applications/Xcode.app/Contents/Developer/Toolchains/XcodeDefault.xctoolchain/usr/lib/swift/macosx/prebuilt-modules/26.5/Foundation.swiftmodule/x86_64-apple-macos.swiftmodule /Applications/Xcode.app/Contents/Developer/Toolchains/XcodeDefault.xctoolchain/usr/lib/swift/macosx/prebuilt-modules/26.5/os.swiftmodule/x86_64-apple-macos.swiftmodule /Users/justinhou/Development/deepshelves/.build/S5SignedDerivedData/Build/Products/Release/GRDB.swiftmodule/x86_64-apple-macos.swiftmodule /Applications/Xcode.app/Contents/Developer/Toolchains/XcodeDefault.xctoolchain/usr/lib/swift/macosx/prebuilt-modules/26.5/CoreVideo.swiftmodule/x86_64-apple-macos.swiftmodule /Users/justinhou/Development/deepshelves/.build/S5SignedDerivedData/ModuleCache.noindex/CFNetwork-E226KDZQZHKGUNAXUNBIOG89S.pcm /Users/justinhou/Development/deepshelves/.build/S5SignedDerivedData/ModuleCache.noindex/AppKit-5CBRUZG2T8T0FU5CA7MRIEYG2.pcm /Users/justinhou/Development/deepshelves/.build/S5SignedDerivedData/ModuleCache.noindex/LocalAuthentication-9PGL36MSWW4RT8L0KKAT6D6MY.pcm /Users/justinhou/Development/deepshelves/.build/S5SignedDerivedData/ModuleCache.noindex/IOKit-9YD0VK0F3ZMACZ847PT1HSGTT.pcm /Users/justinhou/Development/deepshelves/.build/S5SignedDerivedData/ModuleCache.noindex/CoreAudioTypes-B7DU0MLH20RZ3Z7KUBOF1H635.pcm /Users/justinhou/Development/deepshelves/.build/S5SignedDerivedData/ModuleCache.noindex/VideoToolbox-2H7GJ8P1JNNQF6GAM0ADYZABV.pcm /Users/justinhou/Development/deepshelves/.build/S5SignedDerivedData/ModuleCache.noindex/ObjectiveC-5I27H09WRCQ3JP28MDCOW1NOL.pcm /Users/justinhou/Development/deepshelves/.build/S5SignedDerivedData/ModuleCache.noindex/XPC-1O94CO4331OATMQ3X9H5KHQUZ.pcm /Users/justinhou/Development/deepshelves/.build/S5SignedDerivedData/ModuleCache.noindex/_Builtin_intrinsics-BBQDD1QZQTKCTN9V0PTEPW0RK.pcm /Users/justinhou/Development/deepshelves/.build/S5SignedDerivedData/ModuleCache.noindex/AVFoundation-31WCHXLW79C9H29VCAOIJKVG1.pcm /Users/justinhou/Development/deepshelves/.build/S5SignedDerivedData/ModuleCache.noindex/ImageIO-AW5MMGV43HP1CEVFZH4GFFMCJ.pcm /Users/justinhou/Development/deepshelves/.build/S5SignedDerivedData/Build/Intermediates.noindex/SwiftExplicitPrecompiledModules/SQLCipher-1MJJ9KBJJQT0GC28N8THVBGFY.pcm /Users/justinhou/Development/deepshelves/.build/S5SignedDerivedData/ModuleCache.noindex/Vision-35ELLJLV5AXURG9GNGHLUON85.pcm /Users/justinhou/Development/deepshelves/.build/S5SignedDerivedData/ModuleCache.noindex/MachO-DHJOA5MR150EC0AT4EC3W5DN1.pcm /Users/justinhou/Development/deepshelves/.build/S5SignedDerivedData/ModuleCache.noindex/MediaToolbox-8JMBLFDBID6Z3L3GPLBC1977O.pcm /Users/justinhou/Development/deepshelves/.build/S5SignedDerivedData/ModuleCache.noindex/DataDetection-4AAPTIRL01H0MDR5V97BHNADY.pcm /Users/justinhou/Development/deepshelves/.build/S5SignedDerivedData/ModuleCache.noindex/ApplicationServices-6YDHYA2Y1MO3B4H2UQHT4QD37.pcm /Users/justinhou/Development/deepshelves/.build/S5SignedDerivedData/ModuleCache.noindex/QuartzCore-6XHX8C526KOWOVWR4AZNXM3T3.pcm /Users/justinhou/Development/deepshelves/.build/S5SignedDerivedData/ModuleCache.noindex/Accessibility-5EZWYIDMA27O8XO6UYAKUB42V.pcm /Users/justinhou/Development/deepshelves/.build/S5SignedDerivedData/ModuleCache.noindex/_DarwinFoundation3-B5SYR2668MU7OLS6WA0AAT61V.pcm /Users/justinhou/Development/deepshelves/.build/S5SignedDerivedData/ModuleCache.noindex/SwiftShims-6ONN4K41GL1Y78HGXWZA6HK3M.pcm /Users/justinhou/Development/deepshelves/.build/S5SignedDerivedData/ModuleCache.noindex/_Builtin_stdint-5UJH8Q8MFUDMD53BRVBL5LEEP.pcm /Users/justinhou/Development/deepshelves/.build/S5SignedDerivedData/ModuleCache.noindex/CoreData-4L6J89C7SQPG61L9X14XWI2F3.pcm /Users/justinhou/Development/deepshelves/.build/S5SignedDerivedData/ModuleCache.noindex/Darwin-700AJZRQ16RLQ6Z3FUOHW29TU.pcm /Users/justinhou/Development/deepshelves/.build/S5SignedDerivedData/ModuleCache.noindex/ptrauth-4EYFVPPHXJ0O090QQO0U834EH.pcm /Users/justinhou/Development/deepshelves/.build/S5SignedDerivedData/ModuleCache.noindex/UniformTypeIdentifiers-EAIREWBM44HFBQ6A2E9P4CWJT.pcm /Users/justinhou/Development/deepshelves/.build/S5SignedDerivedData/ModuleCache.noindex/Spatial-Y2S9X9PGDC2R8YQR64QWRRQB.pcm /Users/justinhou/Development/deepshelves/.build/S5SignedDerivedData/ModuleCache.noindex/ptrcheck-4KS0QW3472X7WIWX6OLQTEMQW.pcm /Users/justinhou/Development/deepshelves/.build/S5SignedDerivedData/ModuleCache.noindex/CoreAudio-2JW1DS9E1ZQ40V7MO82MTA8TT.pcm /Users/justinhou/Development/deepshelves/.build/S5SignedDerivedData/ModuleCache.noindex/_Builtin_stddef-EUUOW7NKMGLWKEAN510SHNG3I.pcm /Users/justinhou/Development/deepshelves/.build/S5SignedDerivedData/ModuleCache.noindex/Foundation-E0LGFUDFTHO7B1Y7IKZFPK8NP.pcm /Users/justinhou/Development/deepshelves/.build/S5SignedDerivedData/ModuleCache.noindex/DeveloperToolsSupport-DGX673ULJ1GIDXMNZN1HFYPI9.pcm /Users/justinhou/Development/deepshelves/.build/S5SignedDerivedData/ModuleCache.noindex/CoreImage-8P9W4HR58S6FRQBUI5UH3CNC6.pcm /Users/justinhou/Development/deepshelves/.build/S5SignedDerivedData/ModuleCache.noindex/Symbols-A0DZVIX4D3M5CAZ05OW0FE6ZF.pcm /Users/justinhou/Development/deepshelves/.build/S5SignedDerivedData/ModuleCache.noindex/os_workgroup-1Z0TD6ZK4LB0Y4WI6Q17GBZX.pcm /Users/justinhou/Development/deepshelves/.build/S5SignedDerivedData/ModuleCache.noindex/OSLog-ADYDOAOXPVZ2V8V109CYBZ672.pcm /Users/justinhou/Development/deepshelves/.build/S5SignedDerivedData/ModuleCache.noindex/ScreenCaptureKit-87W7KTHNBFRT7164AHPTVPU5F.pcm /Users/justinhou/Development/deepshelves/.build/S5SignedDerivedData/ModuleCache.noindex/_DarwinFoundation1-CMXC7HJMV9FTLH3UUC56QRK1Y.pcm /Users/justinhou/Development/deepshelves/.build/S5SignedDerivedData/ModuleCache.noindex/Carbon-3JNERX0P1J73DAI0F3WZVVSWX.pcm /Users/justinhou/Development/deepshelves/.build/S5SignedDerivedData/Build/Intermediates.noindex/SwiftExplicitPrecompiledModules/GRDBSQLCipher-3IL2ZZCLH7T03USMFS9GC8NO6.pcm /Users/justinhou/Development/deepshelves/.build/S5SignedDerivedData/ModuleCache.noindex/_Builtin_float-3ZEYAG2BQWT8CM8MH6FX5FR9F.pcm /Users/justinhou/Development/deepshelves/.build/S5SignedDerivedData/ModuleCache.noindex/_Builtin_limits-6QVPF24INO0SLLTE1PPV884UF.pcm /Users/justinhou/Development/deepshelves/.build/S5SignedDerivedData/ModuleCache.noindex/_Builtin_inttypes-F2C540ICNL6FIA98VLYXLPBIC.pcm /Users/justinhou/Development/deepshelves/.build/S5SignedDerivedData/ModuleCache.noindex/_DarwinFoundation2-5ED4S15FS6ES79XEHOQHZWJ13.pcm /Users/justinhou/Development/deepshelves/.build/S5SignedDerivedData/ModuleCache.noindex/Accelerate-BZCCOSLH45HHUTZ5XXBABOB4M.pcm /Users/justinhou/Development/deepshelves/.build/S5SignedDerivedData/ModuleCache.noindex/_Builtin_stdatomic-D5WTPC38EADS61BP6UGH1KJ71.pcm /Users/justinhou/Development/deepshelves/.build/S5SignedDerivedData/ModuleCache.noindex/Dispatch-DZID6JL0THHEAW0MLUEVQ60EQ.pcm /Users/justinhou/Development/deepshelves/.build/S5SignedDerivedData/ModuleCache.noindex/CoreMedia-4G6PXLS9HR6XL00XEYNKIW3QX.pcm /Users/justinhou/Development/deepshelves/.build/S5SignedDerivedData/ModuleCache.noindex/OpenGL-DZ46FXP8JHVHWL5B65DF02V7O.pcm /Users/justinhou/Development/deepshelves/.build/S5SignedDerivedData/ModuleCache.noindex/SwiftUICore-24I083B67K37TEM26Q8PZZ07Z.pcm /Users/justinhou/Development/deepshelves/.build/S5SignedDerivedData/ModuleCache.noindex/Metal-8W18XOSHW6T8KW40VAVWPB3YO.pcm /Users/justinhou/Development/deepshelves/.build/S5SignedDerivedData/ModuleCache.noindex/libkern-38D33ZLZWE8RSF1IAX1SBTHDZ.pcm /Users/justinhou/Development/deepshelves/.build/S5SignedDerivedData/ModuleCache.noindex/CoreTransferable-1X0JR2YZ9QRZBOSZ40BTCVQ6N.pcm /Users/justinhou/Development/deepshelves/.build/S5SignedDerivedData/ModuleCache.noindex/IOSurface-BUQ0YCO6Y2RQHW4K3TWSE04GT.pcm /Users/justinhou/Development/deepshelves/.build/S5SignedDerivedData/ModuleCache.noindex/launch-C7DNHFYVZV20IXO0EXJ8H6WNZ.pcm /Users/justinhou/Development/deepshelves/.build/S5SignedDerivedData/ModuleCache.noindex/Security-6TZYR2LU73V7GOHPBMQQ3HLJZ.pcm /Users/justinhou/Development/deepshelves/.build/S5SignedDerivedData/ModuleCache.noindex/DiskArbitration-C2ZHOMIGPX87BXDKPFF6A9M2U.pcm /Users/justinhou/Development/deepshelves/.build/S5SignedDerivedData/ModuleCache.noindex/AudioToolbox-ETAIF8SUBWP1JPFEHD43R59HJ.pcm /Users/justinhou/Development/deepshelves/.build/S5SignedDerivedData/ModuleCache.noindex/_Builtin_stdarg-84E1GGJ750PKNGFNV6FVZEHE6.pcm /Users/justinhou/Development/deepshelves/.build/S5SignedDerivedData/ModuleCache.noindex/CUPS-9N133B7NFFBFB9559PWN8JO9T.pcm /Users/justinhou/Development/deepshelves/.build/S5SignedDerivedData/ModuleCache.noindex/CoreFoundation-76JB16E3SGJPCS4D7MAWNPAJK.pcm /Users/justinhou/Development/deepshelves/.build/S5SignedDerivedData/ModuleCache.noindex/simd-DYW955QQAPGN0VQNTPBMB0ZJQ.pcm /Users/justinhou/Development/deepshelves/.build/S5SignedDerivedData/ModuleCache.noindex/_Builtin_stdbool-663W5I1BTF7UNSHNGKZQZ66WA.pcm /Users/justinhou/Development/deepshelves/.build/S5SignedDerivedData/ModuleCache.noindex/_Builtin_tgmath-18OLIG8X0AL4PXIBX8I95TVES.pcm /Users/justinhou/Development/deepshelves/.build/S5SignedDerivedData/ModuleCache.noindex/CoreMIDI-8J63GRO2LGNA5O48VCLNFX4OM.pcm /Users/justinhou/Development/deepshelves/.build/S5SignedDerivedData/ModuleCache.noindex/SwiftUI-LTMLNYMZMP5PA87VRK7ASOOP.pcm /Users/justinhou/Development/deepshelves/.build/S5SignedDerivedData/ModuleCache.noindex/_AvailabilityInternal-BHKYQOE0IGQ8BI1348BPFTTLN.pcm /Users/justinhou/Development/deepshelves/.build/S5SignedDerivedData/ModuleCache.noindex/ColorSync-4OJ1748Q0OTZMWD6854B2RF4S.pcm /Users/justinhou/Development/deepshelves/.build/S5SignedDerivedData/ModuleCache.noindex/CoreGraphics-1ZRQQWP4A7TPM8YH2SXSNJDMT.pcm /Users/justinhou/Development/deepshelves/.build/S5SignedDerivedData/ModuleCache.noindex/_SwiftConcurrencyShims-54JKODYDAH924ZBJIB0G5VFXL.pcm /Users/justinhou/Development/deepshelves/.build/S5SignedDerivedData/ModuleCache.noindex/CoreVideo-DQEDOGT854EI7B0MV1CN7AK0N.pcm /Users/justinhou/Development/deepshelves/.build/S5SignedDerivedData/ModuleCache.noindex/CoreML-643QPD6K0W2HKTDAZTVVWYWRK.pcm /Users/justinhou/Development/deepshelves/.build/S5SignedDerivedData/ModuleCache.noindex/CoreServices-A13SF9ZZ9BXJK8CVMP2JG1I9O.pcm /Users/justinhou/Development/deepshelves/.build/S5SignedDerivedData/ModuleCache.noindex/string_h-AV5BDAX67RJ8243QSUBRHDS27.pcm /Users/justinhou/Development/deepshelves/.build/S5SignedDerivedData/ModuleCache.noindex/os_object-3TH009J9OLHRTGPMOMS5RK8SM.pcm /Users/justinhou/Development/deepshelves/.build/S5SignedDerivedData/ModuleCache.noindex/AVFAudio-4OXS3II9HHLL1NM4821JYJHV3.pcm /Users/justinhou/Development/deepshelves/.build/S5SignedDerivedData/ModuleCache.noindex/CoreText-89LDG0JDGUTKYIKV71YQF5IIJ.pcm /Users/justinhou/Development/deepshelves/.build/S5SignedDerivedData/ModuleCache.noindex/libDER-E9IYMOZXXSGFQ93I8M45YVAQ0.pcm /Users/justinhou/Development/deepshelves/.build/S5SignedDerivedData/ModuleCache.noindex/os-7OFLIQF1FPJO07TRV6Q9TUOU.pcm /Users/justinhou/Development/deepshelves/.build/S5SignedDerivedData/ModuleCache.noindex/sys_types-1YOT4Y0A6AKH8PJC7UCZOFDVE.pcm /Users/justinhou/Development/deepshelves/.build/S5SignedDerivedData/Build/Intermediates.noindex/LocalMemory.build/Release/LocalMemoryApp.build/Objects-normal/x86_64/Local_Memory-dependencies-1.json (in target 'LocalMemoryApp' from project 'LocalMemory')

CompileSwift normal x86_64 (in target 'LocalMemoryApp' from project 'LocalMemory')
    cd /Users/justinhou/Development/deepshelves


SwiftDriver\ Compilation LocalMemoryApp normal arm64 com.apple.xcode.tools.swift.compiler (in target 'LocalMemoryApp' from project 'LocalMemory')
    cd /Users/justinhou/Development/deepshelves
    builtin-Swift-Compilation -- /Applications/Xcode.app/Contents/Developer/Toolchains/XcodeDefault.xctoolchain/usr/bin/swiftc -module-name Local_Memory -O -whole-module-optimization @/Users/justinhou/Development/deepshelves/.build/S5SignedDerivedData/Build/Intermediates.noindex/LocalMemory.build/Release/LocalMemoryApp.build/Objects-normal/arm64/Local\ Memory.SwiftFileList -enable-experimental-feature DebugDescriptionMacro -sdk /Applications/Xcode.app/Contents/Developer/Platforms/MacOSX.platform/Developer/SDKs/MacOSX26.5.sdk -target arm64-apple-macos15.0 -g -module-cache-path /Users/justinhou/Development/deepshelves/.build/S5SignedDerivedData/ModuleCache.noindex -Xfrontend -serialize-debugging-options -warnings-as-errors -swift-version 6 -I /Users/justinhou/Development/deepshelves/.build/S5SignedDerivedData/Build/Products/Release -F /Users/justinhou/Development/deepshelves/.build/S5SignedDerivedData/Build/Products/Release/PackageFrameworks -F /Users/justinhou/Development/deepshelves/.build/S5SignedDerivedData/Build/Products/Release/PackageFrameworks -F /Users/justinhou/Development/deepshelves/.build/S5SignedDerivedData/Build/Products/Release/PackageFrameworks -F /Users/justinhou/Development/deepshelves/.build/S5SignedDerivedData/Build/Products/Release/PackageFrameworks -F /Users/justinhou/Development/deepshelves/.build/S5SignedDerivedData/Build/Products/Release/PackageFrameworks -F /Users/justinhou/Development/deepshelves/.build/S5SignedDerivedData/Build/Products/Release/PackageFrameworks -F /Users/justinhou/Development/deepshelves/.build/S5SignedDerivedData/Build/Products/Release/PackageFrameworks -F /Users/justinhou/Development/deepshelves/.build/S5SignedDerivedData/Build/Products/Release -c -num-threads 12 -Xcc -ivfsstatcache -Xcc /Users/justinhou/Development/deepshelves/.build/S5SignedDerivedData/SDKStatCaches.noindex/macosx26.5-25F70-e082c4a02f00227109f4ed75e425c832.sdkstatcache -output-file-map /Users/justinhou/Development/deepshelves/.build/S5SignedDerivedData/Build/Intermediates.noindex/LocalMemory.build/Release/LocalMemoryApp.build/Objects-normal/arm64/LocalMemoryApp-OutputFileMap.json -use-frontend-parseable-output -save-temps -no-color-diagnostics -explicit-module-build -module-cache-path /Users/justinhou/Development/deepshelves/.build/S5SignedDerivedData/Build/Intermediates.noindex/SwiftExplicitPrecompiledModules -clang-scanner-module-cache-path /Users/justinhou/Development/deepshelves/.build/S5SignedDerivedData/ModuleCache.noindex -sdk-module-cache-path /Users/justinhou/Development/deepshelves/.build/S5SignedDerivedData/ModuleCache.noindex -serialize-diagnostics -emit-dependencies -emit-module -emit-module-path /Users/justinhou/Development/deepshelves/.build/S5SignedDerivedData/Build/Intermediates.noindex/LocalMemory.build/Release/LocalMemoryApp.build/Objects-normal/arm64/Local_Memory.swiftmodule -validate-clang-modules-once -clang-build-session-file /Users/justinhou/Development/deepshelves/.build/S5SignedDerivedData/ModuleCache.noindex/Session.modulevalidation -Xcc -I/Users/justinhou/Development/deepshelves/.build/S5SignedDerivedData/Build/Intermediates.noindex/LocalMemory.build/Release/LocalMemoryApp.build/swift-overrides.hmap -emit-const-values -Xfrontend -const-gather-protocols-file -Xfrontend /Users/justinhou/Development/deepshelves/.build/S5SignedDerivedData/Build/Intermediates.noindex/LocalMemory.build/Release/LocalMemoryApp.build/Objects-normal/arm64/LocalMemoryApp_const_extract_protocols.json -Xcc -iquote -Xcc /Users/justinhou/Development/deepshelves/.build/S5SignedDerivedData/Build/Intermediates.noindex/LocalMemory.build/Release/LocalMemoryApp.build/Local\ Memory-generated-files.hmap -Xcc -I/Users/justinhou/Development/deepshelves/.build/S5SignedDerivedData/Build/Intermediates.noindex/LocalMemory.build/Release/LocalMemoryApp.build/Local\ Memory-own-target-headers.hmap -Xcc -I/Users/justinhou/Development/deepshelves/.build/S5SignedDerivedData/Build/Intermediates.noindex/LocalMemory.build/Release/LocalMemoryApp.build/Local\ Memory-all-non-framework-target-headers.hmap -Xcc -ivfsoverlay -Xcc /Users/justinhou/Development/deepshelves/.build/S5SignedDerivedData/Build/Intermediates.noindex/LocalMemory.build/Release/LocalMemory-a2f6a35635c1f574034e85928886420d-VFS/all-product-headers.yaml -Xcc -iquote -Xcc /Users/justinhou/Development/deepshelves/.build/S5SignedDerivedData/Build/Intermediates.noindex/LocalMemory.build/Release/LocalMemoryApp.build/Local\ Memory-project-headers.hmap -Xcc -I/Users/justinhou/Development/deepshelves/.build/Dependencies/GRDB.swift-a285e4ca87ec6b3584c97b0ec25fc61fec02de60/Sources/GRDBSQLCipher/include -Xcc -I/Users/justinhou/Development/deepshelves/.build/S5SignedDerivedData/Build/Products/Release/include -Xcc -I/Users/justinhou/Development/deepshelves/.build/S5SignedDerivedData/Build/Intermediates.noindex/LocalMemory.build/Release/LocalMemoryApp.build/DerivedSources-normal/arm64 -Xcc -I/Users/justinhou/Development/deepshelves/.build/S5SignedDerivedData/Build/Intermediates.noindex/LocalMemory.build/Release/LocalMemoryApp.build/DerivedSources/arm64 -Xcc -I/Users/justinhou/Development/deepshelves/.build/S5SignedDerivedData/Build/Intermediates.noindex/LocalMemory.build/Release/LocalMemoryApp.build/DerivedSources -emit-objc-header -emit-objc-header-path /Users/justinhou/Development/deepshelves/.build/S5SignedDerivedData/Build/Intermediates.noindex/LocalMemory.build/Release/LocalMemoryApp.build/Objects-normal/arm64/Local_Memory-Swift.h -working-directory /Users/justinhou/Development/deepshelves -no-emit-module-separately-wmo

SwiftCompile normal arm64 Compiling\ CaptureSpikeHarness.swift,\ ContextSpikeHarness.swift,\ LM008ChildModes.swift,\ LocalMemoryApp.swift,\ S6SpikeHarness.swift,\ S7OfflineSpikeRunner.swift /Users/justinhou/Development/deepshelves/Apps/LocalMemoryApp/CaptureSpikeHarness.swift /Users/justinhou/Development/deepshelves/Apps/LocalMemoryApp/ContextSpikeHarness.swift /Users/justinhou/Development/deepshelves/Apps/LocalMemoryApp/LM008ChildModes.swift /Users/justinhou/Development/deepshelves/Apps/LocalMemoryApp/LocalMemoryApp.swift /Users/justinhou/Development/deepshelves/Apps/LocalMemoryApp/S6SpikeHarness.swift /Users/justinhou/Development/deepshelves/Apps/LocalMemoryApp/S7OfflineSpikeRunner.swift /Applications/Xcode.app/Contents/Developer/Toolchains/XcodeDefault.xctoolchain/usr/lib/swift/macosx/prebuilt-modules/26.5/System.swiftmodule/arm64e-apple-macos.swiftmodule /Applications/Xcode.app/Contents/Developer/Toolchains/XcodeDefault.xctoolchain/usr/lib/swift/macosx/prebuilt-modules/26.5/CoreML.swiftmodule/arm64e-apple-macos.swiftmodule /Applications/Xcode.app/Contents/Developer/Toolchains/XcodeDefault.xctoolchain/usr/lib/swift/macosx/prebuilt-modules/26.5/Synchronization.swiftmodule/arm64e-apple-macos.swiftmodule /Applications/Xcode.app/Contents/Developer/Toolchains/XcodeDefault.xctoolchain/usr/lib/swift/macosx/prebuilt-modules/26.5/CoreMedia.swiftmodule/arm64e-apple-macos.swiftmodule /Applications/Xcode.app/Contents/Developer/Toolchains/XcodeDefault.xctoolchain/usr/lib/swift/macosx/prebuilt-modules/26.5/CoreTransferable.swiftmodule/arm64e-apple-macos.swiftmodule /Applications/Xcode.app/Contents/Developer/Toolchains/XcodeDefault.xctoolchain/usr/lib/swift/macosx/prebuilt-modules/26.5/Metal.swiftmodule/arm64e-apple-macos.swiftmodule /Applications/Xcode.app/Contents/Developer/Toolchains/XcodeDefault.xctoolchain/usr/lib/swift/macosx/prebuilt-modules/26.5/AppKit.swiftmodule/arm64e-apple-macos.swiftmodule /Applications/Xcode.app/Contents/Developer/Toolchains/XcodeDefault.xctoolchain/usr/lib/swift/macosx/prebuilt-modules/26.5/_StringProcessing.swiftmodule/arm64e-apple-macos.swiftmodule /Applications/Xcode.app/Contents/Developer/Toolchains/XcodeDefault.xctoolchain/usr/lib/swift/macosx/prebuilt-modules/26.5/Accessibility.swiftmodule/arm64e-apple-macos.swiftmodule /Applications/Xcode.app/Contents/Developer/Toolchains/XcodeDefault.xctoolchain/usr/lib/swift/macosx/prebuilt-modules/26.5/_DarwinFoundation2.swiftmodule/arm64e-apple-macos.swiftmodule /Applications/Xcode.app/Contents/Developer/Toolchains/XcodeDefault.xctoolchain/usr/lib/swift/macosx/prebuilt-modules/26.5/Symbols.swiftmodule/arm64e-apple-macos.swiftmodule /Applications/Xcode.app/Contents/Developer/Toolchains/XcodeDefault.xctoolchain/usr/lib/swift/macosx/prebuilt-modules/26.5/Dispatch.swiftmodule/arm64e-apple-macos.swiftmodule /Applications/Xcode.app/Contents/Developer/Toolchains/XcodeDefault.xctoolchain/usr/lib/swift/macosx/prebuilt-modules/26.5/os.swiftmodule/arm64e-apple-macos.swiftmodule /Applications/Xcode.app/Contents/Developer/Toolchains/XcodeDefault.xctoolchain/usr/lib/swift/macosx/prebuilt-modules/26.5/XPC.swiftmodule/arm64e-apple-macos.swiftmodule /Applications/Xcode.app/Contents/Developer/Toolchains/XcodeDefault.xctoolchain/usr/lib/swift/macosx/prebuilt-modules/26.5/DataDetection.swiftmodule/arm64e-apple-macos.swiftmodule /Applications/Xcode.app/Contents/Developer/Toolchains/XcodeDefault.xctoolchain/usr/lib/swift/macosx/prebuilt-modules/26.5/CoreMIDI.swiftmodule/arm64e-apple-macos.swiftmodule /Applications/Xcode.app/Contents/Developer/Toolchains/XcodeDefault.xctoolchain/usr/lib/swift/macosx/prebuilt-modules/26.5/simd.swiftmodule/arm64e-apple-macos.swiftmodule /Users/justinhou/Development/deepshelves/.build/S5SignedDerivedData/Build/Products/Release/MemoryEnrichment.swiftmodule/arm64-apple-macos.swiftmodule /Applications/Xcode.app/Contents/Developer/Toolchains/XcodeDefault.xctoolchain/usr/lib/swift/macosx/prebuilt-modules/26.5/_Builtin_float.swiftmodule/arm64e-apple-macos.swiftmodule /Applications/Xcode.app/Contents/Developer/Toolchains/XcodeDefault.xctoolchain/usr/lib/swift/macosx/prebuilt-modules/26.5/Observation.swiftmodule/arm64e-apple-macos.swiftmodule /Applications/Xcode.app/Contents/Developer/Toolchains/XcodeDefault.xctoolchain/usr/lib/swift/macosx/prebuilt-modules/26.5/AudioToolbox.swiftmodule/arm64e-apple-macos.swiftmodule /Users/justinhou/Development/deepshelves/.build/S5SignedDerivedData/Build/Products/Release/GRDB.swiftmodule/arm64-apple-macos.swiftmodule /Applications/Xcode.app/Contents/Developer/Toolchains/XcodeDefault.xctoolchain/usr/lib/swift/macosx/prebuilt-modules/26.5/_DarwinFoundation3.swiftmodule/arm64e-apple-macos.swiftmodule /Applications/Xcode.app/Contents/Developer/Toolchains/XcodeDefault.xctoolchain/usr/lib/swift/macosx/prebuilt-modules/26.5/LocalAuthentication.swiftmodule/arm64e-apple-macos.swiftmodule /Applications/Xcode.app/Contents/Developer/Toolchains/XcodeDefault.xctoolchain/usr/lib/swift/macosx/prebuilt-modules/26.5/CoreImage.swiftmodule/arm64e-apple-macos.swiftmodule /Applications/Xcode.app/Contents/Developer/Toolchains/XcodeDefault.xctoolchain/usr/lib/swift/macosx/prebuilt-modules/26.5/CryptoKit.swiftmodule/arm64e-apple-macos.swiftmodule /Applications/Xcode.app/Contents/Developer/Toolchains/XcodeDefault.xctoolchain/usr/lib/swift/macosx/prebuilt-modules/26.5/SwiftUICore.swiftmodule/arm64e-apple-macos.swiftmodule /Applications/Xcode.app/Contents/Developer/Toolchains/XcodeDefault.xctoolchain/usr/lib/swift/macosx/prebuilt-modules/26.5/Spatial.swiftmodule/arm64e-apple-macos.swiftmodule /Users/justinhou/Development/deepshelves/.build/S5SignedDerivedData/Build/Products/Release/MemoryContracts.swiftmodule/arm64-apple-macos.swiftmodule /Applications/Xcode.app/Contents/Developer/Toolchains/XcodeDefault.xctoolchain/usr/lib/swift/macosx/prebuilt-modules/26.5/QuartzCore.swiftmodule/arm64e-apple-macos.swiftmodule /Applications/Xcode.app/Contents/Developer/Toolchains/XcodeDefault.xctoolchain/usr/lib/swift/macosx/prebuilt-modules/26.5/CoreAudio.swiftmodule/arm64e-apple-macos.swiftmodule /Applications/Xcode.app/Contents/Developer/Toolchains/XcodeDefault.xctoolchain/usr/lib/swift/macosx/prebuilt-modules/26.5/Combine.swiftmodule/arm64e-apple-macos.swiftmodule /Applications/Xcode.app/Contents/Developer/Toolchains/XcodeDefault.xctoolchain/usr/lib/swift/macosx/prebuilt-modules/26.5/ScreenCaptureKit.swiftmodule/arm64e-apple-macos.swiftmodule /Applications/Xcode.app/Contents/Developer/Toolchains/XcodeDefault.xctoolchain/usr/lib/swift/macosx/prebuilt-modules/26.5/DeveloperToolsSupport.swiftmodule/arm64e-apple-macos.swiftmodule /Applications/Xcode.app/Contents/Developer/Toolchains/XcodeDefault.xctoolchain/usr/lib/swift/macosx/prebuilt-modules/26.5/Darwin.swiftmodule/arm64e-apple-macos.swiftmodule /Applications/Xcode.app/Contents/Developer/Toolchains/XcodeDefault.xctoolchain/usr/lib/swift/macosx/prebuilt-modules/26.5/OSLog.swiftmodule/arm64e-apple-macos.swiftmodule /Applications/Xcode.app/Contents/Developer/Toolchains/XcodeDefault.xctoolchain/usr/lib/swift/macosx/prebuilt-modules/26.5/IOKit.swiftmodule/arm64e-apple-macos.swiftmodule /Applications/Xcode.app/Contents/Developer/Toolchains/XcodeDefault.xctoolchain/usr/lib/swift/macosx/prebuilt-modules/26.5/UniformTypeIdentifiers.swiftmodule/arm64e-apple-macos.swiftmodule /Applications/Xcode.app/Contents/Developer/Toolchains/XcodeDefault.xctoolchain/usr/lib/swift/macosx/prebuilt-modules/26.5/CoreVideo.swiftmodule/arm64e-apple-macos.swiftmodule /Applications/Xcode.app/Contents/Developer/Toolchains/XcodeDefault.xctoolchain/usr/lib/swift/macosx/prebuilt-modules/26.5/AVFoundation.swiftmodule/arm64e-apple-macos.swiftmodule /Applications/Xcode.app/Contents/Developer/Toolchains/XcodeDefault.xctoolchain/usr/lib/swift/macosx/prebuilt-modules/26.5/_DarwinFoundation1.swiftmodule/arm64e-apple-macos.swiftmodule /Users/justinhou/Development/deepshelves/.build/S5SignedDerivedData/Build/Products/Release/MemoryCapture.swiftmodule/arm64-apple-macos.swiftmodule /Applications/Xcode.app/Contents/Developer/Toolchains/XcodeDefault.xctoolchain/usr/lib/swift/macosx/prebuilt-modules/26.5/CoreGraphics.swiftmodule/arm64e-apple-macos.swiftmodule /Users/justinhou/Development/deepshelves/.build/S5SignedDerivedData/Build/Products/Release/MemoryDesignSystem.swiftmodule/arm64-apple-macos.swiftmodule /Applications/Xcode.app/Contents/Developer/Toolchains/XcodeDefault.xctoolchain/usr/lib/swift/macosx/prebuilt-modules/26.5/ObjectiveC.swiftmodule/arm64e-apple-macos.swiftmodule /Applications/Xcode.app/Contents/Developer/Toolchains/XcodeDefault.xctoolchain/usr/lib/swift/macosx/prebuilt-modules/26.5/SwiftUI.swiftmodule/arm64e-apple-macos.swiftmodule /Applications/Xcode.app/Contents/Developer/Toolchains/XcodeDefault.xctoolchain/usr/lib/swift/macosx/prebuilt-modules/26.5/Accelerate.swiftmodule/arm64e-apple-macos.swiftmodule /Applications/Xcode.app/Contents/Developer/Toolchains/XcodeDefault.xctoolchain/usr/lib/swift/macosx/prebuilt-modules/26.5/Vision.swiftmodule/arm64e-apple-macos.swiftmodule /Applications/Xcode.app/Contents/Developer/Toolchains/XcodeDefault.xctoolchain/usr/lib/swift/macosx/prebuilt-modules/26.5/Swift.swiftmodule/arm64e-apple-macos.swiftmodule /Applications/Xcode.app/Contents/Developer/Toolchains/XcodeDefault.xctoolchain/usr/lib/swift/macosx/prebuilt-modules/26.5/AVFAudio.swiftmodule/arm64e-apple-macos.swiftmodule /Applications/Xcode.app/Contents/Developer/Toolchains/XcodeDefault.xctoolchain/usr/lib/swift/macosx/prebuilt-modules/26.5/CoreFoundation.swiftmodule/arm64e-apple-macos.swiftmodule /Applications/Xcode.app/Contents/Developer/Toolchains/XcodeDefault.xctoolchain/usr/lib/swift/macosx/prebuilt-modules/26.5/CoreData.swiftmodule/arm64e-apple-macos.swiftmodule /Applications/Xcode.app/Contents/Developer/Toolchains/XcodeDefault.xctoolchain/usr/lib/swift/macosx/prebuilt-modules/26.5/VideoToolbox.swiftmodule/arm64e-apple-macos.swiftmodule /Users/justinhou/Development/deepshelves/.build/S5SignedDerivedData/Build/Products/Release/MemoryStore.swiftmodule/arm64-apple-macos.swiftmodule /Applications/Xcode.app/Contents/Developer/Toolchains/XcodeDefault.xctoolchain/usr/lib/swift/macosx/prebuilt-modules/26.5/Foundation.swiftmodule/arm64e-apple-macos.swiftmodule /Applications/Xcode.app/Contents/Developer/Toolchains/XcodeDefault.xctoolchain/usr/lib/swift/macosx/prebuilt-modules/26.5/CoreText.swiftmodule/arm64e-apple-macos.swiftmodule /Applications/Xcode.app/Contents/Developer/Toolchains/XcodeDefault.xctoolchain/usr/lib/swift/macosx/prebuilt-modules/26.5/_Concurrency.swiftmodule/arm64e-apple-macos.swiftmodule /Users/justinhou/Development/deepshelves/.build/S5SignedDerivedData/ModuleCache.noindex/ApplicationServices-AU9AN6B6HQJHLCV6P5EIDXICK.pcm /Users/justinhou/Development/deepshelves/.build/S5SignedDerivedData/ModuleCache.noindex/CFNetwork-CXZ8GKCF0B740TG51CSSK5NVF.pcm /Users/justinhou/Development/deepshelves/.build/S5SignedDerivedData/ModuleCache.noindex/Foundation-8F807CCW9LJ3UEJLYQ0UFK61D.pcm /Users/justinhou/Development/deepshelves/.build/S5SignedDerivedData/ModuleCache.noindex/launch-35HNKKM7T8K1FNTYU69U6XQ28.pcm /Users/justinhou/Development/deepshelves/.build/S5SignedDerivedData/ModuleCache.noindex/simd-4XIWLOL5B9I3T5WETTUKKHLD5.pcm /Users/justinhou/Development/deepshelves/.build/S5SignedDerivedData/ModuleCache.noindex/SwiftShims-7AQTFBC6AMPXYVQPQDE0E5Z1X.pcm /Users/justinhou/Development/deepshelves/.build/S5SignedDerivedData/ModuleCache.noindex/Dispatch-DY5XWPI4IPYQS1EHDEI72PXJY.pcm /Users/justinhou/Development/deepshelves/.build/S5SignedDerivedData/ModuleCache.noindex/Metal-EOLTND7F9AF4XP1425WW6UJKZ.pcm /Users/justinhou/Development/deepshelves/.build/S5SignedDerivedData/ModuleCache.noindex/SwiftUICore-7KC0OVF6R126A0P0VVI4MBO9E.pcm /Users/justinhou/Development/deepshelves/.build/S5SignedDerivedData/ModuleCache.noindex/ptrcheck-B2FCPCV7XO3BMY11Z4MUT35J6.pcm /Users/justinhou/Development/deepshelves/.build/S5SignedDerivedData/ModuleCache.noindex/UniformTypeIdentifiers-59J1OM5AAVBF5UADD23F3DQRP.pcm /Users/justinhou/Development/deepshelves/.build/S5SignedDerivedData/ModuleCache.noindex/_Builtin_float-BSLGU58NP1HY9KVCX2VTTHVRY.pcm /Users/justinhou/Development/deepshelves/.build/S5SignedDerivedData/ModuleCache.noindex/Accelerate-DUEOZ7A64TN80APBEUY6UFVKY.pcm /Users/justinhou/Development/deepshelves/.build/S5SignedDerivedData/ModuleCache.noindex/Accessibility-8ECDS0LSZPYCJTSEWVWIE26YU.pcm /Users/justinhou/Development/deepshelves/.build/S5SignedDerivedData/ModuleCache.noindex/_Builtin_stdarg-5CB9L33A21EPLT5DWS1XY2QF0.pcm /Users/justinhou/Development/deepshelves/.build/S5SignedDerivedData/ModuleCache.noindex/MachO-CVSCWRPHIN38EXVPN198EWFRK.pcm /Users/justinhou/Development/deepshelves/.build/S5SignedDerivedData/ModuleCache.noindex/SwiftUI-9FDBH38V5V23A3IFZKKD72C9W.pcm /Users/justinhou/Development/deepshelves/.build/S5SignedDerivedData/ModuleCache.noindex/_Builtin_intrinsics-D2UJ3G3UG94ZUV34296RW9AN4.pcm /Users/justinhou/Development/deepshelves/.build/S5SignedDerivedData/ModuleCache.noindex/os-3TG5P4CNGB40AD3WV5FRYAMCW.pcm /Users/justinhou/Development/deepshelves/.build/S5SignedDerivedData/ModuleCache.noindex/CoreServices-DFBQ23IOSSZBFVQ0JF6XCELLB.pcm /Users/justinhou/Development/deepshelves/.build/S5SignedDerivedData/ModuleCache.noindex/Vision-7XL8DADFRTY7XGIIXH58MGI1U.pcm /Users/justinhou/Development/deepshelves/.build/S5SignedDerivedData/ModuleCache.noindex/XPC-4ENO62T5V8GXVBEPV0ZPQWA8G.pcm /Users/justinhou/Development/deepshelves/.build/S5SignedDerivedData/ModuleCache.noindex/IOSurface-BIFEDIOJCDJINOIB0ENSO5OM7.pcm /Users/justinhou/Development/deepshelves/.build/S5SignedDerivedData/ModuleCache.noindex/CoreFoundation-88DX8P16FTP2WN8G6WD3QZ6VA.pcm /Users/justinhou/Development/deepshelves/.build/S5SignedDerivedData/ModuleCache.noindex/os_workgroup-622HDIKZU9XC0TPA1S0Z6LL0L.pcm /Users/justinhou/Development/deepshelves/.build/S5SignedDerivedData/ModuleCache.noindex/Symbols-EJ9G33BWASWPBM25N58EA0L3U.pcm /Users/justinhou/Development/deepshelves/.build/S5SignedDerivedData/ModuleCache.noindex/OpenGL-22PVH8IPGO6ZAGO17IN6IHQPJ.pcm /Users/justinhou/Development/deepshelves/.build/S5SignedDerivedData/ModuleCache.noindex/_DarwinFoundation1-CDTWM9LCPT9VQRT8JIUCOV7A0.pcm /Users/justinhou/Development/deepshelves/.build/S5SignedDerivedData/ModuleCache.noindex/QuartzCore-706UM8LX7SKCLUKS7KC7MC6OP.pcm /Users/justinhou/Development/deepshelves/.build/S5SignedDerivedData/ModuleCache.noindex/ObjectiveC-1IMFWV6JS579L3ACYXUL9FGPN.pcm /Users/justinhou/Development/deepshelves/.build/S5SignedDerivedData/ModuleCache.noindex/_Builtin_stddef-B6R6F5T64EVLTDMMX17IWW5RH.pcm /Users/justinhou/Development/deepshelves/.build/S5SignedDerivedData/ModuleCache.noindex/CoreVideo-77VQ9TEDP980W3FM87JFT92Z7.pcm /Users/justinhou/Development/deepshelves/.build/S5SignedDerivedData/ModuleCache.noindex/_DarwinFoundation3-7WM8XJSIQID729P30EWPUNIOD.pcm /Users/justinhou/Development/deepshelves/.build/S5SignedDerivedData/Build/Intermediates.noindex/SwiftExplicitPrecompiledModules/GRDBSQLCipher-4J4GZT70SCA8R5747XA7JWCPL.pcm /Users/justinhou/Development/deepshelves/.build/S5SignedDerivedData/ModuleCache.noindex/_DarwinFoundation2-99LD94UBY1QL5GFYKMW1A7UKL.pcm /Users/justinhou/Development/deepshelves/.build/S5SignedDerivedData/ModuleCache.noindex/CoreML-2FSE6W4UBT5MSPW9AF6I4VKIY.pcm /Users/justinhou/Development/deepshelves/.build/S5SignedDerivedData/ModuleCache.noindex/OSLog-6C8P8OCYX3RLFDHW1JC93TAA9.pcm /Users/justinhou/Development/deepshelves/.build/S5SignedDerivedData/ModuleCache.noindex/_Builtin_inttypes-DKBM5ILFVCNATJX4K3AG46NFV.pcm /Users/justinhou/Development/deepshelves/.build/S5SignedDerivedData/ModuleCache.noindex/_Builtin_tgmath-3SWW01BY22K16GNMRYFL1K2ST.pcm /Users/justinhou/Development/deepshelves/.build/S5SignedDerivedData/ModuleCache.noindex/ScreenCaptureKit-6XXI1E00G3E69HURLAKZD4JZ0.pcm /Users/justinhou/Development/deepshelves/.build/S5SignedDerivedData/ModuleCache.noindex/AppKit-5INMKNQ0HHG608G5FLRMSFYWL.pcm /Users/justinhou/Development/deepshelves/.build/S5SignedDerivedData/ModuleCache.noindex/Spatial-5PWCRDW7A4F3X0JRKRL6URCWS.pcm /Users/justinhou/Development/deepshelves/.build/S5SignedDerivedData/ModuleCache.noindex/LocalAuthentication-47XX9RA8V6PBMNHQO6M9TD0TD.pcm /Users/justinhou/Development/deepshelves/.build/S5SignedDerivedData/ModuleCache.noindex/CoreTransferable-5KCOZJP5ZBUJL024OZQRB2YSX.pcm /Users/justinhou/Development/deepshelves/.build/S5SignedDerivedData/ModuleCache.noindex/ImageIO-5YTNEQXV5BG897X7NCIMMNXKF.pcm /Users/justinhou/Development/deepshelves/.build/S5SignedDerivedData/ModuleCache.noindex/CoreMedia-8R1O57TCDQ83S3Z95UMS6C2PI.pcm /Users/justinhou/Development/deepshelves/.build/S5SignedDerivedData/ModuleCache.noindex/CoreAudioTypes-1703KRLB11YDMW461LZ8K5JU7.pcm /Users/justinhou/Development/deepshelves/.build/S5SignedDerivedData/ModuleCache.noindex/AVFoundation-6ADKFQ800LAQ65VMHPI6YW1G0.pcm /Users/justinhou/Development/deepshelves/.build/S5SignedDerivedData/ModuleCache.noindex/AudioToolbox-9TMCSP0HABKD25WH29NG7B831.pcm /Users/justinhou/Development/deepshelves/.build/S5SignedDerivedData/ModuleCache.noindex/_Builtin_stdint-8QXF0PMN325N7VV5RZ3ZOE2GN.pcm /Users/justinhou/Development/deepshelves/.build/S5SignedDerivedData/ModuleCache.noindex/_Builtin_stdatomic-B9772QFB1YBHWIIGYBJLFLCOR.pcm /Users/justinhou/Development/deepshelves/.build/S5SignedDerivedData/ModuleCache.noindex/Security-BEZA9Q5QN52XTYRUTC7HEE19P.pcm /Users/justinhou/Development/deepshelves/.build/S5SignedDerivedData/ModuleCache.noindex/DataDetection-B4R6ZWJOXAX5LEMN93WWAM7DN.pcm /Users/justinhou/Development/deepshelves/.build/S5SignedDerivedData/ModuleCache.noindex/sys_types-20TE4AEAOCOS8AO1L3FPVU26U.pcm /Users/justinhou/Development/deepshelves/.build/S5SignedDerivedData/ModuleCache.noindex/libkern-4SBAIZ520CSDOQSVIKTO1R9V2.pcm /Users/justinhou/Development/deepshelves/.build/S5SignedDerivedData/ModuleCache.noindex/DiskArbitration-CQA2U1TA647TAFCXQEKSZ741C.pcm /Users/justinhou/Development/deepshelves/.build/S5SignedDerivedData/ModuleCache.noindex/ColorSync-4A38XGAT5TOE0M8PF7ZRDKLR4.pcm /Users/justinhou/Development/deepshelves/.build/S5SignedDerivedData/ModuleCache.noindex/string_h-DNHMT8HJUUYBXRC1NNE98I0UO.pcm /Users/justinhou/Development/deepshelves/.build/S5SignedDerivedData/ModuleCache.noindex/VideoToolbox-1SBII70J0VJTV6H8TJJK4HU9U.pcm /Users/justinhou/Development/deepshelves/.build/S5SignedDerivedData/Build/Intermediates.noindex/SwiftExplicitPrecompiledModules/SQLCipher-F3AR6M6K3QLW05CXLH67FZA5C.pcm /Users/justinhou/Development/deepshelves/.build/S5SignedDerivedData/ModuleCache.noindex/CoreMIDI-C5E718BQWXMM7S8UVA7IXQKF5.pcm /Users/justinhou/Development/deepshelves/.build/S5SignedDerivedData/ModuleCache.noindex/IOKit-7MY5P4IIOS7WOOMCJPSYWY4DX.pcm /Users/justinhou/Development/deepshelves/.build/S5SignedDerivedData/ModuleCache.noindex/DeveloperToolsSupport-5LPFH79BQOUE70IY2YQP5ZLUM.pcm /Users/justinhou/Development/deepshelves/.build/S5SignedDerivedData/ModuleCache.noindex/CoreAudio-BLNGRZO0R6NCRAWL4O6ECJJKB.pcm /Users/justinhou/Development/deepshelves/.build/S5SignedDerivedData/ModuleCache.noindex/Carbon-MKGPF5N6KOXZ6XBERG90X2G2.pcm /Users/justinhou/Development/deepshelves/.build/S5SignedDerivedData/ModuleCache.noindex/ptrauth-14Y668SIZNNWX68601XC4NCVF.pcm /Users/justinhou/Development/deepshelves/.build/S5SignedDerivedData/ModuleCache.noindex/MediaToolbox-C63HLMSPQ0UWGHNPB6BDBW372.pcm /Users/justinhou/Development/deepshelves/.build/S5SignedDerivedData/ModuleCache.noindex/CUPS-4UK33C4WHVOCW17W9YV2174QD.pcm /Users/justinhou/Development/deepshelves/.build/S5SignedDerivedData/ModuleCache.noindex/AVFAudio-A3S9U2V8WQMN4PTMTENTA8IOU.pcm /Users/justinhou/Development/deepshelves/.build/S5SignedDerivedData/ModuleCache.noindex/_AvailabilityInternal-5FN8EL4QHE1JYT0RHVIWHW3NS.pcm /Users/justinhou/Development/deepshelves/.build/S5SignedDerivedData/ModuleCache.noindex/CoreText-EDQ2KYV3QFIRHNVFI10SX2JSU.pcm /Users/justinhou/Development/deepshelves/.build/S5SignedDerivedData/ModuleCache.noindex/CoreImage-96JMNRGUMGRZR1WNMLNGAOQE3.pcm /Users/justinhou/Development/deepshelves/.build/S5SignedDerivedData/ModuleCache.noindex/_SwiftConcurrencyShims-2KH0QQW9KKGNXK0OFQIGQ2SA9.pcm /Users/justinhou/Development/deepshelves/.build/S5SignedDerivedData/ModuleCache.noindex/libDER-BWXSCFSNRPFIRMCBHVOMOY8XL.pcm /Users/justinhou/Development/deepshelves/.build/S5SignedDerivedData/ModuleCache.noindex/_Builtin_limits-AM22OHXKGNQDOEWUWHDJEIN6.pcm /Users/justinhou/Development/deepshelves/.build/S5SignedDerivedData/ModuleCache.noindex/CoreData-BL05HWJJ9A5SP50FT3FXFNMFL.pcm /Users/justinhou/Development/deepshelves/.build/S5SignedDerivedData/ModuleCache.noindex/_Builtin_stdbool-CS97VLAUAMF2TK67V1OLGPHO9.pcm /Users/justinhou/Development/deepshelves/.build/S5SignedDerivedData/ModuleCache.noindex/Darwin-HTDA3LNA3VYPXGTP47GUBPEE.pcm /Users/justinhou/Development/deepshelves/.build/S5SignedDerivedData/ModuleCache.noindex/CoreGraphics-CXYHBUN4LXFXJL0M98TDRQUME.pcm /Users/justinhou/Development/deepshelves/.build/S5SignedDerivedData/ModuleCache.noindex/os_object-C2Y156HX2F676QWEK4VQ3QW9G.pcm /Users/justinhou/Development/deepshelves/.build/S5SignedDerivedData/Build/Intermediates.noindex/LocalMemory.build/Release/LocalMemoryApp.build/Objects-normal/arm64/Local_Memory-dependencies-2.json (in target 'LocalMemoryApp' from project 'LocalMemory')
CompileSwift normal arm64 (in target 'LocalMemoryApp' from project 'LocalMemory')
    cd /Users/justinhou/Development/deepshelves


SwiftDriverJobDiscovery normal x86_64 Compiling CaptureSpikeHarness.swift, ContextSpikeHarness.swift, LM008ChildModes.swift, LocalMemoryApp.swift, S6SpikeHarness.swift, S7OfflineSpikeRunner.swift (in target 'LocalMemoryApp' from project 'LocalMemory')

SwiftDriver\ Compilation\ Requirements LocalMemoryApp normal x86_64 com.apple.xcode.tools.swift.compiler (in target 'LocalMemoryApp' from project 'LocalMemory')
    cd /Users/justinhou/Development/deepshelves
    builtin-Swift-Compilation-Requirements -- /Applications/Xcode.app/Contents/Developer/Toolchains/XcodeDefault.xctoolchain/usr/bin/swiftc -module-name Local_Memory -O -whole-module-optimization @/Users/justinhou/Development/deepshelves/.build/S5SignedDerivedData/Build/Intermediates.noindex/LocalMemory.build/Release/LocalMemoryApp.build/Objects-normal/x86_64/Local\ Memory.SwiftFileList -enable-experimental-feature DebugDescriptionMacro -sdk /Applications/Xcode.app/Contents/Developer/Platforms/MacOSX.platform/Developer/SDKs/MacOSX26.5.sdk -target x86_64-apple-macos15.0 -g -module-cache-path /Users/justinhou/Development/deepshelves/.build/S5SignedDerivedData/ModuleCache.noindex -Xfrontend -serialize-debugging-options -warnings-as-errors -swift-version 6 -I /Users/justinhou/Development/deepshelves/.build/S5SignedDerivedData/Build/Products/Release -F /Users/justinhou/Development/deepshelves/.build/S5SignedDerivedData/Build/Products/Release/PackageFrameworks -F /Users/justinhou/Development/deepshelves/.build/S5SignedDerivedData/Build/Products/Release/PackageFrameworks -F /Users/justinhou/Development/deepshelves/.build/S5SignedDerivedData/Build/Products/Release/PackageFrameworks -F /Users/justinhou/Development/deepshelves/.build/S5SignedDerivedData/Build/Products/Release/PackageFrameworks -F /Users/justinhou/Development/deepshelves/.build/S5SignedDerivedData/Build/Products/Release/PackageFrameworks -F /Users/justinhou/Development/deepshelves/.build/S5SignedDerivedData/Build/Products/Release/PackageFrameworks -F /Users/justinhou/Development/deepshelves/.build/S5SignedDerivedData/Build/Products/Release/PackageFrameworks -F /Users/justinhou/Development/deepshelves/.build/S5SignedDerivedData/Build/Products/Release -c -num-threads 12 -Xcc -ivfsstatcache -Xcc /Users/justinhou/Development/deepshelves/.build/S5SignedDerivedData/SDKStatCaches.noindex/macosx26.5-25F70-e082c4a02f00227109f4ed75e425c832.sdkstatcache -output-file-map /Users/justinhou/Development/deepshelves/.build/S5SignedDerivedData/Build/Intermediates.noindex/LocalMemory.build/Release/LocalMemoryApp.build/Objects-normal/x86_64/LocalMemoryApp-OutputFileMap.json -use-frontend-parseable-output -save-temps -no-color-diagnostics -explicit-module-build -module-cache-path /Users/justinhou/Development/deepshelves/.build/S5SignedDerivedData/Build/Intermediates.noindex/SwiftExplicitPrecompiledModules -clang-scanner-module-cache-path /Users/justinhou/Development/deepshelves/.build/S5SignedDerivedData/ModuleCache.noindex -sdk-module-cache-path /Users/justinhou/Development/deepshelves/.build/S5SignedDerivedData/ModuleCache.noindex -serialize-diagnostics -emit-dependencies -emit-module -emit-module-path /Users/justinhou/Development/deepshelves/.build/S5SignedDerivedData/Build/Intermediates.noindex/LocalMemory.build/Release/LocalMemoryApp.build/Objects-normal/x86_64/Local_Memory.swiftmodule -validate-clang-modules-once -clang-build-session-file /Users/justinhou/Development/deepshelves/.build/S5SignedDerivedData/ModuleCache.noindex/Session.modulevalidation -Xcc -I/Users/justinhou/Development/deepshelves/.build/S5SignedDerivedData/Build/Intermediates.noindex/LocalMemory.build/Release/LocalMemoryApp.build/swift-overrides.hmap -emit-const-values -Xfrontend -const-gather-protocols-file -Xfrontend /Users/justinhou/Development/deepshelves/.build/S5SignedDerivedData/Build/Intermediates.noindex/LocalMemory.build/Release/LocalMemoryApp.build/Objects-normal/x86_64/LocalMemoryApp_const_extract_protocols.json -Xcc -iquote -Xcc /Users/justinhou/Development/deepshelves/.build/S5SignedDerivedData/Build/Intermediates.noindex/LocalMemory.build/Release/LocalMemoryApp.build/Local\ Memory-generated-files.hmap -Xcc -I/Users/justinhou/Development/deepshelves/.build/S5SignedDerivedData/Build/Intermediates.noindex/LocalMemory.build/Release/LocalMemoryApp.build/Local\ Memory-own-target-headers.hmap -Xcc -I/Users/justinhou/Development/deepshelves/.build/S5SignedDerivedData/Build/Intermediates.noindex/LocalMemory.build/Release/LocalMemoryApp.build/Local\ Memory-all-non-framework-target-headers.hmap -Xcc -ivfsoverlay -Xcc /Users/justinhou/Development/deepshelves/.build/S5SignedDerivedData/Build/Intermediates.noindex/LocalMemory.build/Release/LocalMemory-a2f6a35635c1f574034e85928886420d-VFS/all-product-headers.yaml -Xcc -iquote -Xcc /Users/justinhou/Development/deepshelves/.build/S5SignedDerivedData/Build/Intermediates.noindex/LocalMemory.build/Release/LocalMemoryApp.build/Local\ Memory-project-headers.hmap -Xcc -I/Users/justinhou/Development/deepshelves/.build/Dependencies/GRDB.swift-a285e4ca87ec6b3584c97b0ec25fc61fec02de60/Sources/GRDBSQLCipher/include -Xcc -I/Users/justinhou/Development/deepshelves/.build/S5SignedDerivedData/Build/Products/Release/include -Xcc -I/Users/justinhou/Development/deepshelves/.build/S5SignedDerivedData/Build/Intermediates.noindex/LocalMemory.build/Release/LocalMemoryApp.build/DerivedSources-normal/x86_64 -Xcc -I/Users/justinhou/Development/deepshelves/.build/S5SignedDerivedData/Build/Intermediates.noindex/LocalMemory.build/Release/LocalMemoryApp.build/DerivedSources/x86_64 -Xcc -I/Users/justinhou/Development/deepshelves/.build/S5SignedDerivedData/Build/Intermediates.noindex/LocalMemory.build/Release/LocalMemoryApp.build/DerivedSources -emit-objc-header -emit-objc-header-path /Users/justinhou/Development/deepshelves/.build/S5SignedDerivedData/Build/Intermediates.noindex/LocalMemory.build/Release/LocalMemoryApp.build/Objects-normal/x86_64/Local_Memory-Swift.h -working-directory /Users/justinhou/Development/deepshelves -no-emit-module-separately-wmo

Copy /Users/justinhou/Development/deepshelves/.build/S5SignedDerivedData/Build/Products/Release/Local_Memory.swiftmodule/x86_64-apple-macos.swiftmodule /Users/justinhou/Development/deepshelves/.build/S5SignedDerivedData/Build/Intermediates.noindex/LocalMemory.build/Release/LocalMemoryApp.build/Objects-normal/x86_64/Local_Memory.swiftmodule (in target 'LocalMemoryApp' from project 'LocalMemory')
    cd /Users/justinhou/Development/deepshelves
    builtin-copy -exclude .DS_Store -exclude CVS -exclude .svn -exclude .git -exclude .hg -resolve-src-symlinks -rename /Users/justinhou/Development/deepshelves/.build/S5SignedDerivedData/Build/Intermediates.noindex/LocalMemory.build/Release/LocalMemoryApp.build/Objects-normal/x86_64/Local_Memory.swiftmodule /Users/justinhou/Development/deepshelves/.build/S5SignedDerivedData/Build/Products/Release/Local_Memory.swiftmodule/x86_64-apple-macos.swiftmodule

Copy /Users/justinhou/Development/deepshelves/.build/S5SignedDerivedData/Build/Products/Release/Local_Memory.swiftmodule/x86_64-apple-macos.abi.json /Users/justinhou/Development/deepshelves/.build/S5SignedDerivedData/Build/Intermediates.noindex/LocalMemory.build/Release/LocalMemoryApp.build/Objects-normal/x86_64/Local_Memory.abi.json (in target 'LocalMemoryApp' from project 'LocalMemory')
    cd /Users/justinhou/Development/deepshelves
    builtin-copy -exclude .DS_Store -exclude CVS -exclude .svn -exclude .git -exclude .hg -resolve-src-symlinks -rename /Users/justinhou/Development/deepshelves/.build/S5SignedDerivedData/Build/Intermediates.noindex/LocalMemory.build/Release/LocalMemoryApp.build/Objects-normal/x86_64/Local_Memory.abi.json /Users/justinhou/Development/deepshelves/.build/S5SignedDerivedData/Build/Products/Release/Local_Memory.swiftmodule/x86_64-apple-macos.abi.json

Copy /Users/justinhou/Development/deepshelves/.build/S5SignedDerivedData/Build/Products/Release/Local_Memory.swiftmodule/Project/x86_64-apple-macos.swiftsourceinfo /Users/justinhou/Development/deepshelves/.build/S5SignedDerivedData/Build/Intermediates.noindex/LocalMemory.build/Release/LocalMemoryApp.build/Objects-normal/x86_64/Local_Memory.swiftsourceinfo (in target 'LocalMemoryApp' from project 'LocalMemory')
    cd /Users/justinhou/Development/deepshelves
    builtin-copy -exclude .DS_Store -exclude CVS -exclude .svn -exclude .git -exclude .hg -resolve-src-symlinks -rename /Users/justinhou/Development/deepshelves/.build/S5SignedDerivedData/Build/Intermediates.noindex/LocalMemory.build/Release/LocalMemoryApp.build/Objects-normal/x86_64/Local_Memory.swiftsourceinfo /Users/justinhou/Development/deepshelves/.build/S5SignedDerivedData/Build/Products/Release/Local_Memory.swiftmodule/Project/x86_64-apple-macos.swiftsourceinfo

SwiftDriverJobDiscovery normal arm64 Compiling CaptureSpikeHarness.swift, ContextSpikeHarness.swift, LM008ChildModes.swift, LocalMemoryApp.swift, S6SpikeHarness.swift, S7OfflineSpikeRunner.swift (in target 'LocalMemoryApp' from project 'LocalMemory')

SwiftDriver\ Compilation\ Requirements LocalMemoryApp normal arm64 com.apple.xcode.tools.swift.compiler (in target 'LocalMemoryApp' from project 'LocalMemory')
    cd /Users/justinhou/Development/deepshelves
    builtin-Swift-Compilation-Requirements -- /Applications/Xcode.app/Contents/Developer/Toolchains/XcodeDefault.xctoolchain/usr/bin/swiftc -module-name Local_Memory -O -whole-module-optimization @/Users/justinhou/Development/deepshelves/.build/S5SignedDerivedData/Build/Intermediates.noindex/LocalMemory.build/Release/LocalMemoryApp.build/Objects-normal/arm64/Local\ Memory.SwiftFileList -enable-experimental-feature DebugDescriptionMacro -sdk /Applications/Xcode.app/Contents/Developer/Platforms/MacOSX.platform/Developer/SDKs/MacOSX26.5.sdk -target arm64-apple-macos15.0 -g -module-cache-path /Users/justinhou/Development/deepshelves/.build/S5SignedDerivedData/ModuleCache.noindex -Xfrontend -serialize-debugging-options -warnings-as-errors -swift-version 6 -I /Users/justinhou/Development/deepshelves/.build/S5SignedDerivedData/Build/Products/Release -F /Users/justinhou/Development/deepshelves/.build/S5SignedDerivedData/Build/Products/Release/PackageFrameworks -F /Users/justinhou/Development/deepshelves/.build/S5SignedDerivedData/Build/Products/Release/PackageFrameworks -F /Users/justinhou/Development/deepshelves/.build/S5SignedDerivedData/Build/Products/Release/PackageFrameworks -F /Users/justinhou/Development/deepshelves/.build/S5SignedDerivedData/Build/Products/Release/PackageFrameworks -F /Users/justinhou/Development/deepshelves/.build/S5SignedDerivedData/Build/Products/Release/PackageFrameworks -F /Users/justinhou/Development/deepshelves/.build/S5SignedDerivedData/Build/Products/Release/PackageFrameworks -F /Users/justinhou/Development/deepshelves/.build/S5SignedDerivedData/Build/Products/Release/PackageFrameworks -F /Users/justinhou/Development/deepshelves/.build/S5SignedDerivedData/Build/Products/Release -c -num-threads 12 -Xcc -ivfsstatcache -Xcc /Users/justinhou/Development/deepshelves/.build/S5SignedDerivedData/SDKStatCaches.noindex/macosx26.5-25F70-e082c4a02f00227109f4ed75e425c832.sdkstatcache -output-file-map /Users/justinhou/Development/deepshelves/.build/S5SignedDerivedData/Build/Intermediates.noindex/LocalMemory.build/Release/LocalMemoryApp.build/Objects-normal/arm64/LocalMemoryApp-OutputFileMap.json -use-frontend-parseable-output -save-temps -no-color-diagnostics -explicit-module-build -module-cache-path /Users/justinhou/Development/deepshelves/.build/S5SignedDerivedData/Build/Intermediates.noindex/SwiftExplicitPrecompiledModules -clang-scanner-module-cache-path /Users/justinhou/Development/deepshelves/.build/S5SignedDerivedData/ModuleCache.noindex -sdk-module-cache-path /Users/justinhou/Development/deepshelves/.build/S5SignedDerivedData/ModuleCache.noindex -serialize-diagnostics -emit-dependencies -emit-module -emit-module-path /Users/justinhou/Development/deepshelves/.build/S5SignedDerivedData/Build/Intermediates.noindex/LocalMemory.build/Release/LocalMemoryApp.build/Objects-normal/arm64/Local_Memory.swiftmodule -validate-clang-modules-once -clang-build-session-file /Users/justinhou/Development/deepshelves/.build/S5SignedDerivedData/ModuleCache.noindex/Session.modulevalidation -Xcc -I/Users/justinhou/Development/deepshelves/.build/S5SignedDerivedData/Build/Intermediates.noindex/LocalMemory.build/Release/LocalMemoryApp.build/swift-overrides.hmap -emit-const-values -Xfrontend -const-gather-protocols-file -Xfrontend /Users/justinhou/Development/deepshelves/.build/S5SignedDerivedData/Build/Intermediates.noindex/LocalMemory.build/Release/LocalMemoryApp.build/Objects-normal/arm64/LocalMemoryApp_const_extract_protocols.json -Xcc -iquote -Xcc /Users/justinhou/Development/deepshelves/.build/S5SignedDerivedData/Build/Intermediates.noindex/LocalMemory.build/Release/LocalMemoryApp.build/Local\ Memory-generated-files.hmap -Xcc -I/Users/justinhou/Development/deepshelves/.build/S5SignedDerivedData/Build/Intermediates.noindex/LocalMemory.build/Release/LocalMemoryApp.build/Local\ Memory-own-target-headers.hmap -Xcc -I/Users/justinhou/Development/deepshelves/.build/S5SignedDerivedData/Build/Intermediates.noindex/LocalMemory.build/Release/LocalMemoryApp.build/Local\ Memory-all-non-framework-target-headers.hmap -Xcc -ivfsoverlay -Xcc /Users/justinhou/Development/deepshelves/.build/S5SignedDerivedData/Build/Intermediates.noindex/LocalMemory.build/Release/LocalMemory-a2f6a35635c1f574034e85928886420d-VFS/all-product-headers.yaml -Xcc -iquote -Xcc /Users/justinhou/Development/deepshelves/.build/S5SignedDerivedData/Build/Intermediates.noindex/LocalMemory.build/Release/LocalMemoryApp.build/Local\ Memory-project-headers.hmap -Xcc -I/Users/justinhou/Development/deepshelves/.build/Dependencies/GRDB.swift-a285e4ca87ec6b3584c97b0ec25fc61fec02de60/Sources/GRDBSQLCipher/include -Xcc -I/Users/justinhou/Development/deepshelves/.build/S5SignedDerivedData/Build/Products/Release/include -Xcc -I/Users/justinhou/Development/deepshelves/.build/S5SignedDerivedData/Build/Intermediates.noindex/LocalMemory.build/Release/LocalMemoryApp.build/DerivedSources-normal/arm64 -Xcc -I/Users/justinhou/Development/deepshelves/.build/S5SignedDerivedData/Build/Intermediates.noindex/LocalMemory.build/Release/LocalMemoryApp.build/DerivedSources/arm64 -Xcc -I/Users/justinhou/Development/deepshelves/.build/S5SignedDerivedData/Build/Intermediates.noindex/LocalMemory.build/Release/LocalMemoryApp.build/DerivedSources -emit-objc-header -emit-objc-header-path /Users/justinhou/Development/deepshelves/.build/S5SignedDerivedData/Build/Intermediates.noindex/LocalMemory.build/Release/LocalMemoryApp.build/Objects-normal/arm64/Local_Memory-Swift.h -working-directory /Users/justinhou/Development/deepshelves -no-emit-module-separately-wmo

Copy /Users/justinhou/Development/deepshelves/.build/S5SignedDerivedData/Build/Products/Release/Local_Memory.swiftmodule/arm64-apple-macos.abi.json /Users/justinhou/Development/deepshelves/.build/S5SignedDerivedData/Build/Intermediates.noindex/LocalMemory.build/Release/LocalMemoryApp.build/Objects-normal/arm64/Local_Memory.abi.json (in target 'LocalMemoryApp' from project 'LocalMemory')
    cd /Users/justinhou/Development/deepshelves
    builtin-copy -exclude .DS_Store -exclude CVS -exclude .svn -exclude .git -exclude .hg -resolve-src-symlinks -rename /Users/justinhou/Development/deepshelves/.build/S5SignedDerivedData/Build/Intermediates.noindex/LocalMemory.build/Release/LocalMemoryApp.build/Objects-normal/arm64/Local_Memory.abi.json /Users/justinhou/Development/deepshelves/.build/S5SignedDerivedData/Build/Products/Release/Local_Memory.swiftmodule/arm64-apple-macos.abi.json

Copy /Users/justinhou/Development/deepshelves/.build/S5SignedDerivedData/Build/Products/Release/Local_Memory.swiftmodule/Project/arm64-apple-macos.swiftsourceinfo /Users/justinhou/Development/deepshelves/.build/S5SignedDerivedData/Build/Intermediates.noindex/LocalMemory.build/Release/LocalMemoryApp.build/Objects-normal/arm64/Local_Memory.swiftsourceinfo (in target 'LocalMemoryApp' from project 'LocalMemory')
    cd /Users/justinhou/Development/deepshelves
    builtin-copy -exclude .DS_Store -exclude CVS -exclude .svn -exclude .git -exclude .hg -resolve-src-symlinks -rename /Users/justinhou/Development/deepshelves/.build/S5SignedDerivedData/Build/Intermediates.noindex/LocalMemory.build/Release/LocalMemoryApp.build/Objects-normal/arm64/Local_Memory.swiftsourceinfo /Users/justinhou/Development/deepshelves/.build/S5SignedDerivedData/Build/Products/Release/Local_Memory.swiftmodule/Project/arm64-apple-macos.swiftsourceinfo

Ld /Users/justinhou/Development/deepshelves/.build/S5SignedDerivedData/Build/Intermediates.noindex/LocalMemory.build/Release/LocalMemoryApp.build/Objects-normal/x86_64/Binary/Local\ Memory normal x86_64 (in target 'LocalMemoryApp' from project 'LocalMemory')
    cd /Users/justinhou/Development/deepshelves
    /Applications/Xcode.app/Contents/Developer/Toolchains/XcodeDefault.xctoolchain/usr/bin/clang -Xlinker -reproducible -target x86_64-apple-macos15.0 -isysroot /Applications/Xcode.app/Contents/Developer/Platforms/MacOSX.platform/Developer/SDKs/MacOSX26.5.sdk -Os -L/Users/justinhou/Development/deepshelves/.build/S5SignedDerivedData/Build/Intermediates.noindex/EagerLinkingTBDs/Release -L/Users/justinhou/Development/deepshelves/.build/S5SignedDerivedData/Build/Products/Release -F/Users/justinhou/Development/deepshelves/.build/S5SignedDerivedData/Build/Intermediates.noindex/EagerLinkingTBDs/Release -F/Users/justinhou/Development/deepshelves/.build/S5SignedDerivedData/Build/Products/Release/PackageFrameworks -F/Users/justinhou/Development/deepshelves/.build/S5SignedDerivedData/Build/Products/Release/PackageFrameworks -F/Users/justinhou/Development/deepshelves/.build/S5SignedDerivedData/Build/Products/Release/PackageFrameworks -F/Users/justinhou/Development/deepshelves/.build/S5SignedDerivedData/Build/Products/Release/PackageFrameworks -F/Users/justinhou/Development/deepshelves/.build/S5SignedDerivedData/Build/Products/Release/PackageFrameworks -F/Users/justinhou/Development/deepshelves/.build/S5SignedDerivedData/Build/Products/Release/PackageFrameworks -F/Users/justinhou/Development/deepshelves/.build/S5SignedDerivedData/Build/Products/Release/PackageFrameworks -F/Users/justinhou/Development/deepshelves/.build/S5SignedDerivedData/Build/Products/Release -filelist /Users/justinhou/Development/deepshelves/.build/S5SignedDerivedData/Build/Intermediates.noindex/LocalMemory.build/Release/LocalMemoryApp.build/Objects-normal/x86_64/Local\ Memory.LinkFileList -Xlinker -rpath -Xlinker /usr/lib/swift -Xlinker -rpath -Xlinker @executable_path/../Frameworks -Xlinker -object_path_lto -Xlinker /Users/justinhou/Development/deepshelves/.build/S5SignedDerivedData/Build/Intermediates.noindex/LocalMemory.build/Release/LocalMemoryApp.build/Objects-normal/x86_64/Local\ Memory_lto.o -Xlinker -dependency_info -Xlinker /Users/justinhou/Development/deepshelves/.build/S5SignedDerivedData/Build/Intermediates.noindex/LocalMemory.build/Release/LocalMemoryApp.build/Objects-normal/x86_64/Local\ Memory_dependency_info.dat -fobjc-link-runtime -L/Applications/Xcode.app/Contents/Developer/Toolchains/XcodeDefault.xctoolchain/usr/lib/swift/macosx -L/usr/lib/swift -Xlinker -add_ast_path -Xlinker /Users/justinhou/Development/deepshelves/.build/S5SignedDerivedData/Build/Intermediates.noindex/LocalMemory.build/Release/LocalMemoryApp.build/Objects-normal/x86_64/Local_Memory.swiftmodule @/Users/justinhou/Development/deepshelves/.build/S5SignedDerivedData/Build/Intermediates.noindex/LocalMemory.build/Release/LocalMemoryApp.build/Objects-normal/x86_64/Local_Memory-linker-args.resp -Wl,-no_warn_duplicate_libraries -Wl,-no_warn_duplicate_libraries -Wl,-no_warn_duplicate_libraries -Wl,-no_warn_duplicate_libraries -Wl,-no_warn_duplicate_libraries -Wl,-no_warn_duplicate_libraries -Wl,-no_warn_duplicate_libraries -framework SQLCipher -framework SQLCipher -Xlinker -no_adhoc_codesign -o /Users/justinhou/Development/deepshelves/.build/S5SignedDerivedData/Build/Intermediates.noindex/LocalMemory.build/Release/LocalMemoryApp.build/Objects-normal/x86_64/Binary/Local\ Memory -Xlinker -add_ast_path -Xlinker /Users/justinhou/Development/deepshelves/.build/S5SignedDerivedData/Build/Intermediates.noindex/MemoryCapture.build/Release/MemoryCapture.build/Objects-normal/x86_64/MemoryCapture.swiftmodule @/Users/justinhou/Development/deepshelves/.build/S5SignedDerivedData/Build/Intermediates.noindex/MemoryCapture.build/Release/MemoryCapture.build/Objects-normal/x86_64/MemoryCapture-linker-args.resp -Xlinker -add_ast_path -Xlinker /Users/justinhou/Development/deepshelves/.build/S5SignedDerivedData/Build/Intermediates.noindex/MemoryContracts.build/Release/MemoryContracts.build/Objects-normal/x86_64/MemoryContracts.swiftmodule @/Users/justinhou/Development/deepshelves/.build/S5SignedDerivedData/Build/Intermediates.noindex/MemoryContracts.build/Release/MemoryContracts.build/Objects-normal/x86_64/MemoryContracts-linker-args.resp -Xlinker -add_ast_path -Xlinker /Users/justinhou/Development/deepshelves/.build/S5SignedDerivedData/Build/Intermediates.noindex/MemoryDesignSystem.build/Release/MemoryDesignSystem.build/Objects-normal/x86_64/MemoryDesignSystem.swiftmodule @/Users/justinhou/Development/deepshelves/.build/S5SignedDerivedData/Build/Intermediates.noindex/MemoryDesignSystem.build/Release/MemoryDesignSystem.build/Objects-normal/x86_64/MemoryDesignSystem-linker-args.resp -Xlinker -add_ast_path -Xlinker /Users/justinhou/Development/deepshelves/.build/S5SignedDerivedData/Build/Intermediates.noindex/MemoryEnrichment.build/Release/MemoryEnrichment.build/Objects-normal/x86_64/MemoryEnrichment.swiftmodule @/Users/justinhou/Development/deepshelves/.build/S5SignedDerivedData/Build/Intermediates.noindex/MemoryEnrichment.build/Release/MemoryEnrichment.build/Objects-normal/x86_64/MemoryEnrichment-linker-args.resp -Xlinker -add_ast_path -Xlinker /Users/justinhou/Development/deepshelves/.build/S5SignedDerivedData/Build/Intermediates.noindex/MemoryStore.build/Release/MemoryStore.build/Objects-normal/x86_64/MemoryStore.swiftmodule @/Users/justinhou/Development/deepshelves/.build/S5SignedDerivedData/Build/Intermediates.noindex/MemoryStore.build/Release/MemoryStore.build/Objects-normal/x86_64/MemoryStore-linker-args.resp -Xlinker -add_ast_path -Xlinker /Users/justinhou/Development/deepshelves/.build/S5SignedDerivedData/Build/Intermediates.noindex/GRDB.build/Release/GRDB.build/Objects-normal/x86_64/GRDB.swiftmodule @/Users/justinhou/Development/deepshelves/.build/S5SignedDerivedData/Build/Intermediates.noindex/GRDB.build/Release/GRDB.build/Objects-normal/x86_64/GRDB-linker-args.resp

Ld /Users/justinhou/Development/deepshelves/.build/S5SignedDerivedData/Build/Intermediates.noindex/LocalMemory.build/Release/LocalMemoryApp.build/Objects-normal/arm64/Binary/Local\ Memory normal arm64 (in target 'LocalMemoryApp' from project 'LocalMemory')
    cd /Users/justinhou/Development/deepshelves
    /Applications/Xcode.app/Contents/Developer/Toolchains/XcodeDefault.xctoolchain/usr/bin/clang -Xlinker -reproducible -target arm64-apple-macos15.0 -isysroot /Applications/Xcode.app/Contents/Developer/Platforms/MacOSX.platform/Developer/SDKs/MacOSX26.5.sdk -Os -L/Users/justinhou/Development/deepshelves/.build/S5SignedDerivedData/Build/Intermediates.noindex/EagerLinkingTBDs/Release -L/Users/justinhou/Development/deepshelves/.build/S5SignedDerivedData/Build/Products/Release -F/Users/justinhou/Development/deepshelves/.build/S5SignedDerivedData/Build/Intermediates.noindex/EagerLinkingTBDs/Release -F/Users/justinhou/Development/deepshelves/.build/S5SignedDerivedData/Build/Products/Release/PackageFrameworks -F/Users/justinhou/Development/deepshelves/.build/S5SignedDerivedData/Build/Products/Release/PackageFrameworks -F/Users/justinhou/Development/deepshelves/.build/S5SignedDerivedData/Build/Products/Release/PackageFrameworks -F/Users/justinhou/Development/deepshelves/.build/S5SignedDerivedData/Build/Products/Release/PackageFrameworks -F/Users/justinhou/Development/deepshelves/.build/S5SignedDerivedData/Build/Products/Release/PackageFrameworks -F/Users/justinhou/Development/deepshelves/.build/S5SignedDerivedData/Build/Products/Release/PackageFrameworks -F/Users/justinhou/Development/deepshelves/.build/S5SignedDerivedData/Build/Products/Release/PackageFrameworks -F/Users/justinhou/Development/deepshelves/.build/S5SignedDerivedData/Build/Products/Release -filelist /Users/justinhou/Development/deepshelves/.build/S5SignedDerivedData/Build/Intermediates.noindex/LocalMemory.build/Release/LocalMemoryApp.build/Objects-normal/arm64/Local\ Memory.LinkFileList -Xlinker -rpath -Xlinker /usr/lib/swift -Xlinker -rpath -Xlinker @executable_path/../Frameworks -Xlinker -object_path_lto -Xlinker /Users/justinhou/Development/deepshelves/.build/S5SignedDerivedData/Build/Intermediates.noindex/LocalMemory.build/Release/LocalMemoryApp.build/Objects-normal/arm64/Local\ Memory_lto.o -Xlinker -dependency_info -Xlinker /Users/justinhou/Development/deepshelves/.build/S5SignedDerivedData/Build/Intermediates.noindex/LocalMemory.build/Release/LocalMemoryApp.build/Objects-normal/arm64/Local\ Memory_dependency_info.dat -fobjc-link-runtime -L/Applications/Xcode.app/Contents/Developer/Toolchains/XcodeDefault.xctoolchain/usr/lib/swift/macosx -L/usr/lib/swift -Xlinker -add_ast_path -Xlinker /Users/justinhou/Development/deepshelves/.build/S5SignedDerivedData/Build/Intermediates.noindex/LocalMemory.build/Release/LocalMemoryApp.build/Objects-normal/arm64/Local_Memory.swiftmodule @/Users/justinhou/Development/deepshelves/.build/S5SignedDerivedData/Build/Intermediates.noindex/LocalMemory.build/Release/LocalMemoryApp.build/Objects-normal/arm64/Local_Memory-linker-args.resp -Wl,-no_warn_duplicate_libraries -Wl,-no_warn_duplicate_libraries -Wl,-no_warn_duplicate_libraries -Wl,-no_warn_duplicate_libraries -Wl,-no_warn_duplicate_libraries -Wl,-no_warn_duplicate_libraries -Wl,-no_warn_duplicate_libraries -framework SQLCipher -framework SQLCipher -Xlinker -no_adhoc_codesign -o /Users/justinhou/Development/deepshelves/.build/S5SignedDerivedData/Build/Intermediates.noindex/LocalMemory.build/Release/LocalMemoryApp.build/Objects-normal/arm64/Binary/Local\ Memory -Xlinker -add_ast_path -Xlinker /Users/justinhou/Development/deepshelves/.build/S5SignedDerivedData/Build/Intermediates.noindex/MemoryCapture.build/Release/MemoryCapture.build/Objects-normal/arm64/MemoryCapture.swiftmodule @/Users/justinhou/Development/deepshelves/.build/S5SignedDerivedData/Build/Intermediates.noindex/MemoryCapture.build/Release/MemoryCapture.build/Objects-normal/arm64/MemoryCapture-linker-args.resp -Xlinker -add_ast_path -Xlinker /Users/justinhou/Development/deepshelves/.build/S5SignedDerivedData/Build/Intermediates.noindex/MemoryContracts.build/Release/MemoryContracts.build/Objects-normal/arm64/MemoryContracts.swiftmodule @/Users/justinhou/Development/deepshelves/.build/S5SignedDerivedData/Build/Intermediates.noindex/MemoryContracts.build/Release/MemoryContracts.build/Objects-normal/arm64/MemoryContracts-linker-args.resp -Xlinker -add_ast_path -Xlinker /Users/justinhou/Development/deepshelves/.build/S5SignedDerivedData/Build/Intermediates.noindex/MemoryDesignSystem.build/Release/MemoryDesignSystem.build/Objects-normal/arm64/MemoryDesignSystem.swiftmodule @/Users/justinhou/Development/deepshelves/.build/S5SignedDerivedData/Build/Intermediates.noindex/MemoryDesignSystem.build/Release/MemoryDesignSystem.build/Objects-normal/arm64/MemoryDesignSystem-linker-args.resp -Xlinker -add_ast_path -Xlinker /Users/justinhou/Development/deepshelves/.build/S5SignedDerivedData/Build/Intermediates.noindex/MemoryEnrichment.build/Release/MemoryEnrichment.build/Objects-normal/arm64/MemoryEnrichment.swiftmodule @/Users/justinhou/Development/deepshelves/.build/S5SignedDerivedData/Build/Intermediates.noindex/MemoryEnrichment.build/Release/MemoryEnrichment.build/Objects-normal/arm64/MemoryEnrichment-linker-args.resp -Xlinker -add_ast_path -Xlinker /Users/justinhou/Development/deepshelves/.build/S5SignedDerivedData/Build/Intermediates.noindex/MemoryStore.build/Release/MemoryStore.build/Objects-normal/arm64/MemoryStore.swiftmodule @/Users/justinhou/Development/deepshelves/.build/S5SignedDerivedData/Build/Intermediates.noindex/MemoryStore.build/Release/MemoryStore.build/Objects-normal/arm64/MemoryStore-linker-args.resp -Xlinker -add_ast_path -Xlinker /Users/justinhou/Development/deepshelves/.build/S5SignedDerivedData/Build/Intermediates.noindex/GRDB.build/Release/GRDB.build/Objects-normal/arm64/GRDB.swiftmodule @/Users/justinhou/Development/deepshelves/.build/S5SignedDerivedData/Build/Intermediates.noindex/GRDB.build/Release/GRDB.build/Objects-normal/arm64/GRDB-linker-args.resp

Copy /Users/justinhou/Development/deepshelves/.build/S5SignedDerivedData/Build/Products/Release/Local_Memory.swiftmodule/arm64-apple-macos.swiftmodule /Users/justinhou/Development/deepshelves/.build/S5SignedDerivedData/Build/Intermediates.noindex/LocalMemory.build/Release/LocalMemoryApp.build/Objects-normal/arm64/Local_Memory.swiftmodule (in target 'LocalMemoryApp' from project 'LocalMemory')
    cd /Users/justinhou/Development/deepshelves
    builtin-copy -exclude .DS_Store -exclude CVS -exclude .svn -exclude .git -exclude .hg -resolve-src-symlinks -rename /Users/justinhou/Development/deepshelves/.build/S5SignedDerivedData/Build/Intermediates.noindex/LocalMemory.build/Release/LocalMemoryApp.build/Objects-normal/arm64/Local_Memory.swiftmodule /Users/justinhou/Development/deepshelves/.build/S5SignedDerivedData/Build/Products/Release/Local_Memory.swiftmodule/arm64-apple-macos.swiftmodule

CreateUniversalBinary /Users/justinhou/Development/deepshelves/.build/S5SignedDerivedData/Build/Products/Release/Local\ Memory.app/Contents/MacOS/Local\ Memory normal arm64\ x86_64 (in target 'LocalMemoryApp' from project 'LocalMemory')
    cd /Users/justinhou/Development/deepshelves
    /Applications/Xcode.app/Contents/Developer/Toolchains/XcodeDefault.xctoolchain/usr/bin/lipo -create /Users/justinhou/Development/deepshelves/.build/S5SignedDerivedData/Build/Intermediates.noindex/LocalMemory.build/Release/LocalMemoryApp.build/Objects-normal/arm64/Binary/Local\ Memory /Users/justinhou/Development/deepshelves/.build/S5SignedDerivedData/Build/Intermediates.noindex/LocalMemory.build/Release/LocalMemoryApp.build/Objects-normal/x86_64/Binary/Local\ Memory -output /Users/justinhou/Development/deepshelves/.build/S5SignedDerivedData/Build/Products/Release/Local\ Memory.app/Contents/MacOS/Local\ Memory

ExtractAppIntentsMetadata (in target 'LocalMemoryApp' from project 'LocalMemory')
    cd /Users/justinhou/Development/deepshelves
    /Applications/Xcode.app/Contents/Developer/Toolchains/XcodeDefault.xctoolchain/usr/bin/appintentsmetadataprocessor --toolchain-dir /Applications/Xcode.app/Contents/Developer/Toolchains/XcodeDefault.xctoolchain --module-name Local_Memory --sdk-root /Applications/Xcode.app/Contents/Developer/Platforms/MacOSX.platform/Developer/SDKs/MacOSX26.5.sdk --xcode-version 17F42 --platform-family macOS --deployment-target 15.0 --bundle-identifier com.justinhou.deepshelves.localmemory --output /Users/justinhou/Development/deepshelves/.build/S5SignedDerivedData/Build/Products/Release/Local\ Memory.app/Contents/Resources --target-triple arm64-apple-macos15.0 --target-triple x86_64-apple-macos15.0 --binary-file /Users/justinhou/Development/deepshelves/.build/S5SignedDerivedData/Build/Products/Release/Local\ Memory.app/Contents/MacOS/Local\ Memory --dependency-file /Users/justinhou/Development/deepshelves/.build/S5SignedDerivedData/Build/Intermediates.noindex/LocalMemory.build/Release/LocalMemoryApp.build/Objects-normal/arm64/Local\ Memory_dependency_info.dat --dependency-file /Users/justinhou/Development/deepshelves/.build/S5SignedDerivedData/Build/Intermediates.noindex/LocalMemory.build/Release/LocalMemoryApp.build/Objects-normal/x86_64/Local\ Memory_dependency_info.dat --stringsdata-file /Users/justinhou/Development/deepshelves/.build/S5SignedDerivedData/Build/Intermediates.noindex/LocalMemory.build/Release/LocalMemoryApp.build/Objects-normal/arm64/ExtractedAppShortcutsMetadata.stringsdata --stringsdata-file /Users/justinhou/Development/deepshelves/.build/S5SignedDerivedData/Build/Intermediates.noindex/LocalMemory.build/Release/LocalMemoryApp.build/Objects-normal/x86_64/ExtractedAppShortcutsMetadata.stringsdata --source-file-list /Users/justinhou/Development/deepshelves/.build/S5SignedDerivedData/Build/Intermediates.noindex/LocalMemory.build/Release/LocalMemoryApp.build/Objects-normal/arm64/Local\ Memory.SwiftFileList --source-file-list /Users/justinhou/Development/deepshelves/.build/S5SignedDerivedData/Build/Intermediates.noindex/LocalMemory.build/Release/LocalMemoryApp.build/Objects-normal/x86_64/Local\ Memory.SwiftFileList --metadata-file-list /Users/justinhou/Development/deepshelves/.build/S5SignedDerivedData/Build/Intermediates.noindex/LocalMemory.build/Release/LocalMemoryApp.build/Local\ Memory.DependencyMetadataFileList --static-metadata-file-list /Users/justinhou/Development/deepshelves/.build/S5SignedDerivedData/Build/Intermediates.noindex/LocalMemory.build/Release/LocalMemoryApp.build/Local\ Memory.DependencyStaticMetadataFileList --swift-const-vals-list /Users/justinhou/Development/deepshelves/.build/S5SignedDerivedData/Build/Intermediates.noindex/LocalMemory.build/Release/LocalMemoryApp.build/Objects-normal/arm64/Local\ Memory.SwiftConstValuesFileList --swift-const-vals-list /Users/justinhou/Development/deepshelves/.build/S5SignedDerivedData/Build/Intermediates.noindex/LocalMemory.build/Release/LocalMemoryApp.build/Objects-normal/x86_64/Local\ Memory.SwiftConstValuesFileList --compile-time-extraction --deployment-aware-processing --validate-assistant-intents --no-app-shortcuts-localization
2026-08-28 00:40:46.011 appintentsmetadataprocessor[41190:23030860] Starting appintentsmetadataprocessor export
2026-08-28 00:40:46.015 appintentsmetadataprocessor[41190:23030860] warning: Metadata extraction skipped. No AppIntents.framework dependency found.

CopySwiftLibs /Users/justinhou/Development/deepshelves/.build/S5SignedDerivedData/Build/Products/Release/Local\ Memory.app (in target 'LocalMemoryApp' from project 'LocalMemory')
    cd /Users/justinhou/Development/deepshelves
    builtin-swiftStdLibTool --copy --verbose --sign 5F2CF76A05528002A43A04B748E50F81D795A4E9 --scan-executable /Users/justinhou/Development/deepshelves/.build/S5SignedDerivedData/Build/Products/Release/Local\ Memory.app/Contents/MacOS/Local\ Memory --scan-folder /Users/justinhou/Development/deepshelves/.build/S5SignedDerivedData/Build/Products/Release/Local\ Memory.app/Contents/Frameworks --scan-folder /Users/justinhou/Development/deepshelves/.build/S5SignedDerivedData/Build/Products/Release/Local\ Memory.app/Contents/PlugIns --scan-folder /Users/justinhou/Development/deepshelves/.build/S5SignedDerivedData/Build/Products/Release/Local\ Memory.app/Contents/Library/SystemExtensions --scan-folder /Users/justinhou/Development/deepshelves/.build/S5SignedDerivedData/Build/Products/Release/Local\ Memory.app/Contents/Extensions --platform macosx --toolchain /Applications/Xcode.app/Contents/Developer/Toolchains/XcodeDefault.xctoolchain --destination /Users/justinhou/Development/deepshelves/.build/S5SignedDerivedData/Build/Products/Release/Local\ Memory.app/Contents/Frameworks --strip-bitcode --strip-bitcode-tool /Applications/Xcode.app/Contents/Developer/Toolchains/XcodeDefault.xctoolchain/usr/bin/bitcode_strip --emit-dependency-info /Users/justinhou/Development/deepshelves/.build/S5SignedDerivedData/Build/Intermediates.noindex/LocalMemory.build/Release/LocalMemoryApp.build/SwiftStdLibToolInputDependencies.dep --filter-for-swift-os --back-deploy-swift-span

ProcessInfoPlistFile /Users/justinhou/Development/deepshelves/.build/S5SignedDerivedData/Build/Products/Release/Local\ Memory.app/Contents/Info.plist /Users/justinhou/Development/deepshelves/Apps/LocalMemoryApp/Info.plist (in target 'LocalMemoryApp' from project 'LocalMemory')
    cd /Users/justinhou/Development/deepshelves
    builtin-infoPlistUtility /Users/justinhou/Development/deepshelves/Apps/LocalMemoryApp/Info.plist -producttype com.apple.product-type.application -genpkginfo /Users/justinhou/Development/deepshelves/.build/S5SignedDerivedData/Build/Products/Release/Local\ Memory.app/Contents/PkgInfo -expandbuildsettings -platform macosx -scanforprivacyfile /Users/justinhou/Development/deepshelves/.build/S5SignedDerivedData/Build/Products/Release/Local\ Memory.app/Contents/Frameworks/SQLCipher.framework -scanforprivacyfile /Users/justinhou/Development/deepshelves/.build/S5SignedDerivedData/Build/Products/Release/Local\ Memory.app/Contents/Resources/GRDB_GRDB.bundle -scanforprivacyfile /Users/justinhou/Development/deepshelves/.build/S5SignedDerivedData/Build/Products/Release/Local\ Memory.app/Contents/Resources/MemoryEnrichment_MemoryEnrichment.bundle -o /Users/justinhou/Development/deepshelves/.build/S5SignedDerivedData/Build/Products/Release/Local\ Memory.app/Contents/Info.plist

GenerateDSYMFile /Users/justinhou/Development/deepshelves/.build/S5SignedDerivedData/Build/Products/Release/Local\ Memory.app.dSYM /Users/justinhou/Development/deepshelves/.build/S5SignedDerivedData/Build/Products/Release/Local\ Memory.app/Contents/MacOS/Local\ Memory (in target 'LocalMemoryApp' from project 'LocalMemory')
    cd /Users/justinhou/Development/deepshelves
    /Applications/Xcode.app/Contents/Developer/Toolchains/XcodeDefault.xctoolchain/usr/bin/dsymutil /Users/justinhou/Development/deepshelves/.build/S5SignedDerivedData/Build/Products/Release/Local\ Memory.app/Contents/MacOS/Local\ Memory -o /Users/justinhou/Development/deepshelves/.build/S5SignedDerivedData/Build/Products/Release/Local\ Memory.app.dSYM

CodeSign /Users/justinhou/Development/deepshelves/.build/S5SignedDerivedData/Build/Products/Release/Local\ Memory.app (in target 'LocalMemoryApp' from project 'LocalMemory')
    cd /Users/justinhou/Development/deepshelves

    Signing Identity:     "Apple Development: justin_hou25@icloud.com (K8SNDR5HV9)"
    Provisioning Profile: "Mac Team Provisioning Profile: com.justinhou.deepshelves.localmemory"
                          (df1a559d-5ee8-4e23-a735-ac82b10e7562)

    /usr/bin/codesign --force --sign 5F2CF76A05528002A43A04B748E50F81D795A4E9 -o runtime --entitlements /Users/justinhou/Development/deepshelves/.build/S5SignedDerivedData/Build/Intermediates.noindex/LocalMemory.build/Release/LocalMemoryApp.build/Local\ Memory.app.xcent --timestamp\=none --generate-entitlement-der /Users/justinhou/Development/deepshelves/.build/S5SignedDerivedData/Build/Products/Release/Local\ Memory.app

Validate /Users/justinhou/Development/deepshelves/.build/S5SignedDerivedData/Build/Products/Release/Local\ Memory.app (in target 'LocalMemoryApp' from project 'LocalMemory')
    cd /Users/justinhou/Development/deepshelves
    builtin-validationUtility /Users/justinhou/Development/deepshelves/.build/S5SignedDerivedData/Build/Products/Release/Local\ Memory.app -no-validate-extension -infoplist-subpath Contents/Info.plist

RegisterWithLaunchServices /Users/justinhou/Development/deepshelves/.build/S5SignedDerivedData/Build/Products/Release/Local\ Memory.app (in target 'LocalMemoryApp' from project 'LocalMemory')
    cd /Users/justinhou/Development/deepshelves
    /System/Library/Frameworks/CoreServices.framework/Versions/Current/Frameworks/LaunchServices.framework/Versions/Current/Support/lsregister -f -R -trusted /Users/justinhou/Development/deepshelves/.build/S5SignedDerivedData/Build/Products/Release/Local\ Memory.app

** BUILD SUCCEEDED **
